n	radius_squared	x	y
1	0/1	0	0
2	1/4	1/2	0
3	25/18	1/6	1/6
4	1/2	1/2	1/2
5	625/18	1/6	1/6
6	25/4	1/2	0
7	138125/242	9/22	5/22
8	5/2	1/2	1/2
9	4225/18	1/6	1/6
10	625/4	1/2	0
11	801125/242	5/22	3/22
12	25/2	1/2	1/2
13	1221025/98	1/14	1/14
14	15625/4	1/2	0
15	105625/18	1/6	1/6
16	65/2	1/2	1/2
17	185870425/578	9/34	1/34
18	4225/4	1/2	0
19	185870425/578	13/34	7/34
20	625/2	1/2	1/2
21	29641625/242	5/22	1/22
22	29641625/242	1/2	9/22
23	30525625/98	5/14	5/14
24	325/2	1/2	1/2
25	17850625/18	1/6	1/6
26	35409725/98	1/2	3/14
27	1221025/18	1/6	1/6
28	15625/2	1/2	1/2
29	3159797225/722	13/38	5/38
30	105625/4	1/2	0
31	763140625/98	3/14	3/14
32	1105/2	1/2	1/2
33	1346691125/162	7/18	1/6
34	11338095925/578	1/2	15/34
35	446265625/18	1/6	1/6
36	4225/2	1/2	1/2
37	3705203125/242	9/22	1/22
38	3705203125/242	1/2	7/22
39	1026882025/98	1/14	1/14
40	8125/2	1/2	1/2
41	2052543025/98	1/14	1/14
42	2640625/4	1/2	0
43	1215306625/242	3/22	1/22
44	9765625/2	1/2	1/2
45	30525625/18	1/6	1/6
46	885243125/98	1/2	1/14
47	132468422125/484	2/11	1/22
48	5525/2	1/2	1/2
49	175389495125/722	11/38	1/38
50	17850625/4	1/2	0
51	64411251125/722	5/38	1/38
52	1310159825/98	3/14	3/14
53	6076533125/242	7/22	1/22
54	1221025/4	1/2	0
55	69438470725/256	3/8	1/16
56	203125/2	1/2	1/2
57	167469252925/722	15/38	5/38
58	167469252925/722	7/38	7/38
59	399598746625/722	17/38	5/38
60	105625/2	1/2	1/2
61	837346264625/484	3/22	1/11
62	22131078125/98	1/2	5/14
63	763140625/18	1/6	1/6
64	27625/2	1/2	1/2
65	2160388179625/1058	7/46	3/46
66	25672050625/98	1/2	1/14
67	51313575625/98	5/14	5/14
68	51313575625/98	1/2	1/14
69	25672050625/98	5/14	5/14
70	446265625/4	1/2	0
71	8102935391525/1058	9/46	3/46
72	71825/2	1/2	1/2
73	12058230426125/1682	15/58	7/58
74	151913328125/242	3/22	3/22
75	5158830625/18	1/6	1/6
76	226017390625/242	9/22	9/22
77	785817263725/722	7/38	5/38
78	37994634925/98	1/2	5/14
79	2280063436625/722	17/38	9/38
80	138125/2	1/2	1/2
81	1026882025/18	1/6	1/6
82	59523747725/98	1/2	3/14
83	4186731323125/484	5/11	3/22
84	2640625/2	1/2	1/2
85	64411251125/242	9/22	3/22
86	64411251125/242	1/22	1/22
87	2846977299725/722	11/38	5/38
88	126953125/2	1/2	1/2
89	1735961768125/256	5/16	1/8
90	30525625/4	1/2	0
91	1735961768125/256	3/8	5/16
92	32753995625/98	1/14	1/14
93	641801265625/98	3/14	3/14
94	1282839390625/98	1/2	5/14
95	1282839390625/98	3/14	3/14
96	160225/2	1/2	1/2
97	26356735791425/1058	9/46	1/46
98	75418890625/4	1/2	0
99	1282839390625/64	1/8	0
100	17850625/2	1/2	1/2
101	7190969300125/722	13/38	11/38
102	3929086318625/722	13/38	7/38
103	3929086318625/722	17/38	9/38
104	69438470725/98	1/14	1/14
105	128970765625/18	1/6	1/6
106	322056255625/242	7/22	7/22
107	322056255625/242	3/22	1/22
108	1221025/2	1/2	1/2
109	128575962633625/1682	23/58	17/58
110	4235746714225/256	1/2	7/16
111	6228446453125/162	7/18	1/18
112	3453125/2	1/2	1/2
113	37518887457025/722	11/38	5/38
114	12225255463525/722	9/38	9/38
115	10215624428425/722	7/38	1/38
116	10215624428425/722	5/38	5/38
117	1405801492225/98	5/14	5/14
118	8145666758125/256	3/8	3/16
119	454719867850625/1922	21/62	1/62
120	1795625/2	1/2	1/2
121	7637512596025/98	5/14	5/14
122	8145666758125/256	3/16	1/8
123	1726188684025/98	1/14	1/14
124	818849890625/98	5/14	5/14
125	1490902050625/18	1/6	1/6
126	763140625/4	1/2	0
127	43399044203125/256	7/16	1/8
128	801125/2	1/2	1/2
129	4522155951625/242	7/22	5/22
130	82562341692025/722	9/38	7/38
131	74523817551625/484	3/22	1/11
132	1650390625/2	1/2	1/2
133	13350143275625/242	5/22	1/22
134	1488093693125/98	1/2	1/14
135	25672050625/18	1/6	1/6
136	1488093693125/98	5/14	5/14
137	642879813168125/1682	21/58	13/58
138	949865873125/98	1/2	3/14
139	1526424492393125/1682	17/58	15/58
140	446265625/2	1/2	1/2
141	959374490420125/1682	19/58	11/58
142	494279058883025/1058	1/2	19/46
143	494279058883025/1058	17/46	7/46
144	2082925/2	1/2	1/2
145	494279058883025/1058	21/46	9/46
146	494279058883025/1058	13/46	13/46
147	880250821107125/1682	25/58	11/58
148	9266713015625/242	1/2	3/22
149	8051406390625/242	7/22	5/22
150	5158830625/4	1/2	0
151	293377538813125/256	3/8	1/16
152	8051406390625/162	7/18	7/18
153	51078122142125/722	13/38	9/38
154	51078122142125/722	7/38	7/38
155	83695979711825/722	3/38	1/38
156	2013715651025/98	1/2	3/14
157	372619087758125/484	5/11	3/22
158	257647168338625/722	9/38	9/38
159	22610779758125/242	9/22	5/22
160	4005625/2	1/2	1/2
161	116726069288725/256	7/16	3/8
162	1026882025/4	1/2	0
163	116726069288725/256	7/16	1/8
164	2202378665825/98	3/14	3/14
165	105338160089825/144	5/12	1/3
166	203641668953125/256	1/8	1/16
167	2185791364771625/1682	21/58	3/58
168	44890625/2	1/2	1/2
169	556062330962125/484	7/22	1/11
170	3929086318625/242	5/22	3/22
171	5732601350125/242	9/22	3/22
172	3929086318625/242	1/2	1/22
173	173665615283225/722	9/38	3/38
174	207829342879925/722	3/38	3/38
175	637821086769425/722	11/38	9/38
176	2158203125/2	1/2	1/2
177	1803792666203125/722	7/38	5/38
178	105893667855625/256	1/2	3/16
179	491135789828125/722	13/38	5/38
180	30525625/2	1/2	1/2
181	4341640382080625/1024	15/32	1/8
182	105893667855625/256	3/16	0
183	4401254105535625/1682	15/58	5/58
184	1735961768125/98	5/14	5/14
185	4796872452100625/1682	27/58	17/58
186	23746646828125/98	1/2	1/14
187	333753581890625/242	5/22	3/22
188	37202342328125/98	3/14	3/14
189	641801265625/18	1/6	1/6
190	37202342328125/98	1/2	5/14
191	2662030314933925/1058	19/46	3/46
192	5928325/2	1/2	1/2
193	2662030314933925/1058	17/46	9/46
194	2662030314933925/1058	1/46	1/46
195	2345749485436825/1058	21/46	7/46
196	75418890625/2	1/2	1/2
197	15456239760207025/1458	23/54	11/54
198	476962890625/4	1/2	0
199	2953032929419625/722	13/38	11/38
200	303460625/2	1/2	1/2
201	43154717100625/98	5/14	5/14
202	812579530914125/722	11/38	11/38
203	190937814900625/98	3/14	3/14
204	286823301259625/722	1/2	7/38
205	286823301259625/722	9/38	5/38
206	381121372906625/722	3/38	3/38
207	35145037305625/98	3/14	3/14
208	53955078125/2	1/2	1/2
209	3124267735818125/484	5/11	7/22
210	128970765625/4	1/2	0
211	22729764353245625/1458	11/54	1/18
212	19645431593125/242	1/2	7/22
213	28663006750625/242	3/22	1/22
214	19645431593125/242	9/22	1/22
215	2780311654810625/484	3/11	3/22
216	35409725/2	1/2	1/2
217	12471868375461625/1682	23/58	13/58
218	427810418136725/256	7/16	1/8
219	11443260674392625/1682	25/58	5/58
220	278916015625/2	1/2	1/2
221	12471868375461625/1682	15/58	3/58
222	160527332558125/98	1/2	3/14
223	19157818432410125/1682	27/58	7/58
224	100140625/2	1/2	1/2
225	4338576555625/18	1/6	1/6
226	251487834138125/98	1/2	1/14
227	25527273812106625/1458	25/54	13/54
228	160527332558125/98	1/14	1/14
229	1088047736253725/722	11/38	3/38
230	745740583275025/722	1/38	1/38
231	745740583275025/722	17/38	13/38
232	1088047736253725/722	1/2	15/38
233	28180633321563125/1058	13/46	1/46
234	74507479087925/98	3/14	3/14
235	5032128994140625/242	7/22	1/22
236	594633673343125/256	7/16	3/8
237	40470068238705625/1922	23/62	11/62
238	12356976472075625/1058	11/46	7/46
239	12356976472075625/1058	13/46	1/46
240	52073125/2	1/2	1/2
241	40470068238705625/1922	27/62	13/62
242	221487865284725/98	1/2	1/14
243	1405801492225/18	1/6	1/6
244	221487865284725/98	5/14	5/14
245	58798776758223125/1922	23/62	9/62
246	63868981308925/98	1/2	5/14
247	38907086292934925/1682	23/58	17/58
248	43399044203125/98	3/14	3/14
249	42404352476569525/1682	23/58	9/58
250	1490902050625/4	1/2	0
251	65136582670194425/1682	19/58	17/58
252	763140625/2	1/2	1/2
253	7228810302507625/484	5/22	1/11
254	2647341696390625/256	1/16	0
255	239674265436125/242	7/22	1/22
256	29641625/2	1/2	1/2
257	23599380210468725/722	13/38	3/38
258	239674265436125/242	5/22	5/22
259	5036302843213525/722	5/38	1/38
260	6972900390625/2	1/2	1/2
261	15584773978587125/1058	9/46	7/46
262	8123096113127125/484	1/2	4/11
263	124559108655786025/1458	17/54	11/54
264	28056640625/2	1/2	1/2
265	13599340683774625/484	4/11	1/22
266	707557593608125/242	1/2	5/22
267	707557593608125/242	7/22	3/22
268	55059466645625/98	1/14	1/14
269	6384765267765625/722	9/38	3/38
270	25672050625/4	1/2	0
271	2918151732218125/256	3/16	1/8
272	55059466645625/98	1/2	3/14
273	2633454002245625/144	5/12	1/3
274	57216303371963125/1682	1/58	1/58
275	57216303371963125/1682	23/58	13/58
276	50342891275625/98	1/2	1/14
277	121761707585513125/1682	21/58	11/58
278	81546831685710625/1682	17/58	9/58
279	878625932640625/98	1/14	1/14
280	7586515625/2	1/2	1/2
281	421343429550389125/3698	5/86	1/86
282	1078867927515625/98	1/2	5/14
283	4773445372515625/98	1/14	1/14
284	3587025813607925/256	7/16	1/8
285	1078867927515625/98	3/14	3/14
286	36082371298460825/1058	1/2	15/46
287	36082371298460825/1058	11/46	9/46
288	77068225/2	1/2	1/2
289	36082371298460825/1058	19/46	5/46
290	36082371298460825/1058	3/46	3/46
291	43990836240589225/1058	15/46	7/46
292	3587025813607925/256	7/16	3/8
293	85384329647391125/1682	19/58	9/58
294	21796059390625/4	1/2	0
295	85384329647391125/1682	21/58	1/58
296	676470050140625/242	9/22	9/22
297	401125791015625/18	1/6	1/6
298	491135789828125/242	5/22	1/22
299	716575168765625/242	7/22	5/22
300	5158830625/2	1/2	1/2
301	140508909282015625/722	5/38	3/38
302	17896029867600625/256	1/2	7/16
303	51601463557515625/722	9/38	1/38
304	293377538813125/98	1/2	1/14
305	8453293950894325/722	15/38	5/38
306	4954577847786125/722	1/2	5/38
307	3728702916375125/722	3/38	1/38
308	3728702916375125/722	9/38	9/38
309	128720796884473625/722	5/38	1/38
310	8453293950894325/722	7/38	7/38
311	67996703418873125/484	2/11	1/22
312	701416015625/2	1/2	1/2
313	31772725539568325/722	15/38	7/38
314	6287195853453125/98	1/2	5/14
315	108464413890625/18	1/6	1/6
316	6287195853453125/98	3/14	3/14
317	36144051512538125/484	9/22	4/11
318	1198371327180625/242	9/22	9/22
319	66550757873348125/1058	15/46	3/46
320	148208125/2	1/2	1/2
321	1198371327180625/242	7/22	5/22
322	7120290226612225/256	1/2	1/16
323	36144051512538125/484	3/22	1/11
324	1026882025/2	1/2	1/2
325	325682913350972125/1682	23/58	13/58
326	7120290226612225/256	1/16	0
327	212021762382847625/1682	21/58	17/58
328	116726069288725/98	1/14	1/14
329	194535431464674625/1682	21/58	13/58
330	80606728515625/4	1/2	0
331	341009168096900225/1682	15/58	11/58
332	14865841833578125/256	3/16	1/8
333	5939511304650625/98	3/14	3/14
334	325682913350972125/1682	1/58	1/58
335	10156915781325625/64	3/8	0
336	1301828125/2	1/2	1/2
337	60610794074871625/484	3/22	1/11
338	62835043398720125/484	1/2	2/11
339	7293147190005625/98	5/14	5/14
340	286823301259625/242	9/22	5/22
341	556062330962125/242	9/22	5/22
342	349688682357625/242	5/22	3/22
343	62835043398720125/484	1/11	1/22
344	286823301259625/242	3/22	3/22
345	12677589915675425/722	17/38	7/38
346	12677589915675425/722	5/38	3/38
347	18496811516313325/722	9/38	1/38
348	37617111061266425/722	1/2	3/38
349	1659272797786930625/3698	31/86	3/86
350	37272551265625/4	1/2	0
351	3948896391660025/98	1/14	1/14
352	62587890625/2	1/2	1/2
353	2476145559774342625/2116	19/46	6/23
354	13786906247050625/144	5/12	1/3
355	201897903997577125/484	5/22	2/11
356	4341640382080625/144	5/12	1/3
357	52309987319890625/722	13/38	1/38
358	10695260453418125/256	3/8	3/16
359	35852912657453125/722	13/38	3/38
360	885243125/2	1/2	1/2
361	687991160057995625/1922	25/62	3/62
362	10695260453418125/256	3/16	1/8
363	3948896391660025/64	3/8	0
364	4341640382080625/144	1/3	1/12
365	426921648236955625/1682	19/58	15/58
366	3948896391660025/64	1/2	3/8
367	426921648236955625/1682	11/58	1/58
368	189219832725625/98	1/2	5/14
369	2363152308430225/98	5/14	5/14
370	522859097278968125/1682	27/58	27/58
371	714733995362993125/1682	19/58	17/58
372	1258572281890625/98	1/2	5/14
373	17688939840203125/242	9/22	7/22
374	17688939840203125/242	1/2	3/22
375	1253848624575625/18	1/6	1/6
376	1376486666140625/98	1/2	1/14
377	72953793305453125/256	1/8	1/16
378	641801265625/4	1/2	0
379	72953793305453125/256	3/8	1/16
380	1376486666140625/98	5/14	5/14
381	180411856492304125/1058	15/46	7/46
382	122889775142629625/484	9/22	2/11
383	298714713208569125/1058	11/46	5/46
384	243061325/2	1/2	1/2
385	449883123223833325/1058	17/46	7/46
386	122889775142629625/484	7/22	1/11
387	8537904570372125/162	1/6	1/18
388	122889775142629625/484	1/2	4/11
389	186343205198900425/722	7/38	1/38
390	219954181202946125/1058	1/2	17/46
391	939948399532971725/722	15/38	9/38
392	1282121140625/2	1/2	1/2
393	339748072733199325/1058	21/46	1/46
394	2117504847148362425/1458	1/2	25/54
395	11726770671999768125/3698	41/86	13/86
396	476962890625/2	1/2	1/2
397	3190909226513328125/1458	1/6	5/54
398	463626169918881125/722	1/2	5/38
399	49675883128600625/242	5/22	3/22
400	8800358125/2	1/2	1/2
401	398638179230890625/722	9/38	3/38
402	1596724532723125/98	1/2	3/14
403	108541009552015625/722	3/38	1/38
404	5537196632118125/98	3/14	3/14
405	35145037305625/18	1/6	1/6
406	5537196632118125/98	1/2	5/14
407	2476145559774342625/1444	17/38	7/19
408	1596724532723125/98	1/14	1/14
409	25527273812106625/722	3/38	1/38
410	25527273812106625/722	9/38	9/38
411	42266469754471625/722	17/38	7/38
412	68982968496099125/722	1/2	3/38
413	1060108811914238125/1682	25/58	3/58
414	1862686977198125/98	1/14	1/14
415	2309480256990798125/1682	13/58	9/58
416	1564697265625/2	1/2	1/2
417	5641527512475564125/3698	11/86	9/86
418	428024679807083125/484	7/22	3/11
419	463626169918881125/722	15/38	3/38
420	128970765625/2	1/2	1/2
421	7234429398351017525/3698	11/86	7/86
422	303053970374358125/484	4/11	1/22
423	6437978455413290825/3698	19/86	13/86
424	1434116506298125/242	1/22	1/22
425	314175216993600625/484	2/11	3/22
426	1748443411788125/242	9/22	1/22
427	2780311654810625/242	9/22	3/22
428	1434116506298125/242	9/22	3/22
429	2204787142264825625/1458	17/54	5/18
430	314175216993600625/484	5/22	0
431	303053970374358125/484	5/11	3/22
432	1310159825/2	1/2	1/2
433	1777720930748491625/1682	17/58	11/58
434	1858308387943782125/1682	27/58	27/58
435	3770191557117816025/1922	29/62	21/62
436	31230160523980925/256	5/16	1/8
437	1705045840484501125/1682	9/58	5/58
438	1109996285416084625/1682	17/58	11/58
439	1109996285416084625/1682	13/58	3/58
440	4741572265625/2	1/2	1/2
441	1359433652925317125/1682	13/58	7/58
442	1359433652925317125/1682	15/58	15/58
443	1858308387943782125/1682	17/58	3/58
444	8507948625580625/98	1/2	1/14
445	903601287813453125/484	5/11	7/22
446	1663768946833703125/1058	21/46	21/46
447	29959283179515625/242	9/22	3/22
448	3705203125/2	1/2	1/2
449	1663768946833703125/1058	17/46	15/46
450	4338576555625/4	1/2	0
451	903601287813453125/484	2/11	1/22
452	9305049863110625/98	1/14	1/14
453	2810007882440546125/1458	13/54	1/54
454	2476145559774342625/1458	23/54	5/54
455	413045432014388225/722	13/38	7/38
456	8507948625580625/98	5/14	5/14
457	2476145559774342625/1458	25/54	19/54
458	109892821361626225/722	1/2	1/38
459	2810007882440546125/1458	11/54	7/54
460	63387949578377125/722	3/38	3/38
461	63387949578377125/722	13/38	1/38
462	66370911911477225/722	1/2	11/38
463	109892821361626225/722	17/38	15/38
464	196936640261924225/722	17/38	17/38
465	12380727798871713125/3698	21/86	7/86
466	13912364227598110625/3698	37/86	25/86
467	12380727798871713125/3698	39/86	1/86
468	11924072265625/2	1/2	1/2
469	447859480478515625/242	7/22	1/22
470	306959868642578125/242	7/22	3/22
471	182328679750140625/98	3/14	3/14
472	22729764353245625/144	1/3	1/12
473	22934790840532845625/3698	39/86	17/86
474	690463169615805625/484	2/11	1/22
475	253922894533140625/64	1/8	0
476	89675645340198125/256	3/16	1/8
477	42689522851860625/162	7/18	1/18
478	902059282461520625/1058	15/46	15/46
479	3108118068203793125/1058	19/46	17/46
480	1926705625/2	1/2	1/2
481	902059282461520625/1058	9/46	1/46
482	902059282461520625/1058	21/46	3/46
483	1099770906014730625/1058	17/46	11/46
484	8195051015534825/98	1/14	1/14
485	206488416571754525/256	3/8	5/16
486	1405801492225/4	1/2	0
487	206488416571754525/256	5/16	1/8
488	8195051015534825/98	1/2	3/14
489	271877791191838325/144	1/6	1/12
490	6299061163890625/4	1/2	0
491	7914510993058353125/1682	21/58	19/58
492	3385056009373025/98	1/2	3/14
493	3773987370414687725/1682	15/58	3/58
494	3773987370414687725/1682	21/58	5/58
495	3773987370414687725/1682	23/58	13/58
496	4730495818140625/98	1/2	3/14
497	61938607862594328125/3698	39/86	33/86
498	344672656176265625/144	1/3	1/12
499	6318248519008859225/1682	19/58	7/58
500	1490902050625/2	1/2	1/2
501	10962641964753578125/1024	3/32	1/16
502	267381511335453125/256	1/8	1/16
503	1210341320855941625/484	4/11	1/22
504	22131078125/2	1/2	1/2
505	10587524235741812125/1458	7/54	5/54
506	267381511335453125/256	3/8	1/16
507	1137688500436860125/1058	13/46	11/46
508	108541009552015625/144	5/12	1/3
509	787940322973331125/484	5/11	5/22
510	17496221376837125/242	9/22	7/22
511	5641527512475564125/1458	17/54	5/18
512	1215306625/2	1/2	1/2
513	21331009623815125/242	7/22	1/22
514	2383537401257341225/722	1/2	17/38
515	787940322973331125/484	3/11	1/22
516	17496221376837125/242	1/2	3/22
517	536407533973086425/722	15/38	5/38
518	367650107554587325/722	15/38	1/38
519	367650107554587325/722	7/38	5/38
520	118539306640625/2	1/2	1/2
521	1210341320855941625/484	5/11	3/22
522	1698740363665996625/1058	1/2	5/46
523	28207637562377820625/3698	29/86	13/86
524	1112864167498416125/484	1/22	0
525	31346215614390625/18	1/6	1/6
526	28207637562377820625/3698	1/2	35/86
527	42118253346564143125/3698	25/86	7/86
528	813642578125/2	1/2	1/2
529	37481381418502035625/3698	31/86	13/86
530	1863109673677123625/484	2/11	1/22
531	16948040032281060625/1058	9/46	3/46
532	43161013210095625/242	3/22	3/22
533	62972625831123125/242	7/22	3/22
534	43161013210095625/242	9/22	5/22
535	7045814395442688125/1058	13/46	3/46
536	2918151732218125/98	5/14	5/14
537	466087864546890625/722	17/38	7/38
538	466087864546890625/722	5/38	3/38
539	680029835158578125/722	9/38	1/38
540	25672050625/2	1/2	1/2
541	17266703799534645625/1922	21/62	1/62
542	178007255665305625/256	1/2	5/16
543	36004279325392763125/1922	27/62	15/62
544	2918151732218125/98	1/2	1/14
545	8888604653742458125/1682	13/58	5/58
546	160640694136983125/144	1/6	1/12
547	6797168264626585625/1682	25/58	1/58
548	5549981427080423125/1682	13/58	5/58
549	5549981427080423125/1682	23/58	19/58
550	6797168264626585625/1682	9/58	9/58
551	9291541939718910625/1682	25/58	13/58
552	5487375149043125/98	3/14	3/14
553	8888604653742458125/1682	23/58	19/58
554	32189892277066454125/3698	19/86	15/86
555	36172146991755087625/3698	25/86	15/86
556	12150477921170883125/1682	1/2	1/58
557	36172146991755087625/3698	37/86	13/86
558	46567174429953125/98	5/14	5/14
559	32189892277066454125/3698	33/86	23/86
560	220008953125/2	1/2	1/2
561	1241897078215015625/242	7/22	3/22
562	36172146991755087625/3698	29/86	3/86
563	44536700273749477625/3698	15/86	5/86
564	39918113318078125/98	5/14	5/14
565	14050039412202730625/1458	11/54	1/6
566	138429915802953125/98	1/2	3/14
567	878625932640625/18	1/6	1/6
568	261852884393378525/256	5/16	1/8
569	12380727798871713125/1458	7/18	13/54
570	39918113318078125/98	1/2	1/14
571	14050039412202730625/1458	25/54	1/18
572	3563803479136259125/484	7/22	3/11
573	3211331045563013425/1058	17/46	5/46
574	3644319501144543325/1058	9/46	9/46
575	3644319501144543325/1058	15/46	11/46
576	3159797225/2	1/2	1/2
577	3644319501144543325/1058	19/46	13/46
578	3644319501144543325/1058	1/2	1/46
579	3211331045563013425/1058	9/46	7/46
580	3563803479136259125/484	5/22	2/11
581	12722265117461277625/1682	27/58	13/58
582	4267111115337154825/1058	15/46	15/46
583	9306891931565632625/1682	27/58	11/58
584	261852884393378525/256	3/8	5/16
585	8623817294386503625/1682	27/58	23/58
586	8623817294386503625/1682	7/58	7/58
587	13246894606841124125/1682	15/58	9/58
588	21796059390625/2	1/2	1/2
589	78347679344489409725/1458	25/54	5/18
590	12722265117461277625/1682	1/2	17/58
591	22690225415678361125/1682	23/58	5/58
592	68323475064203125/242	1/2	7/22
593	7576349259358953125/484	7/22	3/11
594	401125791015625/4	1/2	0
595	64211584297918890625/1458	7/54	1/54
596	35852912657453125/242	7/22	1/22
597	69507791370265625/242	7/22	1/22
598	43711085294703125/242	5/22	1/22
599	7854380424840015625/484	7/22	1/11
600	149606088125/2	1/2	1/2
601	83968994851124703125/1458	7/18	17/54
602	1807499016627663125/256	7/16	1/8
603	59078807710755625/98	3/14	3/14
604	3147689277008453125/722	1/2	9/38
605	3147689277008453125/722	17/38	1/38
606	98722409791500625/64	1/2	1/8
607	1017507615605430625/98	5/14	5/14
608	31978151730630625/98	3/14	3/14
609	98722409791500625/64	1/8	0
610	921409040647481425/722	1/2	17/38
611	25237237999697140625/484	5/11	3/22
612	59078807710755625/98	1/2	5/14
613	515650931004553825/722	11/38	9/38
614	331854559557386125/722	9/38	7/38
615	331854559557386125/722	11/38	3/38
616	801325712890625/2	1/2	1/2
617	35989054820964805625/1682	21/58	11/58
618	921409040647481425/722	15/38	11/38
619	49828189415185059125/1444	4/19	7/38
620	1530046205111872825/722	1/2	7/38
621	98722409791500625/98	5/14	5/14
622	9315548368385618125/484	5/22	2/11
623	163418822984668875325/3698	21/86	17/86
624	20341064453125/2	1/2	1/2
625	181213262425321645025/3698	19/86	9/86
626	4352863398920860525/722	15/38	15/38
627	109445633742025944025/3698	23/86	15/86
628	232626246577765625/98	5/14	5/14
629	122985299771967297925/3698	27/86	21/86
630	108464413890625/4	1/2	0
631	6051706604279708125/484	5/11	7/22
632	232626246577765625/98	1/2	1/14
633	151424780930748223925/3698	39/86	19/86
634	3939701614866655625/484	3/22	0
635	238205202850291760525/3698	15/86	11/86
636	87481106884185625/242	1/2	1/22
637	3939701614866655625/484	9/22	2/11
638	11247078080595833125/1058	19/46	19/46
639	106655048119075625/242	7/22	5/22
640	6076533125/2	1/2	1/2
641	11247078080595833125/1058	11/46	7/46
642	87481106884185625/242	5/22	3/22
643	3939701614866655625/484	7/22	1/11
644	519781186542692425/256	3/16	0
645	8493701818329983125/1058	13/46	5/46
646	719149312887834725/256	1/8	1/16
647	46260525602299625825/1922	21/62	7/62
648	37994634925/2	1/2	1/2
649	6051706604279708125/484	2/11	1/22
650	719149312887834725/256	3/8	1/16
651	112472652134199522425/1922	23/62	3/62
652	519781186542692425/256	1/2	3/16
653	31591242595044296125/1682	23/58	19/58
654	946884721047436925/144	5/12	1/6
655	309518194971792828125/3698	33/86	29/86
656	12723141552471025/98	1/2	1/14
657	18869936852073438625/1682	27/58	21/58
658	18869936852073438625/1682	3/58	1/58
659	18869936852073438625/1682	25/58	9/58
660	80606728515625/2	1/2	1/2
661	54183959875553340625/1682	25/58	23/58
662	23110372099730391125/1682	17/58	13/58
663	119347044066805140625/484	5/11	7/22
664	568244108831140625/144	5/12	1/3
665	44443023268712290625/1682	27/58	3/58
666	314794099146483125/98	1/14	1/14
667	3476230457396718125/242	3/22	1/22
668	2241891133504953125/256	3/8	1/16
669	27494272650368265625/1058	9/46	7/46
670	416433547034350625/64	1/2	1/8
671	22551482061538015625/1058	5/46	1/46
672	48167640625/2	1/2	1/2
673	52976083736305050425/1682	25/58	15/58
674	935786230827963125/98	1/2	5/14
675	5939511304650625/18	1/6	1/6
676	2241891133504953125/256	1/8	1/16
677	60411167698056222125/1458	5/18	11/54
678	269846446030208125/98	1/2	3/14
679	49828189415185059125/1458	17/54	5/18
680	25527273812106625/242	3/22	3/22
681	10619122334383701125/484	7/22	1/11
682	33919802188689625/242	9/22	7/22
683	60610794074871625/242	5/22	1/22
684	25527273812106625/242	9/22	5/22
685	44536700273749477625/1458	7/54	1/18
686	8608400945624657125/484	2/11	3/22
687	6849019730460493625/484	2/11	1/22
688	28969153427222125/242	1/2	5/22
689	1868177963147645825/722	7/38	5/38
690	1128305502495112825/722	1/2	9/38
691	1128305502495112825/722	13/38	11/38
692	1128305502495112825/722	17/38	1/38
693	24431207248673094025/722	3/38	1/38
694	1868177963147645825/722	1/2	13/38
695	187497826149923160625/3698	31/86	17/86
696	7260102434824420025/722	17/38	17/38
697	7021772344244599825/722	17/38	15/38
698	160949461385332270625/3698	33/86	11/86
699	160949461385332270625/3698	37/86	23/86
700	37272551265625/2	1/2	1/2
701	180860734958775438125/3698	25/86	23/86
702	10028144775390625/4	1/2	0
703	240321798506865993125/3698	9/86	1/86
704	2315751953125/2	1/2	1/2
705	18724551987197265625/242	9/22	5/22
706	222683501368747388125/3698	37/86	15/86
707	645911713626180925625/3698	41/86	19/86
708	841001281070088125/144	1/6	1/12
709	1042831038485341542125/5618	21/106	5/106
710	27660012847668066125/484	5/22	1/11
711	19857953462230203125/722	15/38	5/38
712	386405994005175625/144	5/12	0
713	68030184709264155625/1922	27/62	15/62
714	5283308719308953125/722	15/38	15/38
715	68030184709264155625/1922	17/62	13/62
716	780754013099523125/256	7/16	3/8
717	3190909226513328125/722	5/38	3/38
718	3190909226513328125/722	13/38	13/38
719	5283308719308953125/722	11/38	5/38
720	32753995625/2	1/2	1/2
721	47809141970460593125/1058	17/46	3/46
722	66735142525625575625/1922	11/62	11/62
723	94254788927945400625/1922	15/62	9/62
724	780754013099523125/256	7/16	1/8
725	68030184709264155625/1922	29/62	19/62
726	237656479450509925/98	1/2	3/14
727	68030184709264155625/1922	25/62	9/62
728	386405994005175625/144	1/12	0
729	2363152308430225/18	1/6	1/6
730	1180308834102299525/98	1/2	3/14
731	43119086471932518125/1682	21/58	7/58
732	237656479450509925/98	1/14	1/14
733	46534459657828163125/1682	15/58	9/58
734	63611325587306388125/1682	1/2	13/58
735	113451127078391805625/1682	21/58	3/58
736	21381841097995625/98	1/2	5/14
737	506524406083702170125/3698	39/86	7/86
738	125247072346801925/98	3/14	3/14
739	171016753538004894325/1682	23/58	13/58
740	3752768933354845625/64	1/2	3/8
741	279804448254500716625/3698	17/86	11/86
742	269899866015403346125/3698	19/86	1/86
743	250090701537208605125/3698	39/86	11/86
744	137184378726078125/98	1/14	1/14
745	250090701537208605125/3698	37/86	31/86
746	1079025330252390625/242	3/22	1/22
747	1574315645778078125/242	9/22	7/22
748	1079025330252390625/242	7/22	7/22
749	279804448254500716625/3698	19/86	7/86
750	1253848624575625/4	1/2	0
751	250090701537208605125/3698	23/86	9/86
752	72953793305453125/98	1/2	5/14
753	463282774978763481625/3698	31/86	13/86
754	4450181391632640625/256	7/16	0
755	431667594988366140625/1922	25/62	3/62
756	641801265625/2	1/2	1/2
757	431667594988366140625/1922	19/62	5/62
758	4450181391632640625/256	1/2	7/16
759	24801609309523550725/1058	15/46	5/46
760	72953793305453125/98	3/14	3/14
761	307038202836512551625/1458	25/54	5/18
762	16056655227815067125/1058	7/46	7/46
763	850308385226509257425/2116	7/23	13/46
764	13886544591117147625/484	7/22	0
765	623267033637165125/162	1/6	1/18
766	13886544591117147625/484	1/11	1/22
767	77829780317723165225/1058	11/46	5/46
768	12882250225/2	1/2	1/2
769	50482786532248182125/1058	19/46	5/46
770	13886544591117147625/484	5/11	9/22
771	16056655227815067125/1058	21/46	5/46
772	13886544591117147625/484	1/2	2/11
773	151424780930748223925/1458	7/18	19/54
774	623267033637165125/162	1/2	1/18
775	169415844011629201025/1458	23/54	7/18
776	19847078757004197725/722	1/2	15/38
777	13603053979519731025/722	17/38	13/38
778	13603053979519731025/722	1/38	1/38
779	19847078757004197725/722	11/38	3/38
780	2015168212890625/2	1/2	1/2
781	1086960061136559033125/3698	27/86	7/86
782	97725033451550990225/722	5/38	5/38
783	221017693892379041125/1058	21/46	19/46
784	37181513078125/2	1/2	1/2
785	818021489308956798125/3698	7/86	1/86
786	38391532218851523725/1058	1/2	17/46
787	818021489308956798125/3698	27/86	3/86
788	1001846543086250460625/3698	1/2	5/86
789	1221429347050360150625/3698	23/86	21/86
790	1086960061136559033125/3698	37/86	21/86
791	681022135840561792225/1458	17/54	11/54
792	13831923828125/2	1/2	1/2
793	428237502632206515625/1458	17/54	13/54
794	309518194971792828125/1458	1/2	7/54
795	128283900341040457325/1058	15/46	7/46
796	36973275987719085625/578	13/34	5/34
797	309518194971792828125/1458	11/54	1/18
798	2632821805815833125/242	1/2	3/22
799	146212015047745830625/1058	19/46	3/46
800	325613250625/2	1/2	1/2
801	2632821805815833125/242	9/22	7/22
802	40262456102319953125/722	17/38	17/38
803	116688275665071150625/484	3/22	1/11
804	84626400234325625/98	1/2	1/14
805	11560507197695828125/722	13/38	3/38
806	7923493697297140625/722	11/38	1/38
807	7923493697297140625/722	15/38	7/38
808	204876275388370625/98	1/2	1/14
809	5162210414293863125/256	7/16	3/8
810	35145037305625/4	1/2	0
811	5162210414293863125/256	7/16	1/8
812	204876275388370625/98	5/14	5/14
813	6796944779795958125/144	1/6	1/12
814	250090701537208605125/1444	13/38	5/19
815	3251179119983711866625/6962	13/118	1/118
816	84626400234325625/98	5/14	5/14
817	4607045203237407125/722	17/38	15/38
818	2578254655022769125/722	7/38	7/38
819	2476145559774342625/722	7/38	3/38
820	2476145559774342625/722	1/2	1/38
821	140878295676438685625/1682	13/58	1/58
822	4607045203237407125/722	1/2	1/38
823	94349684260367193125/1682	17/58	15/58
824	13313712919747131125/722	17/38	17/38
825	19008672966674126125/722	11/38	7/38
826	157956212975221480625/1682	1/2	19/58
827	233257505956070610625/1682	13/58	5/58
828	203032880514595625/98	1/2	1/14
829	269899866015403346125/1444	9/19	5/38
830	650235823996742373325/3698	27/86	13/86
831	497322607038414698125/1682	23/58	11/58
832	57893798828125/2	1/2	1/2
833	946572251053905607625/3698	35/86	23/86
834	547228168710129720125/3698	37/86	37/86
835	817490522013664980325/3698	13/86	11/86
836	18343430614290640625/144	5/12	1/3
837	2468060244787515625/98	3/14	3/14
838	83916336755317483625/722	13/38	9/38
839	614926498859836489625/3698	15/86	11/86
840	3740152203125/2	1/2	1/2
841	547228168710129720125/3698	27/86	17/86
842	614926498859836489625/3698	41/86	27/86
843	650235823996742373325/3698	23/86	5/86
844	41518393941287063125/484	2/11	1/22
845	757123904653741119625/3698	21/86	5/86
846	1476970192768890625/98	1/2	3/14
847	650235823996742373325/3698	31/86	25/86
848	144845767136110625/242	1/2	9/22
849	2468060244787515625/64	3/8	0
850	43042004728123285625/484	5/11	5/22
851	222683501368747388125/1458	13/54	11/54
852	127636369060533125/242	9/22	3/22
853	303053970374358125/242	9/22	7/22
854	169599010943448125/242	5/22	3/22
855	1476970192768890625/98	1/14	1/14
856	127636369060533125/242	1/22	1/22
857	249140947075925295625/1458	19/54	7/54
858	34245098652302468125/484	7/22	3/11
859	302055838490281110625/1458	23/54	11/54
860	5828916947112878125/256	3/8	3/16
861	687356816259206640625/1058	11/46	1/46
862	41518393941287063125/484	5/11	7/22
863	264880418681525252125/1682	15/58	9/58
864	53716552825/2	1/2	1/2
865	1154040141695857521625/3698	29/86	17/86
866	263957116671944923825/1922	11/62	7/62
867	89844567278921820625/484	5/22	1/11
868	5828916947112878125/256	3/16	1/8
869	2087004060324184860625/1458	17/54	13/54
870	321487351114274307625/1682	7/58	1/58
871	755531395568108940625/1682	13/58	9/58
872	1561080215780909525/144	1/6	1/12
873	4767090748041851685625/3698	19/86	7/86
874	158217162836615754625/1682	17/58	3/58
875	726640633433797272125/1682	23/58	13/58
876	6293998439903551325/144	1/6	1/12
877	112109624827024547125/1682	15/58	11/58
878	112109624827024547125/1682	23/58	7/58
879	120989595110353224125/1682	11/58	5/58
880	137505595703125/2	1/2	1/2
881	7364322282087205735625/5618	33/106	5/106
882	18330485947515625/4	1/2	0
883	202555614285872251625/1682	23/58	13/58
884	139108020937302015625/484	9/22	0
885	5627157583906050895625/5618	49/106	21/106
886	321487351114274307625/1682	5/58	5/58
887	151292665106992703125/484	5/22	1/11
888	927366400188288125/98	3/14	3/14
889	5214155192426707710625/5618	47/106	11/106
890	98492540371666390625/484	1/2	2/11
891	549141207900390625/18	1/6	1/6
892	762471651028075015625/1922	1/2	17/62
893	98492540371666390625/484	5/11	9/22
894	2187027672104640625/242	7/22	3/22
895	281176952014895828125/1058	11/46	9/46
896	151913328125/2	1/2	1/2
897	2666376202976890625/242	9/22	3/22
898	30083226207436650625/256	1/2	1/16
899	98492540371666390625/484	1/11	1/22
900	4338576555625/2	1/2	1/2
901	3682960818992868954125/3362	21/82	5/82
902	30083226207436650625/256	1/16	0
903	1145250782822116901125/2738	35/74	29/74
904	493167642744863125/98	5/14	5/14
905	151292665106992703125/484	9/22	3/11
906	250090701537208605125/1458	19/54	1/6
907	116464503249312765625/722	9/38	3/38
908	116464503249312765625/722	11/38	11/38
909	269899866015403346125/1458	11/54	1/54
910	56587224185971186825/722	1/2	13/38
911	250090701537208605125/1458	7/18	1/54
912	927366400188288125/98	1/2	5/14
913	250090701537208605125/1458	5/18	1/54
914	339231941689084939625/1458	1/2	1/54
915	276938363125248981325/722	17/38	7/38
916	19890600666454346725/722	9/38	9/38
917	736753688312317242125/2738	9/74	7/74
918	11978317528417258525/722	9/38	3/38
919	547228168710129720125/1444	9/19	9/38
920	6703462103059199725/722	1/2	17/38
921	5641527512475564125/722	9/38	1/38
922	5641527512475564125/722	15/38	3/38
923	6703462103059199725/722	15/38	11/38
924	13622537119140625/2	1/2	1/2
925	1584525055685394616625/2738	17/74	13/74
926	11978317528417258525/722	11/38	11/38
927	650235823996742373325/1444	15/38	4/19
928	38008771570551375425/722	1/2	9/38
929	727491565461701863225/1444	9/19	7/38
930	9057754739592203125/36	1/6	0
931	56587224185971186825/722	7/38	5/38
932	1250453507686043025625/3698	41/86	37/86
933	86905761434917953125/242	7/22	5/22
934	86905761434917953125/242	9/22	9/22
935	1943774264422858960625/3698	37/86	15/86
936	345798095703125/2	1/2	1/2
937	1399022241272503583125/3698	39/86	23/86
938	27319428309189453125/242	7/22	3/22
939	43442369606416015625/242	3/22	1/22
940	22408070410908203125/242	3/22	1/22
941	3566573693387051639825/3698	37/86	15/86
942	6746161150755203125/98	1/2	1/14
943	3173923378518752376725/3698	35/86	1/86
944	2295706199677808125/144	1/2	5/12
945	148487782616265625/18	1/6	1/6
946	23394655770699078125/98	1/2	3/14
947	2316413874893817408125/3698	41/86	23/86
948	6746161150755203125/98	5/14	5/14
949	2325575557858749379625/1444	15/38	6/19
950	10410838675858765625/64	1/2	3/8
951	253015733421626898125/484	9/22	3/11
952	6546322109834463125/256	7/16	1/8
953	1615563460935639288125/1458	7/18	13/54
954	3116335168185825625/162	5/18	5/18
955	1266252442354960523125/1458	25/54	19/54
956	69432722955585738125/484	5/22	0
957	80283276139075335625/1058	21/46	7/46
958	91107987528613583125/1058	17/46	9/46
959	91107987528613583125/1058	19/46	3/46
960	78994930625/2	1/2	1/2
961	313919924888583105625/1058	11/46	5/46
962	91107987528613583125/1058	1/46	1/46
963	3116335168185825625/162	7/18	1/18
964	91107987528613583125/1058	1/2	5/46
965	27259886467555737958625/8978	43/134	37/134
966	106677777883428870625/1058	17/46	17/46
967	1535191014182562758125/1458	25/54	13/54
968	434337703823345725/98	5/14	5/14
969	253015733421626898125/484	5/22	1/11
970	15073654409738080325/256	3/8	1/16
971	1462144477744593791525/1922	25/62	13/62
972	1405801492225/2	1/2	1/2
973	1462144477744593791525/1922	17/62	3/62
974	15073654409738080325/256	1/8	1/16
975	4023736534633306765625/3698	27/86	25/86
976	434337703823345725/98	1/2	1/14
977	4023736534633306765625/3698	31/86	7/86
978	16584545262702137825/144	5/12	1/3
979	4521518373969385953125/3698	17/86	3/86
980	6299061163890625/2	1/2	1/2
981	4521518373969385953125/3698	31/86	5/86
982	4023736534633306765625/3698	21/86	15/86
983	577759302493259778125/1682	27/58	7/58
984	368971105021659725/98	5/14	5/14
985	562324118191788471025/1682	17/58	3/58
986	411364623375200962025/1682	13/58	7/58
987	381172724411883460225/1682	11/58	9/58
988	381172724411883460225/1682	21/58	15/58
989	411364623375200962025/1682	21/58	3/58
990	67790258681640625/4	1/2	0
991	577759302493259778125/1682	9/58	1/58
992	534546027449890625/98	1/2	3/14
993	9724361434427309515625/3698	17/86	11/86
994	688689088571965655525/1682	11/58	5/58
995	7010427570649781890625/1458	13/54	1/6
996	21025032026752203125/144	5/12	1/6
997	517060532137795017125/484	2/11	1/22
998	1093056993788532645925/1682	1/2	5/58
999	16684087254763605625/98	5/14	5/14
1000	43236159468125/2	1/2	1/2
1001	1700754617731603890625/1922	29/62	21/62
1002	142525448753265443125/162	7/18	5/18
1003	1700754617731603890625/1922	17/62	1/62
1004	19518850327488078125/256	3/16	1/8
1005	17073775428408375625/64	3/8	0
1006	165816760957264002625/484	2/11	1/22
1007	1195228549261514828125/1058	15/46	7/46
1008	818849890625/2	1/2	1/2
1009	1195228549261514828125/1058	9/46	3/46
1010	28530776429743680625/64	1/2	1/8
1011	191957661094257618625/1058	15/46	1/46
1012	19518850327488078125/256	3/8	3/16
1013	1196390238638824770125/1458	7/18	19/54
1014	124008046547617753625/1058	21/46	21/46
1015	117403108123026337625/484	3/22	1/11
1016	9660149850129390625/144	5/12	0
1017	9984318503117700625/98	3/14	3/14
1018	89037256495986417125/484	1/22	0
1019	1848638747317907228125/1458	23/54	17/54
1020	1557163702538504125/242	1/2	3/22
1021	89037256495986417125/484	3/11	3/22
1022	637492608909738746125/1458	19/54	7/54
1023	2069107933510067125/242	3/22	1/22
1024	64411251125/2	1/2	1/2
1025	547228168710129720125/1458	7/18	13/54
1026	1557163702538504125/242	9/22	7/22
1027	89037256495986417125/484	4/11	5/22
1028	757123904653741119625/1458	25/54	19/54
1029	114906538544122872625/1058	13/46	7/46
1030	89037256495986417125/484	1/2	5/11
1031	259805576737050193525/722	13/38	1/38
1032	1140696269109528625/162	1/18	1/18
1033	117403108123026337625/484	9/22	4/11
1034	54177160931281728925/722	3/38	3/38
1035	415330523227442598425/722	13/38	1/38
1036	32720859572358271925/722	11/38	9/38
1037	32720859572358271925/722	7/38	1/38
1038	32720859572358271925/722	5/38	5/38
1039	54177160931281728925/722	13/38	1/38
1040	3437639892578125/2	1/2	1/2
1041	605974042085940840325/722	9/38	5/38
1042	165816760957264002625/484	5/11	7/22
1043	4085470574616721883125/3698	25/86	9/86
1044	259805576737050193525/722	3/38	3/38
1045	3074632494299182448125/3698	41/86	7/86
1046	2736140843550648600625/3698	35/86	9/86
1047	2736140843550648600625/3698	31/86	1/86
1048	174719674297251331625/484	1/2	3/11
1049	3187463044548693730625/3698	21/86	13/86
1050	31346215614390625/4	1/2	0
1051	517060532137795017125/484	5/11	7/22
1052	67228985260974265625/98	1/14	1/14
1053	46916838029312757025/98	3/14	3/14
1054	5884576882704819593125/3698	35/86	33/86
1055	3785619523268705598125/3698	39/86	11/86
1056	30104775390625/2	1/2	1/2
1057	4085470574616721883125/3698	37/86	5/86
1058	5884576882704819593125/3698	1/2	11/86
1059	6612565775410570470625/3698	27/86	13/86
1060	292508218767308409125/484	9/22	3/11
1061	25434752279255350048225/5618	7/106	3/106
1062	51301078145275375625/144	5/12	1/3
1063	2454679825497365123125/1058	9/46	7/46
1064	3150753964336980625/242	1/2	7/22
1065	627077481194399243125/1058	11/46	9/46
1066	3841330175698510625/242	9/22	5/22
1067	6108344705618943125/242	9/22	1/22
1068	3150753964336980625/242	9/22	1/22
1069	1643959883131262880625/1058	21/46	3/46
1070	627077481194399243125/1058	3/46	3/46
1071	1022738416123270673125/484	9/22	4/11
1072	318078538811775625/98	1/2	5/14
1073	68683013351016390625/722	7/38	5/38
1074	41481819944673265625/722	1/2	9/38
1075	41481819944673265625/722	13/38	11/38
1076	12994529663567310625/256	1/2	1/16
1077	2811816303354988060625/1922	15/62	9/62
1078	17978732822195868125/256	5/16	1/8
1079	1156513140057490645625/1922	29/62	1/62
1080	949865873125/2	1/2	1/2
1081	258153395008992640625/722	17/38	15/38
1082	17978732822195868125/256	3/8	5/16
1083	2811816303354988060625/1922	7/62	3/62
1084	12994529663567310625/256	1/16	0
1085	10657900132132331229125/3698	31/86	5/86
1086	23672118026185923125/144	5/12	1/6
1087	8343258211594308835625/1922	23/62	3/62
1088	318078538811775625/98	3/14	3/14
1089	8793289739668867225/98	3/14	3/14
1090	484580922909776647825/256	1/2	7/16
1091	34262426110597578902125/6962	13/118	5/118
1092	14297021778191498125/144	1/2	1/12
1093	1607436755571371538125/1682	19/58	11/58
1094	1012778071429361258125/1682	11/58	11/58
1095	14693843473366953025/64	1/8	0
1096	604947975551766120625/1682	1/2	11/58
1097	560548124135122735625/1682	9/58	5/58
1098	8793289739668867225/98	1/2	5/14
1099	1094515989486177480625/1682	13/58	9/58
1100	23295344541015625/2	1/2	1/2
1101	5652049854740914475825/3698	39/86	15/86
1102	1607436755571371538125/1682	3/58	3/58
1103	1324402093407626260625/1682	19/58	3/58
1104	620073391841873125/98	3/14	3/14
1105	8338172557984121355425/3698	29/86	5/86
1106	1324402093407626260625/1682	1/2	15/58
1107	6638094834380502025/98	1/14	1/14
1108	3251179119983711866625/3698	3/86	3/86
1109	2102032680362562780625/1682	27/58	13/58
1110	4854500329838693061125/3698	39/86	31/86
1111	6099736971948115622425/3698	29/86	23/86
1112	96033254392462765625/144	1/3	1/12
1113	3637457827308509316125/3698	39/86	5/86
1114	4087452610068324901625/3698	1/2	17/86
1115	3508698258200243499625/3698	35/86	27/86
1116	5075822012864890625/98	1/2	5/14
1117	3251179119983711866625/3698	25/86	9/86
1118	4087452610068324901625/3698	35/86	15/86
1119	65820545145395828125/242	9/22	1/22
1120	8140331265625/2	1/2	1/2
1121	10942493154144422411125/3698	39/86	33/86
1122	65820545145395828125/242	1/2	7/22
1123	5053813087499433297625/3698	31/86	15/86
1124	5451977293511147591725/3698	15/86	1/86
1125	1716518767044030625/18	1/6	1/6
1126	3683768441561586210625/2738	1/2	13/74
1127	6992261942978667987125/3698	35/86	23/86
1128	2115660005858140625/98	3/14	3/14
1129	3100439519057175173125/1458	23/54	13/54
1130	70377269448805255625/64	1/2	3/8
1131	169923619494898953125/144	1/6	1/12
1132	5121906884709265625/98	3/14	3/14
1133	129055260357346578125/256	3/16	1/8
1134	878625932640625/4	1/2	0
1135	129055260357346578125/256	3/8	3/16
1136	5121906884709265625/98	1/2	5/14
1137	1250453507686043025625/1458	7/54	1/54
1138	1349499330077016730625/1458	13/54	1/18
1139	1349499330077016730625/1458	5/18	13/54
1140	2115660005858140625/98	1/2	5/14
1141	1531454295930097638125/1458	11/54	1/6
1142	1250453507686043025625/1458	23/54	13/54
1143	465115111571749875925/1058	9/46	5/46
1144	123608881260717653125/578	15/34	11/34
1145	5726253914110584505625/2738	33/74	19/74
1146	311499111419612302225/1058	1/2	11/46
1147	23465606318103626691625/2738	9/74	5/74
1148	388454579225852244625/484	4/11	7/22
1149	311499111419612302225/1058	21/46	5/46
1150	615889995693427821925/1058	1/2	13/46
1151	615889995693427821925/1058	17/46	15/46
1152	167469252925/2	1/2	1/2
1153	615889995693427821925/1058	11/46	5/46
1154	615889995693427821925/1058	21/46	21/46
1155	311499111419612302225/1058	19/46	17/46
1156	388454579225852244625/484	2/11	3/22
1157	4391318646991698493825/1458	25/54	13/54
1158	311499111419612302225/1058	7/46	7/46
1159	21675055324898336544625/3698	5/86	3/86
1160	123608881260717653125/578	7/34	5/34
1161	465115111571749875925/1058	13/46	11/46
1162	2200951865320801029125/1682	1/2	1/58
1163	6268386228430280437925/1458	5/54	1/18
1164	596698271181979221125/484	9/22	4/11
1165	1386726897803279261125/1682	21/58	1/58
1166	557725213160308972025/722	15/38	3/38
1167	557725213160308972025/722	9/38	1/38
1168	10376592022543692725/144	5/12	1/6
1169	939996085088128895125/1682	27/58	21/58
1170	1694756467041015625/4	1/2	0
1171	939996085088128895125/1682	25/58	9/58
1172	939996085088128895125/1682	11/58	11/58
1173	6316183967539930134625/1682	19/58	7/58
1174	1386726897803279261125/1682	25/58	7/58
1175	53351180789132757480625/5618	17/106	5/106
1176	632085722328125/2	1/2	1/2
1177	30266795104431401530625/3698	11/86	3/86
1178	2200951865320801029125/1682	11/58	5/58
1179	6055884812651185726825/1058	15/46	1/46
1180	2199208571910973767625/784	2/7	5/28
1181	2246114181973045515625/484	5/11	3/22
1182	33431936233794772968125/5618	43/106	11/106
1183	33431936233794772968125/5618	15/106	7/106
1184	4811657332946140625/162	1/2	1/18
1185	2695547790111992271625/1682	21/58	11/58
1186	1037959848532176578125/484	9/22	3/11
1187	53351180789132757480625/5618	47/106	15/106
1188	401125791015625/2	1/2	1/2
1189	13467953623406863953125/1458	5/18	7/54
1190	856127466307561703125/484	9/22	4/11
1191	8144992500559096203125/1458	13/54	1/18
1192	3190909226513328125/242	5/22	5/22
1193	1327390291797962640625/484	4/11	7/22
1194	4239975273586203125/242	7/22	3/22
1195	7576349259358953125/242	9/22	1/22
1196	3190909226513328125/242	7/22	1/22
1197	93788881705537793125/162	7/18	1/18
1198	1981824243567960813125/1058	3/46	3/46
1199	856127466307561703125/484	3/22	1/11
1200	5535425260625/2	1/2	1/2
1201	1981824243567960813125/1058	11/46	9/46
1202	1981824243567960813125/1058	19/46	5/46
1203	2416196680514363183125/1058	15/46	7/46
1204	131947428213819408125/256	5/16	1/8
1205	11497101215865642300625/1922	21/62	9/62
1206	3131176808670048125/98	1/14	1/14
1207	11497101215865642300625/1922	27/62	17/62
1208	65302612986874680625/144	5/12	0
1209	229781317221617078125/722	15/38	11/38
1210	229781317221617078125/722	13/38	5/38
1211	335254708733179015625/722	11/38	5/38
1212	5941411986262748125/98	5/14	5/14
1213	13943130329007724300625/1922	13/62	1/62
1214	29507720852557488125/98	1/2	1/14
1215	59078807710755625/18	1/6	1/6
1216	3613531145561260625/98	3/14	3/14
1217	9338535364132955775925/1444	9/19	13/38
1218	5941411986262748125/98	1/2	1/14
1219	4588297722261856884125/1444	13/38	4/19
1220	166775036357194137925/722	1/38	1/38
1221	4756675620326512182625/1444	6/19	3/38
1222	4777505875757191188625/1444	7/38	1/19
1223	126233038568704955225/722	11/38	3/38
1224	3131176808670048125/98	1/2	3/14
1225	55270045039723101732625/6962	7/118	3/118
1226	56205951479496366925/722	1/2	15/38
1227	836299017358425141625/722	11/38	9/38
1228	32189892277066454125/722	15/38	15/38
1229	32189892277066454125/722	11/38	5/38
1230	33517310515295998625/722	1/2	1/38
1231	56205951479496366925/722	11/38	3/38
1232	23238445673828125/2	1/2	1/2
1233	1384691815626244906625/722	13/38	1/38
1234	3490938317633586145625/1682	15/58	1/58
1235	3490938317633586145625/1682	25/58	23/58
1236	126233038568704955225/722	1/2	15/38
1237	4777505875757191188625/1444	17/38	6/19
1238	5451977293511147591725/1444	1/2	2/19
1239	4588297722261856884125/1444	11/38	3/19
1240	295298917586591455225/722	11/38	11/38
1241	6099736971948115622425/1444	9/19	3/38
1242	10760742667273568125/98	1/2	5/14
1243	89988254428852537216225/6962	47/118	5/118
1244	735633914417625428725/722	11/38	9/38
1245	21956593234958492469125/3698	31/86	13/86
1246	7048003717701202842625/1444	17/38	3/19
1247	20427352873083609415625/3698	29/86	25/86
1248	752619384765625/2	1/2	1/2
1249	16505301121451556407825/3698	31/86	23/86
1250	1054486693268100625/4	1/2	0
1251	21956593234958492469125/3698	21/86	1/86
1252	787868275204675755025/722	1/2	15/38
1253	11054009007944620346525/3698	41/86	13/86
1254	11054009007944620346525/3698	9/86	7/86
1255	12367356612848931674825/3698	23/86	7/86
1256	12329191068621578125/98	3/14	3/14
1257	11929574077880827898725/3698	17/86	5/86
1258	752080655185916265625/256	1/2	5/16
1259	15373162471495912240625/3698	27/86	3/86
1260	108464413890625/2	1/2	1/2
1261	17832868466935258199125/3698	41/86	21/86
1262	829083804786320013125/484	7/22	3/11
1263	18856838895905528826425/3698	19/86	15/86
1264	12329191068621578125/98	1/2	5/14
1265	20427352873083609415625/3698	37/86	21/86
1266	3207097508526011433125/1058	15/46	1/46
1267	21956593234958492469125/3698	33/86	27/86
1268	539739121236731820625/484	1/2	5/11
1269	26948249508857540280625/1936	3/11	3/44
1270	21956593234958492469125/3698	29/86	17/86
1271	587015540615131688125/484	4/11	1/22
1272	5703481345547643125/162	1/2	1/18
1273	5134949254334778880625/1458	5/54	1/18
1274	445186282479932085625/484	7/22	0
1275	620040232738088768125/1058	21/46	17/46
1276	3446371862646899070625/1922	21/62	1/62
1277	445186282479932085625/484	1/11	1/22
1278	7785818512692520625/242	5/22	3/22
1279	1945744507943079130625/1058	21/46	9/46
1280	322056255625/2	1/2	1/2
1281	10345539667550335625/242	7/22	1/22
1282	1945744507943079130625/1058	1/2	19/46
1283	445186282479932085625/484	5/11	9/22
1284	7785818512692520625/242	1/2	1/22
1285	10482823116129919855625/1458	5/54	1/18
1286	445186282479932085625/484	1/2	2/11
1287	6165975561662188722125/1058	13/46	3/46
1288	46260525602299625825/256	1/2	1/16
1289	587015540615131688125/484	5/11	3/22
1290	959788305471288093125/1058	1/2	7/46
1291	6337692007515048738025/1922	13/62	1/62
1292	52497899840811934925/256	3/16	1/8
1293	3207097508526011433125/1058	17/46	11/46
1294	4487270983423063705025/1922	1/2	21/62
1295	9798409388096748128125/1024	11/32	1/16
1296	1557780031925/2	1/2	1/2
1297	31261337692151075640625/3698	39/86	9/86
1298	829083804786320013125/484	5/22	2/11
1299	34975556031812589578125/3698	29/86	23/86
1300	52497899840811934925/256	3/8	3/16
1301	6337692007515048738025/1922	11/62	7/62
1302	7754017764982623428125/882	5/42	1/42
1303	6337692007515048738025/1922	21/62	15/62
1304	46260525602299625825/256	1/16	0
1305	31261337692151075640625/3698	25/86	17/86
1306	5465284968942663229625/1682	1/2	3/58
1307	2585302660688975085625/484	5/22	2/11
1308	57759967983893652425/144	1/3	1/12
1309	37224365062672997785225/1922	17/62	9/62
1310	3443445442859828277625/1682	5/58	3/58
1311	63315550760462771265625/3698	39/86	5/86
1312	1437714995429225825/98	1/2	1/14
1313	3955429070915393865625/1682	5/58	1/58
1314	2811620590958942355125/1682	7/58	7/58
1315	2056823116876004810125/1682	25/58	1/58
1316	1905863622059417301125/1682	9/58	1/58
1317	1905863622059417301125/1682	17/58	5/58
1318	2056823116876004810125/1682	9/58	9/58
1319	2811620590958942355125/1682	25/58	13/58
1320	2337595126953125/2	1/2	1/2
1321	3443445442859828277625/1682	21/58	17/58
1322	22836298091652630816725/1682	15/58	13/58
1323	25094435262148890625/18	1/6	1/6
1324	3443445442859828277625/1682	1/2	11/58
1325	13558587321512390204125/1058	9/46	5/46
1326	5465284968942663229625/1682	25/58	15/58
1327	151210500580374523608125/5618	35/106	25/106
1328	57392654991945203125/144	1/2	1/12
1329	61162667149456232201725/2738	35/74	23/74
1330	17923337125325364078125/1922	17/62	1/62
1331	185190388351245203070625/5618	27/106	21/106
1332	34312556806966660625/98	1/2	1/14
1333	309384510708307913125/242	3/22	1/22
1334	212050057901199805625/242	9/22	1/22
1335	6622010467038131303125/1682	17/58	13/58
1336	163658052745861578125/256	3/8	3/16
1337	33128127148399344953125/1458	19/54	7/54
1338	2666944447085721765625/1058	7/46	7/46
1339	66786725674602629814625/2178	25/66	13/66
1340	16460633207842695625/36	1/6	0
1341	77908379204645640625/162	5/18	1/18
1342	2277699688215339578125/1058	5/46	5/46
1343	7847998122214577640625/1058	21/46	9/46
1344	1974873265625/2	1/2	1/2
1345	2277699688215339578125/1058	15/46	3/46
1346	2277699688215339578125/1058	7/46	1/46
1347	2007081903476883390625/1058	13/46	11/46
1348	34624090540634635625/98	5/14	5/14
1349	872413560015662868125/256	3/8	5/16
1350	5939511304650625/4	1/2	0
1351	872413560015662868125/256	5/16	1/8
1352	34624090540634635625/98	1/2	1/14
1353	1148683667785516923125/144	5/12	1/6
1354	10451132011763726427625/1458	11/54	11/54
1355	16650633355858369672025/2738	29/74	5/74
1356	14301861639601030625/98	1/2	1/14
1357	12524812701309393116125/2738	27/74	1/74
1358	6581153940451749732125/1458	1/2	7/54
1359	1656044915858159035625/144	1/3	1/12
1360	2578254655022769125/242	1/2	5/22
1361	1020503939838613550125/484	4/11	7/22
1362	1454819759810567054125/484	3/11	3/22
1363	4756675620326512182625/1458	23/54	11/54
1364	2476145559774342625/242	7/22	5/22
1365	6849019730460493625/242	5/22	3/22
1366	3697258438567169125/242	9/22	3/22
1367	3637457827308509316125/1458	7/18	19/54
1368	2476145559774342625/242	9/22	9/22
1369	5032647130933690971625/1458	13/54	11/54
1370	1020503939838613550125/484	2/11	3/22
1371	6101527937503678434625/1458	19/54	5/54
1372	1820428676364390625/2	1/2	1/2
1373	961982811161510176025/722	15/38	11/38
1374	938315703073087626625/484	5/22	2/11
1375	10451132011763726427625/1458	17/54	13/54
1376	3968774019529431125/242	1/2	9/22
1377	11054009007944620346525/1444	7/19	9/38
1378	203631397983093394925/722	9/38	9/38
1379	1742984605211083320125/484	2/11	1/22
1380	204223295951615421325/722	5/38	5/38
1381	113958855752006395325/722	9/38	5/38
1382	109445633742025944025/722	9/38	9/38
1383	109445633742025944025/722	3/38	1/38
1384	113958855752006395325/722	1/2	7/38
1385	11054009007944620346525/1444	17/38	4/19
1386	203631397983093394925/722	3/38	1/38
1387	11054009007944620346525/1444	5/19	5/38
1388	338140211329723894325/722	3/38	3/38
1389	16255895599918559333125/3698	39/86	17/86
1390	27937176096338550933125/3698	11/86	5/86
1391	18187289136542546580625/3698	29/86	3/86
1392	286327863120277980625/144	1/12	0
1393	21257709630662731435625/3698	41/86	17/86
1394	961982811161510176025/722	1/2	17/38
1395	17543491291001217498125/3698	35/86	17/86
1396	21257709630662731435625/3698	15/86	5/86
1397	16255895599918559333125/3698	9/86	3/86
1398	17543491291001217498125/3698	1/2	3/86
1399	21257709630662731435625/3698	29/86	21/86
1400	1080903986703125/2	1/2	1/2
1401	16255895599918559333125/3698	37/86	21/86
1402	25269065437497166488125/3698	9/86	1/86
1403	18187289136542546580625/3698	37/86	13/86
1404	10028144775390625/2	1/2	1/2
1405	46809908105527537920625/3698	33/86	25/86
1406	16255895599918559333125/3698	27/86	7/86
1407	24272501649193465305625/3698	39/86	15/86
1408	94945830078125/2	1/2	1/2
1409	37730522365577960920625/3698	37/86	29/86
1410	1366892295065400390625/242	9/22	1/22
1411	32924086395440641058125/3698	25/86	17/86
1412	34961309714893339935625/3698	1/2	27/86
1413	249607962577942515625/98	1/14	1/14
1414	30113380373619626305625/3698	13/86	3/86
1415	713269410743592015625/64	3/8	0
1416	84941129388078900625/144	5/12	0
1417	113668583194902228091625/5618	37/106	33/106
1418	113668583194902228091625/5618	17/106	7/106
1419	417102181369090140625/64	1/8	0
1420	4342622017083886381625/484	4/11	1/22
1421	27200458974121153735625/1458	23/54	5/18
1422	249607962577942515625/98	1/2	3/14
1423	30565464208033049043125/1458	5/18	1/54
1424	77743001086553505625/256	5/16	0
1425	426844385710209390625/64	1/8	0
1426	12187869245221247573125/1922	1/2	25/62
1427	189930203609312616631025/5618	47/106	31/106
1428	157349960997588783125/144	5/12	1/6
1429	13377938431045768263125/1058	11/46	7/46
1430	575880650404675890625/722	9/38	5/38
1431	401665720513156620625/162	7/18	5/18
1432	39027005394522738125/144	5/12	1/6
1433	309518194971792828125/722	9/38	5/38
1434	309518194971792828125/722	1/2	7/38
1435	322281831877846140625/722	9/38	3/38
1436	150744759816873048125/256	3/8	5/16
1437	5653922227821730143125/1058	9/46	3/46
1438	575880650404675890625/722	1/2	7/38
1439	4255013635370992788125/1058	5/46	1/46
1440	1342913820625/2	1/2	1/2
1441	4255013635370992788125/1058	15/46	13/46
1442	6598927916798623095625/1922	19/62	13/62
1443	2720539624325537828125/722	11/38	9/38
1444	150744759816873048125/256	5/16	1/8
1445	29552364152721877195625/1058	19/46	3/46
1446	2569213454140412730625/484	5/22	1/11
1447	46851340367133539355625/1458	17/54	11/54
1448	39027005394522738125/144	1/6	1/12
1449	1011657261024830407325/144	5/12	1/6
1450	9320135305169189320625/1922	1/2	23/62
1451	13477738950559961358125/1682	27/58	15/58
1452	12595793410877026025/98	1/2	1/14
1453	94640488081717639953125/3698	31/86	23/86
1454	9320135305169189320625/1922	1/62	1/62
1455	720961860914545744325/196	5/14	2/7
1456	580961141845703125/2	1/2	1/2
1457	771647212728646659925/256	7/16	1/8
1458	2363152308430225/4	1/2	0
1459	771647212728646659925/256	7/16	3/8
1460	43671426861785082425/98	3/14	3/14
1461	720961860914545744325/196	3/14	1/7
1462	4699980425440644475625/1682	7/58	1/58
1463	4699980425440644475625/1682	17/58	15/58
1464	12595793410877026025/98	5/14	5/14
1465	6933634489016396305625/1682	19/58	15/58
1466	6933634489016396305625/1682	1/2	21/58
1467	11004759326604005145625/1682	5/58	3/58
1468	68403521088766215015625/3698	17/86	5/86
1469	113258289015826028140625/3698	19/86	1/86
1470	5297510438832015625/4	1/2	0
1471	13477738950559961358125/1682	5/58	1/58
1472	2929312230425400625/98	1/14	1/14
1473	36500521694314179742825/1682	27/58	7/58
1474	30621243032142768240625/1682	1/2	5/58
1475	72735395671665866615125/3698	41/86	17/86
1476	13651930885801409825/98	1/2	3/14
1477	79448625316641156311125/3698	33/86	17/86
1478	51158965014453919182625/3698	33/86	31/86
1479	21377094192250611790625/1682	19/58	11/58
1480	333996435068581260625/64	1/2	1/8
1481	28260249273704572379125/3698	41/86	13/86
1482	14103390803239688028325/1682	5/58	5/58
1483	39264240141341751004625/3698	19/86	11/86
1484	41690862789920606777125/3698	39/86	33/86
1485	92804864135166015625/18	1/6	1/6
1486	27259886467555737958625/3698	7/86	7/86
1487	30498684859740578112125/3698	17/86	5/86
1488	15501834796046828125/98	1/14	1/14
1489	30498684859740578112125/3698	39/86	13/86
1490	36976281644110258419125/3698	7/86	3/86
1491	27259886467555737958625/3698	21/86	1/86
1492	78768849108424515625/242	5/22	1/22
1493	152708617640473578125/242	5/22	1/22
1494	96033254392462765625/242	3/22	1/22
1495	15676937029859981078125/1058	9/46	1/46
1496	78768849108424515625/242	1/2	9/22
1497	41690862789920606777125/3698	35/86	3/86
1498	41690862789920606777125/3698	31/86	31/86
1499	28260249273704572379125/3698	35/86	25/86
1500	1253848624575625/2	1/2	1/2
1501	116505368288243556259625/3698	39/86	15/86
1502	69029133471835758762125/3698	31/86	15/86
1503	7553848783923068485625/162	5/18	1/6
1504	7951963470294390625/98	1/14	1/14
1505	118238020699283032335125/3698	35/86	9/86
1506	591802950654648078125/144	5/12	1/6
1507	2747246356386236527298125/8978	53/134	15/134
1508	324863241589182765625/256	1/2	5/16
1509	5259639913982658750325/1058	13/46	5/46
1510	449468320554896703125/256	7/16	3/8
1511	28912828501437266140625/1922	21/62	5/62
1512	23746646828125/2	1/2	1/2
1513	28912828501437266140625/1922	29/62	11/62
1514	449468320554896703125/256	7/16	1/8
1515	34652911250586060453125/1024	15/32	3/16
1516	324863241589182765625/256	5/16	0
1517	144173575217861099340625/2116	8/23	13/46
1518	2802581851976161231925/1058	7/46	7/46
1519	47369575929700211078125/1024	7/16	13/32
1520	7951963470294390625/98	1/2	3/14
1521	6409513122878992192625/1058	19/46	9/46
1522	53117609090716671431125/1458	25/54	25/54
1523	826709155912822706980625/6962	41/118	3/118
1524	357425544454787453125/144	1/2	5/12
1525	199473028726081794978125/2116	11/23	15/46
1526	20745194987512506677725/1458	25/54	13/54
1527	2504962540261878623225/1058	17/46	11/46
1528	1902456608983049224625/484	1/2	3/11
1529	17111000245174549303525/1458	11/54	1/54
1530	55470765993707696125/162	7/18	7/18
1531	17467297484126841643825/1458	23/54	11/54
1532	1902456608983049224625/484	2/11	3/22
1533	1621722178009321779625/1058	17/46	15/46
1534	2513464570992203720125/484	2/11	3/22
1535	11054009007944620346525/1458	1/18	1/54
1536	785817263725/2	1/2	1/2
1537	11054009007944620346525/1458	19/54	1/6
1538	2513464570992203720125/484	4/11	7/22
1539	55470765993707696125/162	5/18	1/18
1540	3936913227431640625/2	1/2	1/2
1541	338451399400551578025625/6962	57/118	33/118
1542	1621722178009321779625/1058	21/46	21/46
1543	26741968714636669065325/1458	17/54	13/54
1544	1902456608983049224625/484	5/22	0
1545	2504962540261878623225/1058	15/46	1/46
1546	20745194987512506677725/1458	17/54	17/54
1547	53117609090716671431125/1458	19/54	5/54
1548	60456902262805017125/162	1/2	5/18
1549	626967346430529972408125/6962	15/118	9/118
1550	48700539159342948017725/1458	7/54	7/54
1551	23209970629593200540425/1458	7/54	1/54
1552	3592321255017759788225/722	17/38	17/38
1553	2004554954457423970225/722	17/38	15/38
1554	1210671804177256061225/722	1/2	11/38
1555	1210671804177256061225/722	5/38	1/38
1556	1210671804177256061225/722	13/38	3/38
1557	12044585173595835354325/722	13/38	7/38
1558	2004554954457423970225/722	1/2	1/38
1559	373360243552488617498125/3698	11/86	7/86
1560	58439878173828125/2	1/2	1/2
1561	10652028646219057934525/722	11/38	3/38
1562	109782966174792462345625/3698	1/2	19/86
1563	5259639913982658750325/1058	3/46	1/46
1564	24069509632238583521125/1024	5/16	1/32
1565	109782966174792462345625/3698	37/86	29/86
1566	2274387366333340578125/98	1/14	1/14
1567	144438634367021143995625/3698	35/86	27/86
1568	1375715983890625/2	1/2	1/2
1569	79348084462968809418125/3698	35/86	23/86
1570	79348084462968809418125/3698	19/86	19/86
1571	79348084462968809418125/3698	25/86	21/86
1572	6112862839334642613625/484	9/22	3/11
1573	79348084462968809418125/3698	5/86	3/86
1574	101237211211373998223125/3698	9/86	9/86
1575	42912969176100765625/18	1/6	1/6
1576	28970176025977586850125/1024	7/16	3/32
1577	109782966174792462345625/3698	41/86	23/86
1578	1949640572568253703125/98	1/2	3/14
1579	290600676493754565030625/5618	25/106	17/106
1580	1759431736220131390625/64	1/8	0
1581	365250391556370416598125/5618	33/106	21/106
1582	118478646663884934610625/3698	37/86	23/86
1583	191764407486906543648125/3698	41/86	25/86
1584	511781181640625/2	1/2	1/2
1585	693565350258725847248125/5618	33/106	5/106
1586	95473815113866798578125/2738	1/2	17/74
1587	92094211039039655265625/2738	35/74	15/74
1588	39691361339472714015625/1458	23/54	23/54
1589	31261337692151075640625/1458	11/54	7/54
1590	19114301150815028141425/1058	9/46	9/46
1591	34975556031812589578125/1458	25/54	5/54
1592	718706578610608225625/144	1/3	1/12
1593	34975556031812589578125/1458	23/54	11/54
1594	31261337692151075640625/1458	19/54	5/54
1595	31261337692151075640625/1458	13/54	1/54
1596	192195991824555818125/242	9/22	9/22
1597	11318762739511901610625/484	5/22	1/11
1598	25294678603260028698125/1058	1/2	1/46
1599	234321140717609148125/242	9/22	7/22
1600	13350143275625/2	1/2	1/2
1601	25294678603260028698125/1058	15/46	11/46
1602	192195991824555818125/242	7/22	5/22
1603	11318762739511901610625/484	9/22	3/11
1604	7287504554519911515625/722	1/2	17/38
1605	18660662894870972925625/1058	21/46	1/46
1606	26330208395769325523125/1058	17/46	17/46
1607	4388607715152874890625/722	7/38	5/38
1608	9224277625541493125/98	3/14	3/14
1609	37703424082027540208125/484	2/11	1/22
1610	1167611226967278640625/722	1/2	17/38
1611	15269504530420683765625/722	13/38	1/38
1612	705190939059445515625/722	13/38	7/38
1613	705190939059445515625/722	17/38	9/38
1614	705190939059445515625/722	1/2	3/38
1615	1167611226967278640625/722	15/38	11/38
1616	10858442595583643125/98	1/2	5/14
1617	22278457429630177953125/722	9/38	5/38
1618	376841360243452008125/256	3/8	5/16
1619	36553611943614844788125/1922	23/62	15/62
1620	35145037305625/2	1/2	1/2
1621	36553611943614844788125/1922	3/62	1/62
1622	376841360243452008125/256	5/16	1/8
1623	33538881061667228723125/1922	23/62	9/62
1624	10858442595583643125/98	3/14	3/14
1625	68208286204064813470625/1922	23/62	1/62
1626	414613631567553445625/144	5/12	1/3
1627	77310825555526928964625/1444	17/38	3/19
1628	28260249273704572379125/1444	1/2	2/19
1629	3678169572088127143625/722	15/38	5/38
1630	484425688877573068127125/6962	17/118	5/118
1631	27259886467555737958625/1444	7/19	13/38
1632	9224277625541493125/98	1/2	5/14
1633	27259886467555737958625/1444	15/38	4/19
1634	631165192843524776125/722	1/2	17/38
1635	445411539437768525727625/6962	45/118	5/118
1636	466664092559121211625/722	1/2	7/38
1637	281029757397481834625/722	15/38	11/38
1638	250090701537208605125/722	15/38	3/38
1639	250090701537208605125/722	9/38	1/38
1640	281029757397481834625/722	1/2	17/38
1641	28260249273704572379125/1444	4/19	3/38
1642	631165192843524776125/722	15/38	11/38
1643	27259886467555737958625/1444	11/38	2/19
1644	833875181785970689625/722	9/38	9/38
1645	9529318110297086505625/1682	17/58	11/58
1646	9529318110297086505625/1682	13/58	3/58
1647	10284115584380024050625/1682	23/58	7/58
1648	14228707863320307248125/1682	1/58	1/58
1649	484425688877573068127125/6962	41/118	7/118
1650	3440569806968016828625/722	17/38	9/38
1651	26358098173035979000625/1682	23/58	7/58
1652	82526505607257782039125/3698	25/86	17/86
1653	302913957549433246275025/3698	29/86	11/86
1654	41690862789920606777125/1444	1/2	6/19
1655	835798405844869324203125/5618	25/106	17/106
1656	22942715498149305625/98	1/2	1/14
1657	173634027735008717670625/1682	25/58	21/58
1658	73476648111631888185725/3698	37/86	1/86
1659	1333779519728318937015625/5618	25/106	21/106
1660	102087024367488552612025/3698	39/86	39/86
1661	164620431977203205290625/3698	29/86	17/86
1662	108396243253793577620525/3698	29/86	21/86
1663	46692676820664778879625/1444	8/19	9/38
1664	2373645751953125/2	1/2	1/2
1665	121362508245967326528125/3698	35/86	25/86
1666	70875704815644918692425/3698	37/86	35/86
1667	114216175777487192526325/3698	21/86	9/86
1668	79296580635325503091525/3698	41/86	41/86
1669	79296580635325503091525/3698	21/86	13/86
1670	59647870389404139493625/3698	35/86	1/86
1671	55270045039723101732625/3698	23/86	11/86
1672	1632565324671867015625/144	5/12	0
1673	55270045039723101732625/3698	15/86	9/86
1674	269018566681839203125/98	1/2	3/14
1675	69486694371161523327625/3698	25/86	17/86
1676	3298685705345485203125/256	7/16	1/8
1677	55270045039723101732625/3698	25/86	5/86
1678	59647870389404139493625/3698	23/86	3/86
1679	84244930343797599078625/3698	37/86	25/86
1680	138385631515625/2	1/2	1/2
1681	59647870389404139493625/3698	39/86	7/86
1682	55270045039723101732625/3698	29/86	29/86
1683	2344722042638444828125/162	5/18	1/18
1684	3298685705345485203125/256	7/16	3/8
1685	4821701216626682025625/64	3/8	0
1686	70875704815644918692425/3698	1/2	33/86
1687	140780509565322098772625/3698	31/86	29/86
1688	1632565324671867015625/144	1/12	0
1689	25926137465420791015625/722	13/38	7/38
1690	102087024367488552612025/3698	25/86	3/86
1691	73476648111631888185725/3698	29/86	23/86
1692	78279420216751203125/98	1/2	1/14
1693	8714923026055416600625/484	5/22	2/11
1694	73476648111631888185725/3698	13/86	13/86
1695	140780509565322098772625/3698	41/86	11/86
1696	19843870097647155625/242	1/2	3/22
1697	52255660058818632138125/1458	5/18	11/54
1698	148535299656568703125/98	1/2	5/14
1699	348578258225193107515625/1922	27/62	7/62
1700	737693021313937203125/98	3/14	3/14
1701	1476970192768890625/18	1/6	1/6
1702	737693021313937203125/98	1/2	5/14
1703	25163235654668454858125/1458	19/54	5/18
1704	12380727798871713125/242	3/22	3/22
1705	12165303135171345316625/1058	11/46	9/46
1706	18486292192835845625/242	3/22	1/22
1707	34245098652302468125/242	9/22	1/22
1708	12380727798871713125/242	9/22	5/22
1709	23783378101632560913125/1458	7/18	1/54
1710	78279420216751203125/98	5/14	5/14
1711	5102519699193067750625/484	3/11	1/22
1712	12891273275113845625/242	1/2	9/22
1713	216328456829685443433125/2116	21/46	5/23
1714	32905769702258748660625/1458	1/54	1/54
1715	62624063506546965580625/2738	31/74	5/74
1716	4691578515365438133125/484	9/22	3/11
1717	44634558903063847193125/1458	23/54	7/54
1718	52255660058818632138125/1458	1/2	7/54
1719	252727796558368280020625/2116	8/23	11/46
1720	425510937139240103125/256	7/16	3/8
1721	181184302246249630895125/3698	13/86	9/86
1722	16509452905239452017925/1058	15/46	1/46
1723	1322704068522722910041225/4418	19/94	5/94
1724	6186240697251772405625/484	5/22	0
1725	50177047586922084765625/1058	21/46	1/46
1726	26659668783866437306325/1922	15/62	9/62
1727	56942492205383489453125/1058	17/46	15/46
1728	2846977299725/2	1/2	1/2
1729	56942492205383489453125/1058	11/46	5/46
1730	26659668783866437306325/1922	7/62	3/62
1731	50177047586922084765625/1058	19/46	9/46
1732	30465927265798587784325/1922	1/2	25/62
1733	975163919732999605773125/3698	13/86	9/86
1734	16509452905239452017925/1058	17/46	11/46
1735	1094044042224655917858125/3698	29/86	3/86
1736	425510937139240103125/256	7/16	1/8
1737	45824312431903868617625/1682	27/58	3/58
1738	67477779609424930681325/1922	7/62	5/62
1739	994493493177114511238125/3698	25/86	1/86
1740	24651100913302743424025/1058	1/2	11/46
1741	639769699432411246083125/3698	41/86	31/86
1742	67477779609424930681325/1922	23/62	17/62
1743	659733221838556036088125/3698	37/86	9/86
1744	302963787243138953425/256	7/16	0
1745	462407802560059613505625/3698	31/86	25/86
1746	35042121271455899531125/1682	15/58	11/58
1747	462407802560059613505625/3698	27/86	13/86
1748	23574357262655747439125/1682	25/58	25/58
1749	29559436297496375517325/722	9/38	3/38
1750	26362167331702515625/4	1/2	0
1751	23574357262655747439125/1682	27/58	17/58
1752	383933904834116630825/144	5/12	1/3
1753	17892464968527494990125/1682	21/58	13/58
1754	15979933446498191217125/1682	13/58	1/58
1755	12219949106145675636625/1682	9/58	7/58
1756	12219949106145675636625/1682	11/58	3/58
1757	15979933446498191217125/1682	25/58	3/58
1758	17892464968527494990125/1682	1/2	1/58
1759	28612374249170413378625/1682	23/58	21/58
1760	5087707041015625/2	1/2	1/2
1761	41137840715872392578125/242	5/22	3/22
1762	23574357262655747439125/1682	23/58	5/58
1763	2318604572857756632093125/5618	27/106	21/106
1764	18330485947515625/2	1/2	1/2
1765	64632566517224377140625/484	3/22	1/11
1766	35042121271455899531125/1682	17/58	17/58
1767	832168417875854248125625/5618	47/106	17/106
1768	2083633290597046703125/98	3/14	3/14
1769	169879778486684204856125/1682	19/58	1/58
1770	589199536744217971300625/5618	27/106	23/106
1771	568342915974511140458125/5618	41/106	3/106
1772	568342915974511140458125/5618	51/106	19/106
1773	568342915974511140458125/5618	29/106	1/106
1774	20727095119658000328125/484	3/22	1/11
1775	589199536744217971300625/5618	19/106	7/106
1776	104792403221276558125/98	3/14	3/14
1777	1005105092093077715748125/5618	21/106	3/106
1778	589199536744217971300625/5618	29/106	29/106
1779	80177437713150285828125/1058	9/46	7/46
1780	13493478030918295515625/484	5/22	0
1781	255853680306812472015625/1458	19/54	13/54
1782	549141207900390625/4	1/2	0
1783	14675388515378292203125/484	7/22	3/11
1784	3201191802943291015625/98	1/2	1/14
1785	337364587307212905578125/1458	23/54	19/54
1786	11129657061998302140625/484	1/2	1/11
1787	173913199603594987420625/1058	19/46	3/46
1788	194645462817313015625/242	1/2	5/22
1789	11129657061998302140625/484	3/11	1/22
1790	48643612698576978265625/1058	1/2	3/46
1791	258638491688758390625/242	9/22	5/22
1792	8051406390625/2	1/2	1/2
1793	48643612698576978265625/1058	13/46	1/46
1794	194645462817313015625/242	7/22	3/22
1795	11129657061998302140625/484	5/11	5/22
1796	2196075513142875495625/256	3/16	0
1797	15501005818452219203125/1058	13/46	7/46
1798	3038405846951101713125/256	1/8	1/16
1799	105036684909101923095625/1058	13/46	7/46
1800	160527332558125/2	1/2	1/2
1801	14675388515378292203125/484	5/22	2/11
1802	3038405846951101713125/256	3/8	1/16
1803	1982414515883137577288125/8978	61/134	47/134
1804	2196075513142875495625/256	1/2	3/16
1805	1771892620391122967310625/8978	63/134	39/134
1806	4000587946425421008125/144	1/6	1/12
1807	115670329065033807013625/2738	33/74	9/74
1808	53755273059190080625/98	1/2	5/14
1809	165952370859512550625/98	5/14	5/14
1810	20727095119658000328125/484	9/22	4/11
1811	83253166779291848360125/2738	35/74	21/74
1812	2416196680514363183125/144	1/2	5/12
1813	12404424223127623578125/722	9/38	1/38
1814	8501908737199831890625/722	5/38	3/38
1815	8501908737199831890625/722	17/38	7/38
1816	12404424223127623578125/722	1/2	5/38
1817	28260249273704572379125/1458	7/54	1/54
1818	219832243491721680625/98	1/2	3/14
1819	27259886467555737958625/1458	1/18	1/54
1820	10242287577660784815325/722	3/38	3/38
1821	367346086834173825625/64	3/8	0
1822	30498684859740578112125/1458	13/54	1/18
1823	28260249273704572379125/1458	23/54	13/54
1824	104792403221276558125/98	1/2	5/14
1825	34262426110597578902125/1458	17/54	1/54
1826	28260249273704572379125/1458	5/54	5/54
1827	219832243491721680625/98	1/14	1/14
1828	9789589784173015320725/722	17/38	7/38
1829	83253166779291848360125/2738	19/74	11/74
1830	1918409407135965085225/64	1/2	3/8
1831	103695528523117965581225/1444	9/19	13/38
1832	3838885928625688917925/722	1/2	7/38
1833	115670329065033807013625/2738	27/74	21/74
1834	115670329065033807013625/2738	17/74	17/74
1835	89082307887553705145525/1444	4/19	3/38
1836	165952370859512550625/98	1/2	1/14
1837	318251143711795558447625/3362	13/82	5/82
1838	55270045039723101732625/1444	1/2	3/19
1839	16893240150640187860825/722	15/38	5/38
1840	1213326640653715150225/722	1/38	1/38
1841	730677369233452770025/722	13/38	1/38
1842	569794278760031976625/722	1/2	13/38
1843	547228168710129720125/722	7/38	1/38
1844	547228168710129720125/722	5/38	5/38
1845	10871887225659526841125/722	15/38	11/38
1846	730677369233452770025/722	3/38	3/38
1847	318251143711795558447625/3362	27/82	11/82
1848	395053576455078125/2	1/2	1/2
1849	1641029501393164417925/722	13/38	1/38
1850	141301246368522861895625/3698	25/86	5/86
1851	70875704815644918692425/1444	6/19	11/38
1852	2168075472643523793025/722	1/2	11/38
1853	73476648111631888185725/1444	7/19	3/38
1854	30186281580652138964425/722	17/38	15/38
1855	255794825072269595913125/3698	15/86	7/86
1856	136299432337778689793125/3698	11/86	5/86
1857	397621658775706203548125/3698	41/86	25/86
1858	136299432337778689793125/3698	39/86	1/86
1859	215377310607446350585625/3698	35/86	9/86
1860	661216095990230828125/36	1/2	1/3
1861	152493424298702890560625/3698	23/86	3/86
1862	9789589784173015320725/722	13/38	13/38
1863	1172920950732818925625/98	1/14	1/14
1864	7301723691880936703125/242	9/22	9/22
1865	234242476500069388593125/3698	39/86	29/86
1866	5301251447529995140625/242	5/22	1/22
1867	7734612767707697828125/242	7/22	5/22
1868	5301251447529995140625/242	1/2	9/22
1869	255794825072269595913125/3698	31/86	1/86
1870	290600676493754565030625/3698	9/86	9/86
1871	141301246368522861895625/3698	19/86	17/86
1872	12794529541015625/2	1/2	1/2
1873	582526841441217781298125/3698	11/86	3/86
1874	208454313949603033885625/3698	1/2	35/86
1875	141301246368522861895625/3698	23/86	11/86
1876	1994318266570830078125/242	3/22	1/22
1877	4735218287099345703125/242	5/22	3/22
1878	2649984545991376953125/242	9/22	1/22
1879	478653732522095135826925/3698	33/86	29/86
1880	1994318266570830078125/242	7/22	7/22
1881	408998333293950952821425/3698	33/86	25/86
1882	320566261230393990049225/3698	27/86	17/86
1883	345957648258544009063025/3698	25/86	15/86
1884	357546540990025765625/98	1/2	5/14
1885	320566261230393990049225/3698	25/86	7/86
1886	345957648258544009063025/3698	9/86	9/86
1887	320566261230393990049225/3698	39/86	23/86
1888	604003316133992620625/256	7/16	0
1889	21810339000391571703125/256	7/16	1/8
1890	148487782616265625/4	1/2	0
1891	21810339000391571703125/256	7/16	3/8
1892	865602263515865890625/98	3/14	3/14
1893	949651018046563083155125/5618	19/106	15/106
1894	478653732522095135826925/3698	1/2	9/86
1895	592393233319424673053125/3698	39/86	33/86
1896	357546540990025765625/98	3/14	3/14
1897	1592491707185775016367825/5618	51/106	13/106
1898	402324571509563642675125/1444	1/2	2/19
1899	836679102729496703178125/3698	19/86	13/86
1900	411515830196067390625/36	1/6	0
1901	143613323263510673828125/722	9/38	5/38
1902	19855649368641722358125/484	5/22	1/11
1903	2176892333675967682924825/5618	11/106	3/106
1904	259414800563592318125/144	1/6	1/12
1905	221332194148182582473125/1458	17/54	11/54
1906	123842084185736600783125/882	17/42	13/42
1907	971524902643856463807125/3698	35/86	21/86
1908	302284511314025085625/162	7/18	7/18
1909	265588045453583357155625/1458	25/54	5/18
1910	173476584602629591668125/1458	1/2	1/54
1911	22518400274524793933125/484	5/22	1/11
1912	4276867291620830798125/578	13/34	5/34
1913	148913528375708587538125/1458	25/54	19/54
1914	7787477785490307555625/1058	1/2	9/46
1915	836206736263594376175625/2116	4/23	3/46
1916	15397249892335695548125/1058	1/2	19/46
1917	277353829968538480625/162	7/18	1/6
1918	15397249892335695548125/1058	13/46	13/46
1919	53052467306170544850625/1058	19/46	5/46
1920	4186731323125/2	1/2	1/2
1921	15397249892335695548125/1058	17/46	7/46
1922	15397249892335695548125/1058	21/46	9/46
1923	7787477785490307555625/1058	7/46	3/46
1924	9512283044915246123125/484	5/11	5/22
1925	122826486908431170743125/1458	19/54	5/54
1926	277353829968538480625/162	1/2	7/18
1927	156709655710757010948125/1458	25/54	1/18
1928	4276867291620830798125/578	7/34	3/34
1929	22518400274524793933125/484	9/22	3/11
1930	173476584602629591668125/1458	7/18	17/54
1931	920487947157875261205625/2116	6/23	5/46
1932	1675039071532915920325/144	1/2	5/12
1933	7045755811496582545334125/8978	57/134	49/134
1934	123842084185736600783125/882	11/42	1/42
1935	151397120316279643170625/1058	17/46	5/46
1936	47342809716744684025/98	1/2	5/14
1937	350534861879781561978125/1024	7/16	3/32
1938	3832346688379271249525/256	7/16	1/8
1939	606812541229836632640625/3698	15/86	9/86
1940	1341555242466689148925/256	3/8	5/16
1941	264648150471771476266025/1922	29/62	5/62
1942	2273230978038445565725/256	5/16	1/8
1943	130130858519268847445725/1922	15/62	3/62
1944	57637861181225/2	1/2	1/2
1945	130130858519268847445725/1922	27/62	1/62
1946	2273230978038445565725/256	3/8	5/16
1947	406397389997963983328125/3698	37/86	35/86
1948	1341555242466689148925/256	5/16	1/8
1949	631726635937429162203125/3698	41/86	5/86
1950	3832346688379271249525/256	7/16	3/8
1951	350534861879781561978125/1024	3/32	1/16
1952	47342809716744684025/98	3/14	3/14
1953	406397389997963983328125/3698	19/86	13/86
1954	510931576258540612703125/3698	19/86	17/86
1955	406397389997963983328125/3698	41/86	15/86
1956	1675039071532915920325/144	1/2	1/12
1957	438587282275030437453125/3698	3/86	1/86
1958	510931576258540612703125/3698	29/86	29/86
1959	454682228413563664515625/3698	27/86	15/86
1960	182672773752828125/2	1/2	1/2
1961	793524092377478673453125/3698	39/86	19/86
1962	3523358047017512797925/144	5/12	1/6
1963	119143212322950058405825/1682	27/58	13/58
1964	406397389997963983328125/3698	1/2	33/86
1965	2442633001871696205040625/1682	13/58	5/58
1966	86086136071495706940625/1682	1/2	3/58
1967	425739641895489052409525/1058	15/46	7/46
1968	41693734867447548925/98	5/14	5/14
1969	86086136071495706940625/1682	27/58	11/58
1970	97282072447179405487325/1682	5/58	5/58
1971	1637718730494856629953125/3698	27/86	21/86
1972	51420577921900120253125/1682	13/58	13/58
1973	71143539316601536240625/1682	25/58	9/58
1974	41547826960895297164525/1682	21/58	1/58
1975	41547826960895297164525/1682	19/58	9/58
1976	41547826960895297164525/1682	1/2	23/58
1977	51420577921900120253125/1682	9/58	5/58
1978	61293328882904943341725/1682	1/58	1/58
1979	97282072447179405487325/1682	7/58	1/58
1980	67790258681640625/2	1/2	1/2
1981	4530304647772284889737125/4802	3/14	17/98
1982	209637740758515874878125/1682	15/58	15/58
1983	86086136071495706940625/1682	25/58	15/58
1984	73232805760635015625/98	5/14	5/14
1985	1856247538098808464390625/2738	21/74	19/74
1986	1760109419631343022328125/3698	1/2	11/86
1987	1332237516516541403640625/3698	29/86	17/86
1988	119143212322950058405825/1682	1/2	17/58
1989	42183745675672285140625/98	1/14	1/14
1990	680011474353028843390625/1458	1/2	25/54
1991	350966554753020959065625/1682	23/58	9/58
1992	2123528234701972515625/144	1/12	0
1993	832823041623372403703125/1458	17/54	7/54
1994	70837292902877917346125/484	5/22	2/11
1995	771698414715234979578125/1458	19/54	1/6
1996	38132806753793808948125/256	5/16	1/8
1997	648153436635519775390625/722	9/38	7/38
1998	1818565510769233013125/98	1/2	5/14
1999	2076791800051142143328125/2738	9/74	5/74
2000	1599737900320625/2	1/2	1/2
2001	12935053531973188143125/242	7/22	5/22
2002	233003382629229733015625/1922	1/2	9/62
2003	572747206391140674993125/1058	15/46	3/46
2004	3933749024939719578125/144	1/6	1/12
2005	334448460776144206578125/1058	19/46	5/46
2006	233003382629229733015625/1922	5/62	5/62
2007	95571505754075140707125/1058	21/46	1/46
2008	975675134863068453125/144	1/6	1/12
2009	926708052354781676078125/1458	25/54	5/54
2010	609043428690179738125/36	1/6	0
2011	738809103818046929890625/1058	15/46	3/46
2012	3768618995421826203125/256	7/16	1/8
2013	141348055695543253578125/1058	17/46	11/46
2014	164973197919965577390625/1922	27/62	11/62
2015	106375340884274819703125/1058	19/46	17/46
2016	33572845515625/2	1/2	1/2
2017	106375340884274819703125/1058	21/46	5/46
2018	164973197919965577390625/1922	29/62	3/62
2019	141348055695543253578125/1058	15/46	1/46
2020	3768618995421826203125/256	7/16	3/8
2021	46018387360263756524125/484	5/11	7/22
2022	1004098625678404433125/98	1/2	1/14
2023	353506846707183365041625/1458	13/54	1/18
2024	975675134863068453125/144	5/12	1/6
2025	9984318503117700625/18	1/6	1/6
2026	4986804824082215493125/98	1/2	1/14
2027	670887908577196080679025/2738	29/74	5/74
2028	1004098625678404433125/98	5/14	5/14
2029	1021020298095807851283325/2116	17/46	2/23
2030	1169761833619490905625/64	1/2	3/8
2031	180323617968377942660225/1458	23/54	1/18
2032	1943575027163837640625/256	1/2	7/16
2033	541981216268967888102625/2178	25/66	13/66
2034	529168880665238133125/98	1/14	1/14
2035	2966426971216599125048125/6962	49/118	45/118
2036	12198104139950139146125/484	1/2	2/11
2037	1008615799299562304469125/4418	35/94	31/94
2038	362705679818095227004625/1458	1/2	19/54
2039	13266551217901976151625/484	5/11	7/22
2040	101521967950748047625/162	1/2	5/18
2041	103725974937562533388625/1458	7/18	17/54
2042	12198104139950139146125/484	5/11	9/22
2043	12524812701309393116125/1058	5/46	1/46
2044	87336487420634208219125/1458	7/18	1/54
2045	16115743425773541499625/484	5/11	9/22
2046	151044879146234900125/242	5/22	1/22
2047	55270045039723101732625/1458	25/54	17/54
2048	3929086318625/2	1/2	1/2
2049	225532764752597316625/242	5/22	3/22
2050	61836783064244658374125/1458	5/54	1/54
2051	16115743425773541499625/484	1/11	1/22
2052	151044879146234900125/242	1/2	9/22
2053	211753026945824381083625/1458	7/18	17/54
2054	12198104139950139146125/484	1/11	1/22
2055	164528848511293743303125/1458	5/18	1/54
2056	103725974937562533388625/1458	1/2	1/54
2057	13266551217901976151625/484	2/11	1/22
2058	12524812701309393116125/1058	17/46	17/46
2059	116049853147966002702125/1458	5/54	1/18
2060	12198104139950139146125/484	7/22	0
2061	14012909259880806159625/1058	11/46	1/46
2062	35593364012975876512925/722	13/38	13/38
2063	541981216268967888102625/2178	31/66	19/66
2064	115210323180062391125/162	1/2	7/18
2065	493455930208584007154425/1444	7/38	3/19
2066	16084225812854608254625/484	4/11	1/22
2067	61203378250680024872825/722	13/38	7/38
2068	9806066128561992935425/722	1/2	3/38
2069	206975511284516685231625/1458	7/54	5/54
2070	5905310541509708452825/722	17/38	1/38
2071	345957648258544009063025/1444	5/19	7/38
2072	3304806816808185464425/722	13/38	13/38
2073	3173923378518752376725/722	17/38	1/38
2074	3173923378518752376725/722	13/38	11/38
2075	3304806816808185464425/722	17/38	7/38
2076	5922475582596847218425/722	1/2	5/38
2077	450233512964036502878125/1444	17/38	2/19
2078	5905310541509708452825/722	1/2	9/38
2079	641418880214825335650625/3698	35/86	15/86
2080	127192676025390625/2	1/2	1/2
2081	320566261230393990049225/1444	8/19	5/38
2082	61203378250680024872825/722	1/2	3/38
2083	35593364012975876512925/722	17/38	7/38
2084	26033231470290448412125/484	5/22	1/11
2085	672929698052074223483125/3698	11/86	5/86
2086	594342265153186778905625/3698	33/86	9/86
2087	601468137196986695325625/3698	23/86	7/86
2088	13311935499323743140625/242	1/2	7/22
2089	743059217077315901985625/3698	39/86	33/86
2090	16229619992326207390625/242	9/22	5/22
2091	298239351947020697468125/3698	31/86	3/86
2092	13311935499323743140625/242	9/22	1/22
2093	298239351947020697468125/3698	33/86	15/86
2094	276350225198615508663125/3698	31/86	15/86
2095	276350225198615508663125/3698	29/86	1/86
2096	3563136218831636078125/98	1/2	1/14
2097	276350225198615508663125/3698	33/86	21/86
2098	298239351947020697468125/3698	25/86	1/86
2099	471420972397638220660625/3698	35/86	3/86
2100	31346215614390625/2	1/2	1/2
2101	711262055019387456723125/3698	33/86	1/86
2102	511927466351533647195625/3698	1/2	39/86
2103	559709468722490897988125/3698	25/86	11/86
2104	3563136218831636078125/98	5/14	5/14
2105	412632528036288910195625/3698	31/86	13/86
2106	13728530197509765625/4	1/2	0
2107	1113648736736502508368125/3698	35/86	11/86
2108	601468137196986695325625/3698	17/86	17/86
2109	954798505467778590685625/3698	37/86	5/86
2110	412632528036288910195625/3698	7/86	7/86
2111	1423562305134587236328125/1058	21/46	9/46
2112	1234295791015625/2	1/2	1/2
2113	1196874405349313255183125/3698	39/86	5/86
2114	559709468722490897988125/3698	1/2	31/86
2115	48692737002903525390625/162	7/18	1/18
2116	1114195073823926173308125/3698	31/86	11/86
2117	4959723770540091318828725/5618	41/106	37/106
2118	1196874405349313255183125/3698	1/2	27/86
2119	905921511231248154475625/3698	13/86	7/86
2120	9587552141865588093125/162	1/2	5/18
2121	3700173090753688859767925/5618	35/106	29/106
2122	4143167715902261946862625/5618	45/106	45/106
2123	1842379702616358606293125/3698	33/86	9/86
2124	5181408892672812938125/144	1/2	1/12
2125	3179344034906918756028125/5618	21/106	5/106
2126	277378820281202258913125/1058	1/2	19/46
2127	2841714579872555702290625/5618	47/106	27/106
2128	318226150398035043125/242	7/22	7/22
2129	99205626363957255293125/484	9/22	3/11
2130	8796826192021003508125/162	5/18	1/18
2131	166039948196257550943125/1058	17/46	9/46
2132	280417102825991275625/242	9/22	1/22
2133	665809572912464800625/242	7/22	1/22
2134	372609027042755530625/242	7/22	5/22
2135	60826515675856726583125/1058	9/46	3/46
2136	280417102825991275625/242	1/2	7/22
2137	179191627261307653988125/1058	13/46	11/46
2138	166039948196257550943125/1058	1/2	5/46
2139	1262248325907189755785625/2738	11/74	9/74
2140	8796826192021003508125/162	7/18	7/18
2141	35367015116231991765625/722	15/38	11/38
2142	173086476953280613328125/722	17/38	17/38
2143	454682228413563664515625/1444	15/38	3/19
2144	35942874885730645625/98	1/2	5/14
2145	406397389997963983328125/1444	5/19	5/38
2146	7486448455260786578125/722	9/38	9/38
2147	930609126566824944630625/1922	23/62	17/62
2148	1443999199597341310625/144	5/12	1/3
2149	4189663814411999828125/722	9/38	5/38
2150	4023736534633306765625/722	9/38	9/38
2151	4023736534633306765625/722	3/38	1/38
2152	1156513140057490645625/256	5/16	0
2153	158442300187876218450625/1922	19/62	13/62
2154	7486448455260786578125/722	3/38	1/38
2155	158442300187876218450625/1922	27/62	7/62
2156	1312447496020298373125/256	1/8	1/16
2157	173086476953280613328125/722	15/38	7/38
2158	112181774585576592625625/1922	17/62	17/62
2159	494743387082785407880625/1922	23/62	19/62
2160	38944500798125/2	1/2	1/2
2161	494743387082785407880625/1922	29/62	7/62
2162	35367015116231991765625/722	1/2	17/38
2163	344845006291260004863125/1922	23/62	17/62
2164	1312447496020298373125/256	3/8	1/16
2165	158442300187876218450625/1922	5/62	3/62
2166	458218706989756444818125/1922	1/2	17/62
2167	158442300187876218450625/1922	23/62	1/62
2168	1156513140057490645625/256	1/2	5/16
2169	344845006291260004863125/1922	7/62	5/62
2170	842669079371025192398125/1922	21/62	9/62
2171	6245515089488710495786625/8978	23/134	11/134
2172	1443999199597341310625/144	1/3	1/12
2173	923633159751310085806625/1682	23/58	21/58
2174	4788293522979270763603625/6962	57/118	11/118
2175	359911389124007916203125/722	17/38	7/38
2176	35942874885730645625/98	3/14	3/14
2177	808266624530767432980625/1922	11/62	3/62
2178	466044356202449962925/98	1/14	1/14
2179	808266624530767432980625/1922	25/62	1/62
2180	43127702138970121656425/256	3/16	0
2181	3080367170833798389324625/6962	17/118	3/118
2182	3080367170833798389324625/6962	55/118	39/118
2183	849398892433421024280625/1682	23/58	11/58
2184	9876339411376953125/2	1/2	1/2
2185	3734604446055136100331625/6962	29/118	3/118
2186	9349226274924314537525/98	1/2	1/14
2187	6638094834380502025/18	1/6	1/6
2188	9349226274924314537525/98	5/14	5/14
2189	175210606357279497655625/1682	9/58	5/58
2190	602447582408045074025/64	1/2	3/8
2191	4741688791058768307162625/6962	19/118	15/118
2192	89462324842637474950625/1682	1/2	11/58
2193	79899667232490956085625/1682	27/58	11/58
2194	61099745530728378183125/1682	23/58	11/58
2195	61099745530728378183125/1682	25/58	5/58
2196	466044356202449962925/98	1/2	3/14
2197	305955927471036628345625/1682	15/58	1/58
2198	117871786313278737195625/1682	21/58	3/58
2199	2229108558366907274890625/3698	5/86	1/86
2200	675564991689453125/2	1/2	1/2
2201	629230114987603631880625/1682	19/58	5/58
2202	342575243909611794323125/1682	27/58	1/58
2203	2229108558366907274890625/3698	31/86	21/86
2204	2229108558366907274890625/3698	23/86	23/86
2205	7252291790761029390625/18	1/6	1/6
2206	762156551784674810596625/3698	27/86	15/86
2207	842155428356396256897925/3698	27/86	7/86
2208	84950054682336618125/98	1/2	3/14
2209	229121562159519343088125/1682	21/58	1/58
2210	1442503852531252994488525/3698	1/2	7/86
2211	2744574154369811558640625/3698	27/86	13/86
2212	887371827194323572704525/3698	1/2	13/86
2213	1442503852531252994488525/3698	29/86	5/86
2214	723552336947474720725/98	1/2	1/14
2215	1867895824960708862678125/1682	25/58	1/58
2216	49857956664270751953125/242	9/22	9/22
2217	2961966166597123365265625/3698	41/86	19/86
2218	945560143731656265996625/3698	39/86	3/86
2219	1731980031902777207582525/3698	29/86	21/86
2220	49857956664270751953125/242	7/22	5/22
2221	616073434166759677864925/3698	31/86	29/86
2222	908860808820269227741325/3698	1/2	3/86
2223	945560143731656265996625/3698	31/86	15/86
2224	9699358693638739328125/144	1/2	5/12
2225	367383240558159440928625/3698	41/86	3/86
2226	571080878887435962631625/3698	31/86	31/86
2227	354378524078224593462125/3698	39/86	21/86
2228	480691661373433359448625/3698	33/86	3/86
2229	354378524078224593462125/3698	35/86	7/86
2230	609030438900180410342125/3698	3/86	3/86
2231	463418069948447545296625/3698	13/86	11/86
2232	573567887453732640625/98	1/2	5/14
2233	463418069948447545296625/3698	31/86	19/86
2234	354378524078224593462125/3698	11/86	11/86
2235	396482903176627515457625/3698	31/86	5/86
2236	354378524078224593462125/3698	19/86	15/86
2237	354378524078224593462125/3698	33/86	23/86
2238	4804899795613895453125/242	9/22	3/22
2239	480691661373433359448625/3698	17/86	11/86
2240	333753581890625/2	1/2	1/2
2241	5858028517940228703125/242	9/22	1/22
2242	354378524078224593462125/3698	41/86	25/86
2243	869702405245716626104625/3698	21/86	3/86
2244	4804899795613895453125/242	1/22	1/22
2245	5236357717174343946408625/3698	37/86	29/86
2246	616073434166759677864925/3698	39/86	25/86
2247	1514569787747166231375125/3698	33/86	25/86
2248	10006362166243409695625/98	1/2	3/14
2249	665066545187900949374125/3698	27/86	11/86
2250	1716518767044030625/4	1/2	0
2251	1731980031902777207582525/3698	41/86	17/86
2252	10006362166243409695625/98	1/14	1/14
2253	193448871857370517578125/722	11/38	3/38
2254	201426144923653837890625/722	9/38	9/38
2255	887371827194323572704525/3698	25/86	19/86
2256	230606940638537328125/98	1/2	3/14
2257	710967309221386138650625/2738	29/74	17/74
2258	842155428356396256897925/3698	39/86	17/86
2259	4279438844820233826343625/2738	29/74	19/74
2260	5137540669762783660625/64	1/2	1/8
2261	1265599411679138905669625/3698	19/86	17/86
2262	10365340789188836140625/144	5/12	1/3
2263	578351645325169035068125/2738	33/74	5/74
2264	271461064889591078125/98	1/14	1/14
2265	665066545187900949374125/3698	29/86	3/86
2266	9421034006086300203125/256	7/16	1/8
2267	416265833896459241800625/2738	17/74	7/74
2268	878625932640625/2	1/2	1/2
2269	1127363618533709611380625/2738	29/74	27/74
2270	9421034006086300203125/256	7/16	3/8
2271	171312130552987894510625/1458	17/54	1/6
2272	271461064889591078125/98	1/2	3/14
2273	141301246368522861895625/1458	13/54	1/6
2274	10365340789188836140625/144	1/3	1/12
2275	152493424298702890560625/1458	5/54	1/54
2276	141301246368522861895625/1458	7/18	5/54
2277	136299432337778689793125/1458	19/54	11/54
2278	136299432337778689793125/1458	7/54	1/54
2279	141301246368522861895625/1458	5/54	1/18
2280	230606940638537328125/98	1/14	1/14
2281	1618647853222160980948625/2738	33/74	19/74
2282	416265833896459241800625/2738	13/74	13/74
2283	277193227563347672500625/1458	25/54	1/6
2284	226332084891173787638125/1458	23/54	23/54
2285	416265833896459241800625/2738	25/74	3/74
2286	52558007607607735979525/1058	1/2	15/46
2287	1030481616359903425763825/1458	5/18	7/54
2288	4877009971826675028125/256	5/16	1/8
2289	578351645325169035068125/2738	21/74	9/74
2290	1128072021079785147608125/2738	1/2	11/74
2291	3481201547340811972725125/2738	11/74	1/74
2292	57879732304651984449125/484	9/22	3/11
2293	633107009071458324230425/1458	17/54	11/54
2294	1560757179850113697375625/2738	25/74	17/74
2295	33953403144737740942525/1058	13/46	5/46
2296	43895367452521303642625/484	3/22	0
2297	11434074596243376507113125/6962	43/118	11/118
2298	31461410253380842524725/1058	21/46	21/46
2299	439249598350735651956425/1458	7/54	1/18
2300	43895367452521303642625/484	9/22	2/11
2301	31461410253380842524725/1058	11/46	5/46
2302	106548969254963013193025/1058	1/2	21/46
2303	106548969254963013193025/1058	15/46	3/46
2304	10215624428425/2	1/2	1/2
2305	106548969254963013193025/1058	7/46	1/46
2306	106548969254963013193025/1058	5/46	5/46
2307	31461410253380842524725/1058	17/46	15/46
2308	43895367452521303642625/484	7/22	1/11
2309	1868127522342640838562725/1444	8/19	11/38
2310	31461410253380842524725/1058	1/2	13/46
2311	496219007110061929802225/1458	7/18	17/54
2312	43895367452521303642625/484	1/2	4/11
2313	33953403144737740942525/1058	3/46	1/46
2314	560421901344042038703025/1458	19/54	19/54
2315	8388399411779712288257125/3362	31/82	9/82
2316	57879732304651984449125/484	5/22	1/11
2317	673089148258202815672325/1458	7/18	19/54
2318	3378275214504921279749525/2116	7/23	11/46
2319	4385836650603312619443625/4418	37/94	3/94
2320	4877009971826675028125/256	3/8	5/16
2321	6143478083261529384895625/3698	31/86	9/86
2322	5864319519492086661125/162	1/2	7/18
2323	4102052778713695636650625/3698	23/86	9/86
2324	262545218473761593660225/882	1/14	1/42
2325	2747246356386236527298125/3698	37/86	9/86
2326	1022547891004362411093925/1922	19/62	13/62
2327	564557518249610070529825/722	11/38	9/38
2328	81747663151931153294125/484	4/11	1/22
2329	2747246356386236527298125/3698	7/86	5/86
2330	82186753132754382779225/722	7/38	7/38
2331	175620659566884386077925/1058	19/46	11/46
2332	49637543971267498510225/722	17/38	13/38
2333	49637543971267498510225/722	15/38	9/38
2334	49637543971267498510225/722	1/38	1/38
2335	82186753132754382779225/722	15/38	5/38
2336	1297074002817961590625/144	1/12	0
2337	222296138397400903941625/1682	9/58	7/58
2338	140059416678131205373625/1682	7/58	7/58
2339	140059416678131205373625/1682	21/58	11/58
2340	1694756467041015625/2	1/2	1/2
2341	106219557614958565149125/1682	11/58	9/58
2342	145199211785585561534125/1682	1/2	19/58
2343	140059416678131205373625/1682	25/58	13/58
2344	222296138397400903941625/1682	23/58	23/58
2345	400764073465147706465125/1682	19/58	3/58
2346	60020783995289228515625/242	9/22	3/22
2347	95442886025295986328125/242	7/22	3/22
2348	49230530692765322265625/242	7/22	3/22
2349	4501101613166490956170625/3698	33/86	9/86
2350	239903753319967312174625/1682	17/58	9/58
2351	4857624513219282319035625/3698	39/86	31/86
2352	23387171726140625/2	1/2	1/2
2353	4061969748467321106788125/3698	39/86	21/86
2354	3253271462981721186143125/3698	3/86	3/86
2355	2935879125129845948470625/3698	15/86	1/86
2356	2935879125129845948470625/3698	1/2	21/86
2357	2935879125129845948470625/3698	33/86	13/86
2358	72136701185025387015625/98	1/2	5/14
2359	779013311342365766499625/1682	13/58	9/58
2360	433244088666461832222125/784	3/14	5/28
2361	3777808794418809345398125/5618	41/106	5/106
2362	307717642930307235640625/484	5/11	7/22
2363	3777808794418809345398125/5618	3/106	1/106
2364	4580175264029883896633125/5618	23/106	11/106
2365	3777808794418809345398125/5618	51/106	35/106
2366	3777808794418809345398125/5618	1/2	13/106
2367	72136701185025387015625/98	3/14	3/14
2368	495053766941892705625/98	1/14	1/14
2369	5164160645581675160223125/5618	41/106	21/106
2370	779013311342365766499625/1682	3/58	3/58
2371	5441431015814248323188125/5618	51/106	31/106
2372	154656017431294310140625/484	3/22	0
2373	8376135383893842924458125/5618	23/106	3/106
2374	280917700346810439453125/256	1/8	1/16
2375	10577163659953538875410625/5618	35/106	15/106
2376	14841654267578125/2	1/2	1/2
2377	6318194913959207000515625/2116	7/23	11/46
2378	280917700346810439453125/256	3/8	1/16
2379	1990149146966506588765625/1458	11/54	1/18
2380	117289462884135953328125/484	4/11	1/22
2381	1521878759444975626703125/1458	7/54	5/54
2382	1115863972576596179828125/1458	23/54	23/54
2383	5408211420742136085828125/2116	19/46	5/23
2384	322281831877846140625/242	1/2	1/22
2385	127562992479826693765625/484	4/11	5/22
2386	181852469976320881765625/484	3/11	1/22
2387	629080891366711371453125/1458	13/54	1/18
2388	309518194971792828125/242	3/22	1/22
2389	856127466307561703125/242	5/22	1/22
2390	462157304820896140625/242	7/22	5/22
2391	556858010079533027328125/1458	5/18	1/54
2392	309518194971792828125/242	7/22	7/22
2393	822644242556468716515625/1458	7/54	1/54
2394	6846588364504258898125/162	5/18	5/18
2395	1306391501470465803453125/1458	7/18	1/54
2396	29355591529049876813125/256	1/8	1/16
2397	176382357677548512368125/1058	17/46	5/46
2398	200164248600364042125625/1058	15/46	11/46
2399	200164248600364042125625/1058	19/46	13/46
2400	226952435685625/2	1/2	1/2
2401	689682074980217083058125/1058	7/46	1/46
2402	200164248600364042125625/1058	9/46	9/46
2403	6846588364504258898125/162	7/18	1/18
2404	29355591529049876813125/256	3/8	1/16
2405	15401835854168991946623125/8978	7/134	3/134
2406	234371078009893228763125/1058	15/46	15/46
2407	18673022230275680501658125/8978	29/134	23/134
2408	6595563911674342743125/144	5/12	1/6
2409	15401835854168991946623125/8978	57/134	5/134
2410	2080975320071681256413125/1922	1/2	5/62
2411	18673022230275680501658125/8978	17/134	3/134
2412	341298272145035245625/98	1/2	1/14
2413	1470329433107830384799125/1444	8/19	15/38
2414	2080975320071681256413125/1922	11/62	11/62
2415	378733776303713025203125/722	11/38	3/38
2416	13138567183627542450625/256	1/16	0
2417	33860725582051080578125/722	17/38	13/38
2418	20450537232723919953125/722	11/38	11/38
2419	20450537232723919953125/722	15/38	13/38
2420	20450537232723919953125/722	9/38	3/38
2421	25291431525620760183125/144	5/12	1/6
2422	33860725582051080578125/722	1/38	1/38
2423	5984811330863412050453125/3362	15/82	1/82
2424	314894835271925650625/98	3/14	3/14
2425	162378485460656370953125/722	17/38	13/38
2426	1777560696268363122325625/1922	1/2	11/62
2427	18024046522863643608125/196	2/7	1/14
2428	1091785671544627060625/98	1/14	1/14
2429	19291180318216166498125/256	3/16	1/8
2430	59078807710755625/4	1/2	0
2431	19291180318216166498125/256	3/8	3/16
2432	495053766941892705625/98	1/2	3/14
2433	18024046522863643608125/196	3/7	3/14
2434	1240938599281687462755625/1922	1/2	23/62
2435	5748504907788478787745625/1922	13/62	1/62
2436	314894835271925650625/98	1/2	5/14
2437	8231877521370052125207125/3362	27/82	5/82
2438	683656360617016675734625/1444	1/2	1/19
2439	25291431525620760183125/144	1/6	1/12
2440	32187582016938468619525/722	1/2	5/38
2441	7066301943122965098629125/3362	19/82	5/82
2442	656471692144907853462625/1444	1/2	7/19
2443	2069338201256780331003425/1444	5/19	1/38
2444	826508516505994075632125/1444	1/2	6/19
2445	518477642615589827906125/1444	5/19	3/38
2446	21333383518111137433025/722	1/2	5/38
2447	8235236710918742158161125/6962	27/118	19/118
2448	341298272145035245625/98	5/14	5/14
2449	746920889211027220066325/1444	8/19	13/38
2450	367383240558159440928625/1444	6/19	11/38
2451	150931407903260694822125/722	17/38	1/38
2452	10173277217788842413425/722	17/38	17/38
2453	354378524078224593462125/1444	8/19	9/38
2454	7700215352691002268725/722	13/38	3/38
2455	354378524078224593462125/1444	15/38	3/19
2456	3653386846167263850125/722	11/38	11/38
2457	3251179119983711866625/722	17/38	13/38
2458	3251179119983711866625/722	1/38	1/38
2459	3653386846167263850125/722	9/38	3/38
2460	6066633203268575751125/722	9/38	9/38
2461	7571996170442064937369625/6962	37/118	21/118
2462	7700215352691002268725/722	1/2	11/38
2463	354378524078224593462125/1444	5/19	3/38
2464	859822489931640625/2	1/2	1/2
2465	367383240558159440928625/1444	4/19	7/38
2466	150931407903260694822125/722	1/2	9/38
2467	21333383518111137433025/722	9/38	1/38
2468	352584770080992200708125/1682	9/58	3/58
2469	352584770080992200708125/1682	23/58	5/58
2470	380512276622060889873125/1682	1/2	19/58
2471	526462190942851368180625/1682	7/58	5/58
2472	22848179980935596895725/722	17/38	17/38
2473	912513042357854493570625/1682	23/58	19/58
2474	826508516505994075632125/1444	7/38	0
2475	683656360617016675734625/1444	7/19	13/38
2476	975249632402331223023125/1682	1/2	19/58
2477	8231877521370052125207125/3362	23/82	15/82
2478	683656360617016675734625/1444	17/38	0
2479	14729988418605449282515625/5618	35/106	11/106
2480	1733458413812226765625/36	1/6	0
2481	14208572899362778511453125/5618	41/106	17/106
2482	1055254496147024002679525/1444	1/38	0
2483	793775505951301240953625/1444	9/19	3/38
2484	1215963921401913198125/98	1/2	5/14
2485	1106536583679088846292125/1444	8/19	1/38
2486	3353877437578153192871125/3362	37/82	25/82
2487	2393268662610475679134625/3698	37/86	5/86
2488	127264667194249199169425/722	1/2	9/38
2489	4529607556156240772378125/3698	41/86	21/86
2490	3447185137888483317652625/3698	1/2	11/86
2491	16361963614506118825653125/3698	15/86	1/86
2492	2718635980130379862871825/3698	35/86	31/86
2493	3447185137888483317652625/3698	35/86	33/86
2494	2798547343612454489940625/3698	39/86	39/86
2495	1058262585612642251479625/1444	5/19	3/38
2496	30857394775390625/2	1/2	1/2
2497	24338171232807974458275125/3362	17/82	5/82
2498	2063162640181444550978125/3698	1/2	19/86
2499	3720229505245986946773625/3698	29/86	1/86
2500	1054486693268100625/2	1/2	1/2
2501	3777219901597076446644925/3698	17/86	11/86
2502	3214904488687631304388525/3698	37/86	7/86
2503	2063162640181444550978125/3698	37/86	29/86
2504	152058577114502420719825/722	9/38	9/38
2505	2130822795237324757386025/3698	11/86	7/86
2506	1249103017897742099157325/3698	11/86	11/86
2507	1735479414247305394404425/3698	41/86	29/86
2508	1204886981865963617771225/3698	1/2	25/86
2509	1602831306151969950246125/3698	15/86	7/86
2510	1491196759735103487340625/3698	35/86	23/86
2511	29323023768320473140625/98	5/14	5/14
2512	1343881826479752015625/98	1/2	3/14
2513	1204886981865963617771225/3698	27/86	5/86
2514	1204886981865963617771225/3698	17/86	11/86
2515	1348041870800533552555925/3698	37/86	33/86
2516	54901887828571887390625/256	1/16	0
2517	1491196759735103487340625/3698	5/86	3/86
2518	75960146173777542828125/256	3/8	5/16
2519	3715296085386579509928125/3698	41/86	19/86
2520	4013183313953125/2	1/2	1/2
2521	2443102979970130373280125/3698	35/86	23/86
2522	75960146173777542828125/256	5/16	1/8
2523	2130822795237324757386025/3698	13/86	1/86
2524	54901887828571887390625/256	1/2	1/16
2525	2393268662610475679134625/3698	25/86	9/86
2526	2063162640181444550978125/3698	39/86	1/86
2527	5591157015739837831189225/3698	23/86	1/86
2528	1343881826479752015625/98	1/14	1/14
2529	3207094401074126678253125/3698	31/86	21/86
2530	2718635980130379862871825/3698	25/86	23/86
2531	7452352778826664340677825/3698	37/86	35/86
2532	60404917012859079578125/144	1/2	1/12
2533	230091936801318782620625/484	5/22	2/11
2534	440744336912153447265625/722	7/38	3/38
2535	440744336912153447265625/722	17/38	15/38
2536	84739042034166895838125/484	5/22	0
2537	2393268662610475679134625/3698	19/86	1/86
2538	4148809271487813765625/98	1/2	5/14
2539	1034877556422583426158125/1458	7/18	19/54
2540	2393268662610475679134625/3698	3/86	3/86
2541	7642957755460879237130225/3698	39/86	23/86
2542	80421129064273041273125/484	2/11	1/22
2543	6499230586975728122984125/1444	8/19	7/38
2544	576051615900311955625/162	1/18	1/18
2545	2810669191032523476150625/1458	23/54	1/54
2546	888346220999916746348125/1458	5/54	5/54
2547	5495806087293042015625/98	5/14	5/14
2548	60990520699750695730625/484	1/2	3/11
2549	580249265739830013510625/1458	19/54	5/54
2550	70064546299404030798125/1058	11/46	11/46
2551	66332756089509880758125/484	5/22	2/11
2552	513509407534387961523125/1922	1/2	13/62
2553	9183652170854345640625/64	1/8	0
2554	60990520699750695730625/484	2/11	3/22
2555	1058765134729121905418125/1458	17/54	11/54
2556	755224395731174500625/242	1/2	3/22
2557	80578717128867707498125/484	2/11	3/22
2558	309183915321223291870625/1458	11/54	1/18
2559	1127663823762986583125/242	9/22	1/22
2560	19645431593125/2	1/2	1/2
2561	276350225198615508663125/1458	7/18	5/54
2562	755224395731174500625/242	9/22	7/22
2563	80578717128867707498125/484	4/11	7/22
2564	472152945182625172675625/1922	17/62	1/62
2565	4148809271487813765625/98	3/14	3/14
2566	60990520699750695730625/484	4/11	7/22
2567	518629874687812666943125/1458	17/54	11/54
2568	507609839753740238125/162	7/18	7/18
2569	66332756089509880758125/484	7/22	3/11
2570	1813528399090476135023125/1458	5/54	5/54
2571	1852349292512028743668625/1058	15/46	1/46
2572	60990520699750695730625/484	5/22	0
2573	75689236188390613401705625/10082	67/142	17/142
2574	131490997849566468758125/1058	15/46	5/46
2575	6685609987027810138405625/2178	5/22	1/66
2576	5227439393059857718225/256	7/16	0
2577	1034877556422583426158125/1458	19/54	5/18
2578	80421129064273041273125/484	5/11	7/22
2579	13394573217593518841093125/2116	17/46	1/23
2580	13374746684795046565625/144	1/3	1/12
2581	4877633161103214790793125/1936	9/22	1/44
2582	1147122253360223821582525/1922	3/62	3/62
2583	8636543120118536280945625/1936	17/44	1/11
2584	4672313085832262208325/256	1/8	1/16
2585	1767534233535916825208125/1458	17/54	13/54
2586	477857528770375703535625/1058	1/46	1/46
2587	230091936801318782620625/484	7/22	3/11
2588	9798409388096748128125/256	5/16	1/8
2589	8049756825974575551085025/1458	17/54	5/18
2590	453214369325729434207525/1922	21/62	7/62
2591	14779752587410379041890625/3698	29/86	27/86
2592	82562341692025/2	1/2	1/2
2593	35034099797243448404897225/4418	29/94	17/94
2594	453214369325729434207525/1922	25/62	19/62
2595	14563171036030444532453125/3698	39/86	3/86
2596	9798409388096748128125/256	3/8	5/16
2597	3532531159213071547390625/3698	31/86	29/86
2598	1283650378807619149436525/1922	17/62	13/62
2599	5211357848740075847140625/3698	39/86	37/86
2600	16889124792236328125/2	1/2	1/2
2601	7265016912343864125765625/3698	21/86	13/86
2602	1248525325480464601390925/1922	25/62	25/62
2603	3407485808444467244828125/3698	33/86	29/86
2604	13374746684795046565625/144	5/12	1/3
2605	3407485808444467244828125/3698	35/86	19/86
2606	1248525325480464601390925/1922	1/2	17/62
2607	3812335607467572264015625/3698	29/86	15/86
2608	5227439393059857718225/256	1/2	7/16
2609	3812335607467572264015625/3698	35/86	23/86
2610	3407485808444467244828125/3698	23/86	5/86
2611	3407485808444467244828125/3698	31/86	25/86
2612	5211357848740075847140625/3698	33/86	9/86
2613	4908030017667718875578125/3698	7/86	1/86
2614	354186464514389586730625/484	5/22	1/11
2615	3532531159213071547390625/3698	39/86	25/86
2616	6526876382179982724025/144	1/12	0
2617	7328428382544950101890625/3698	25/86	1/86
2618	6394870626806739897828125/3698	35/86	11/86
2619	9931078164580144538890625/3698	41/86	17/86
2620	595716061614750292029125/1682	1/2	13/58
2621	9091924458958233326890625/3698	25/86	3/86
2622	9940541469392655088703125/3698	31/86	31/86
2623	3148322256144818880919025/722	9/38	1/38
2624	196966954373803938025/98	3/14	3/14
2625	589358931566393685978125/1682	25/58	1/58
2626	1393014183590810479820225/1682	1/2	15/58
2627	31727277224515021617885625/3698	25/86	17/86
2628	23419968194881114480325/144	1/6	1/12
2629	486410362235897027436625/1682	19/58	11/58
2630	306466644414524716708625/1682	11/58	11/58
2631	306466644414524716708625/1682	25/58	9/58
2632	207739134804476485822625/1682	1/2	21/58
2633	207739134804476485822625/1682	19/58	15/58
2634	207739134804476485822625/1682	11/58	1/58
2635	506468521503356698671125/1682	23/58	13/58
2636	306466644414524716708625/1682	27/58	21/58
2637	14529519487207208331947125/4802	27/98	25/98
2638	486410362235897027436625/1682	3/58	3/58
2639	589358931566393685978125/1682	27/58	19/58
2640	86491019697265625/2	1/2	1/2
2641	26915339377941221991967625/4802	39/98	5/14
2642	589358931566393685978125/1682	9/58	9/58
2643	36508925690870766464352125/4802	47/98	13/98
2644	146286782534181335515625/98	3/14	3/14
2645	595716061614750292029125/1682	27/58	7/58
2646	25094435262148890625/4	1/2	0
2647	35196982263461597989496125/4802	3/14	15/98
2648	146286782534181335515625/98	1/2	5/14
2649	30978032114234236632264625/4802	11/98	9/98
2650	2128698209477445262047625/1058	1/2	17/46
2651	42571492208862521255235625/5618	47/106	37/106
2652	60425365427314354390625/98	1/2	5/14
2653	8744381760919542488713625/2116	21/46	3/23
2654	17086786565582321167718125/5618	45/106	31/106
2655	17086786565582321167718125/5618	43/106	17/106
2656	15100082903349815515625/256	3/16	0
2657	16481944563260823073285625/5618	25/106	7/106
2658	16481944563260823073285625/5618	13/106	9/106
2659	16481944563260823073285625/5618	15/106	5/106
2660	217153113976069041655625/162	1/2	1/18
2661	20926513883690707946980625/5618	45/106	21/106
2662	17086786565582321167718125/5618	19/106	9/106
2663	5392931576617711175505625/1058	17/46	11/46
2664	3877318919187232650625/98	1/2	1/14
2665	1377689226184095137145625/1058	13/46	1/46
2666	18872455153206782700625/242	9/22	1/22
2667	30010297538705867573125/242	9/22	3/22
2668	15479654226787585810625/242	9/22	3/22
2669	3611779863239384548733125/1058	19/46	5/46
2670	1145607810797596715440625/1682	1/2	21/58
2671	15835267690822065557703125/1458	7/18	7/54
2672	6485370014089807953125/144	5/12	1/6
2673	923106370480556640625/18	1/6	1/6
2674	3934439074500537690953125/1024	5/16	1/32
2675	12049045428442877743739825/2738	23/74	13/74
2676	229389126525611023765625/484	5/22	1/11
2677	23012198678946881530140625/2116	9/46	1/23
2678	3610965859175528599890625/1458	19/54	7/54
2679	562960006863119848328125/484	4/11	1/22
2680	1201626224172516780625/36	1/2	1/3
2681	4761362062098705852953125/1458	17/54	7/54
2682	6933845749213462015625/162	1/2	1/18
2683	2830216484218657551265625/1458	17/54	5/18
2684	237807076122881153078125/484	3/11	3/22
2685	194686944637257688890625/1058	15/46	11/46
2686	384931247308392388703125/1058	13/46	1/46
2687	384931247308392388703125/1058	11/46	7/46
2688	104668283078125/2	1/2	1/2
2689	1326311682654263621265625/1058	21/46	3/46
2690	384931247308392388703125/1058	19/46	19/46
2691	6933845749213462015625/162	1/6	1/18
2692	384931247308392388703125/1058	1/2	3/46
2693	11560195064001490337640625/1444	15/38	1/19
2694	194686944637257688890625/1058	1/2	1/46
2695	3213428333394736460453125/1458	5/54	1/54
2696	1835076798653635688125/98	3/14	3/14
2697	562960006863119848328125/484	5/11	3/22
2698	63686189881143389373125/256	3/8	1/16
2699	6177560418470908769193125/1922	11/62	9/62
2700	5939511304650625/2	1/2	1/2
2701	4464874701910304950725925/2738	11/74	7/74
2702	63686189881143389373125/256	1/8	1/16
2703	6478312390436455092018625/2178	17/66	13/66
2704	1835076798653635688125/98	1/2	5/14
2705	31227575447443552478933125/8978	59/134	29/134
2706	70069703734916532310625/144	1/3	1/12
2707	1544355738046009112882125/1458	19/54	5/54
2708	1612391183927584669578125/1024	3/32	1/16
2709	30122174546649090444280625/8978	55/134	49/134
2710	2614149436869764038507925/2738	7/74	7/74
2711	2017068478270399200531625/1458	7/54	1/54
2712	1558902918716512338125/98	3/14	3/14
2713	31227575447443552478933125/8978	57/134	1/134
2714	1180977917329301086321625/1458	1/2	7/54
2715	2614149436869764038507925/2738	15/74	13/74
2716	3008688704029822940140625/1024	1/2	9/32
2717	196957260388852415174125/484	9/22	3/11
2718	901618089841889713301125/1458	23/54	1/54
2719	3734604446055136100331625/2116	3/23	5/46
2720	353220887738119370125/242	1/2	9/22
2721	348578258225193107515625/722	13/38	3/38
2722	139809039757890056367125/484	3/11	1/22
2723	508581393148232566703125/722	13/38	1/38
2724	228406702290259027497625/484	2/11	3/22
2725	888777195515865765994625/1458	13/54	1/18
2726	172465165832725689971125/484	3/11	3/22
2727	651664559984732169019625/1458	7/54	1/18
2728	250090701537208605125/242	9/22	1/22
2729	367383240558159440928625/1458	23/54	11/54
2730	417790203558090111125/242	7/22	1/22
2731	1020503939838613550125/242	7/22	1/22
2732	269899866015403346125/242	7/22	3/22
2733	480424237652977730445125/1458	25/54	5/18
2734	498331722341265776309125/1458	17/54	17/54
2735	172465165832725689971125/484	4/11	5/22
2736	250090701537208605125/242	1/2	7/22
2737	2909711399216554894593125/1682	13/58	5/58
2738	2200026753801286567061125/2738	3/74	3/74
2739	689472656937915663112625/1458	25/54	5/18
2740	139809039757890056367125/484	5/11	5/22
2741	901618089841889713301125/1458	19/54	13/54
2742	1055564333188136369190125/1458	1/2	13/54
2743	1610454760640207619450625/1682	19/58	5/58
2744	52792431614567328125/2	1/2	1/2
2745	1738015533760224064555625/1682	27/58	21/58
2746	166423026330941260452325/722	17/38	17/38
2747	4237286145250855548288125/1682	23/58	21/58
2748	139809039757890056367125/484	9/22	0
2749	13077045054777202816240625/3362	25/82	3/82
2750	2614149436869764038507925/2738	31/74	5/74
2751	2909711399216554894593125/1682	23/58	19/58
2752	623097521066120686625/242	1/2	1/22
2753	2706057647797328125158325/1444	17/38	3/19
2754	392421660548477806537525/722	11/38	5/38
2755	1249103017897742099157325/1444	9/19	11/38
2756	36857283034939904481425/722	1/2	9/38
2757	1204886981865963617771225/1444	15/38	5/19
2758	238788890913918414857125/484	5/22	2/11
2759	27897501523683795104725/722	17/38	13/38
2760	39415096118661776315725/722	1/2	13/38
2761	5410269443100524493609625/3362	25/82	7/82
2762	12421515276968697090425/722	1/38	1/38
2763	184822082836211956299125/722	9/38	5/38
2764	11054009007944620346525/722	15/38	5/38
2765	11054009007944620346525/722	13/38	9/38
2766	11054009007944620346525/722	7/38	7/38
2767	12421515276968697090425/722	17/38	13/38
2768	20626552891113157553825/722	13/38	13/38
2769	219612121958322442190725/722	17/38	15/38
2770	1348041870800533552555925/1444	1/2	7/19
2771	989776874470404484901125/1058	3/46	1/46
2772	11456553717197265625/2	1/2	1/2
2773	3325332725939504746870625/3698	11/86	1/86
2774	1514399234088412987473925/1444	1/2	7/19
2775	1249103017897742099157325/1444	4/19	1/38
2776	65261060786636711604725/722	1/2	15/38
2777	4727800718658281329983125/3698	9/86	1/86
2778	1836916202790797204643125/3698	21/86	21/86
2779	10764762912560837394501625/3362	33/82	15/82
2780	166423026330941260452325/722	15/38	7/38
2781	12439371146764776752370625/3698	25/86	23/86
2782	2855404394437179813158125/3698	1/2	35/86
2783	2552175609187213815300625/3698	31/86	21/86
2784	26107762526680108015625/98	1/2	5/14
2785	3810782758923374052983125/3698	41/86	37/86
2786	1771892620391122967310625/3698	29/86	5/86
2787	1771892620391122967310625/3698	37/86	23/86
2788	174118888820233341860525/722	1/38	1/38
2789	1982414515883137577288125/3698	37/86	11/86
2790	2317090349742237726483125/3698	35/86	15/86
2791	2317090349742237726483125/3698	7/86	5/86
2792	1982414515883137577288125/3698	17/86	13/86
2793	2592388213077949139530625/3698	29/86	7/86
2794	2317090349742237726483125/3698	1/2	17/86
2795	1771892620391122967310625/3698	33/86	11/86
2796	3208650298903635047775625/3698	1/2	13/86
2797	2402121188264888652225625/3698	41/86	9/86
2798	1771892620391122967310625/3698	13/86	3/86
2799	2855404394437179813158125/3698	41/86	19/86
2800	39993447508015625/2	1/2	1/2
2801	3325332725939504746870625/3698	27/86	9/86
2802	2552175609187213815300625/3698	23/86	23/86
2803	1836916202790797204643125/3698	39/86	7/86
2804	2709906081344839440513125/3698	27/86	19/86
2805	87883296621566121379736825/5618	51/106	39/106
2806	2709906081344839440513125/3698	1/2	31/86
2807	1836916202790797204643125/3698	13/86	5/86
2808	371041356689453125/2	1/2	1/2
2809	5164160645581675160223125/3698	41/86	13/86
2810	8472593367100484363633125/3698	39/86	39/86
2811	3325332725939504746870625/3698	25/86	23/86
2812	5164160645581675160223125/3698	1/2	1/86
2813	4486893675669324319538125/3698	35/86	23/86
2814	121653414260820634765625/242	9/22	1/22
2815	5169081564084180646125625/3698	37/86	33/86
2816	5032128994140625/2	1/2	1/2
2817	161649057305473994140625/242	7/22	5/22
2818	6829224548169610926633125/3698	1/2	29/86
2819	19624803033405900568903925/3698	37/86	19/86
2820	15226085717254493453125/36	1/2	1/3
2821	29819041966662080811070925/5618	17/106	7/106
2822	4486893675669324319538125/3698	25/86	21/86
2823	19624803033405900568903925/3698	31/86	9/86
2824	11860951665524577631821325/3698	1/2	27/86
2825	11860951665524577631821325/3698	11/86	7/86
2826	13229222016630953328125/98	5/14	5/14
2827	11860951665524577631821325/3698	17/86	15/86
2828	11860951665524577631821325/3698	29/86	19/86
2829	11860951665524577631821325/3698	39/86	5/86
2830	29244045840487272640625/64	1/2	1/8
2831	11860951665524577631821325/3698	13/86	1/86
2832	13335757313928387398125/144	1/2	5/12
2833	18500865453768444298839625/5618	45/106	39/106
2834	124670120602055387328125/98	1/2	5/14
2835	249607962577942515625/18	1/6	1/6
2836	124670120602055387328125/98	3/14	3/14
2837	12844549901023951774353625/5618	43/106	27/106
2838	25102465641960110828125/98	1/2	5/14
2839	8093239266110804904743125/2738	27/74	3/74
2840	29244045840487272640625/64	1/8	0
2841	16144067306791572413637125/5618	41/106	15/106
2842	2747246356386236527298125/1458	25/54	19/54
2843	2747246356386236527298125/1458	11/54	1/54
2844	13229222016630953328125/98	1/2	1/14
2845	2964850028179205757183125/1458	23/54	1/18
2846	2964850028179205757183125/1458	23/54	5/18
2847	4252586825638968871023125/1458	1/6	5/54
2848	11708488024350826613125/144	1/2	1/12
2849	5155791107190608277258125/1458	19/54	1/6
2850	15226085717254493453125/36	1/6	0
2851	14655727040938224947948125/2738	29/74	25/74
2852	459771196511015892953125/722	9/38	3/38
2853	12580579849300954158858125/2738	15/74	13/74
2854	5836584602583097359953125/1444	13/38	1/19
2855	3812335607467572264015625/1444	3/19	1/38
2856	9598347620852915770625/144	1/3	1/12
2857	5026885004536887321578125/1444	5/19	7/38
2858	2314383348570917909520625/1058	1/2	19/46
2859	2314383348570917909520625/1058	21/46	9/46
2860	78895649105440597015625/722	1/2	5/38
2861	21397194224101169131718125/2738	19/74	5/74
2862	29321597597460433305625/162	1/18	1/18
2863	44297315509778074182765625/6962	33/118	1/118
2864	7574094681078473835625/256	3/16	0
2865	35128719674685229328125/722	9/38	1/38
2866	31261337692151075640625/722	1/2	3/38
2867	31261337692151075640625/722	17/38	9/38
2868	31261337692151075640625/722	13/38	7/38
2869	3407485808444467244828125/1444	5/19	1/38
2870	35128719674685229328125/722	1/2	5/38
2871	1021857900123134477407225/1058	11/46	1/46
2872	11004367466631732513125/256	3/8	1/16
2873	78895649105440597015625/722	9/38	1/38
2874	249213705051620034870625/484	5/22	2/11
2875	3532531159213071547390625/1444	9/19	17/38
2876	104234397723246336203125/722	13/38	13/38
2877	412736322630986300448125/1058	17/46	5/46
2878	666491719596660932658125/1922	27/62	15/62
2879	429756377172470271600625/1058	7/46	1/46
2880	71174432493125/2	1/2	1/2
2881	429756377172470271600625/1058	15/46	3/46
2882	666491719596660932658125/1922	17/62	13/62
2883	412736322630986300448125/1058	9/46	7/46
2884	761648181644964694608125/1922	27/62	27/62
2885	4061969748467321106788125/1458	7/54	1/54
2886	249213705051620034870625/484	7/22	3/11
2887	40044773220839379061220125/8978	25/134	13/134
2888	11004367466631732513125/256	1/8	1/16
2889	29321597597460433305625/162	7/18	5/18
2890	2984788779424909596758125/1058	3/46	3/46
2891	6418633630297294891720625/1458	5/18	1/54
2892	289398661523259922245625/484	9/22	4/11
2893	48549857798716769304311125/8978	37/134	7/134
2894	2081151122048110193648125/882	13/42	5/42
2895	40044773220839379061220125/8978	49/134	1/134
2896	7574094681078473835625/256	1/2	3/16
2897	40044773220839379061220125/8978	59/134	23/134
2898	102177383363507871139825/144	1/12	0
2899	54740102843165756698365125/8978	57/134	43/134
2900	907898347156866239273125/324	1/6	1/9
2901	2314383348570917909520625/1058	17/46	7/46
2902	2314383348570917909520625/1058	13/46	13/46
2903	59075952573317499803186125/8978	19/134	3/134
2904	1372941481785595836725/98	3/14	3/14
2905	54318157735197969617694625/8978	47/134	3/134
2906	10315813200907222754890625/3698	35/86	35/86
2907	4678848058612102910640625/722	17/38	1/38
2908	5549797589794027495485625/1024	11/32	0
2909	23223959827465454302492325/1922	13/62	11/62
2910	64165605621394571244925/196	1/2	2/7
2911	3895066556711828832498125/1682	23/58	5/58
2912	21495562248291015625/2	1/2	1/2
2913	7826859389366810566033325/1922	15/62	9/62
2914	56330246529191206174525/256	5/16	1/8
2915	4814841765212947355491825/1922	29/62	25/62
2916	2363152308430225/2	1/2	1/2
2917	4814841765212947355491825/1922	15/62	1/62
2918	56330246529191206174525/256	3/8	5/16
2919	6800343524063647295900825/1922	9/62	7/62
2920	2314585623674609368525/98	1/14	1/14
2921	17597563695665262346578125/3698	29/86	11/86
2922	64165605621394571244925/196	3/14	0
2923	3977427057123476168493125/1682	19/58	5/58
2924	700297083390656026868125/1682	19/58	19/58
2925	531097788074792825745625/1682	9/58	1/58
2926	531097788074792825745625/1682	17/58	5/58
2927	700297083390656026868125/1682	27/58	15/58
2928	1372941481785595836725/98	1/2	5/14
2929	10530616292974699884828125/3698	23/86	3/86
2930	2003820367325738532325625/1682	1/2	9/58
2931	1199518766599836560873125/1682	17/58	13/58
2932	7729597883030582296765625/3698	15/86	13/86
2933	8685836796395190415953125/3698	27/86	1/86
2934	102177383363507871139825/144	5/12	0
2935	6908755629965387716578125/3698	33/86	3/86
2936	3895066556711828832498125/1682	27/58	17/58
2937	6908755629965387716578125/3698	23/86	15/86
2938	7455983798675517436703125/3698	17/86	15/86
2939	16823242451301855587078125/3698	31/86	25/86
2940	5297510438832015625/2	1/2	1/2
2941	14858556628829669472640625/3698	3/86	1/86
2942	3895066556711828832498125/1682	25/58	25/58
2943	22452064025503955407703125/3698	31/86	27/86
2944	436467522333384693125/98	3/14	3/14
2945	32016871606077221934078125/3698	21/86	17/86
2946	6314590253116353095508725/1682	1/2	11/58
2947	5922118494876047020760125/1682	27/58	21/58
2948	19712395522525683086078125/3698	9/86	9/86
2949	131378834785396261802376625/4802	29/98	27/98
2950	10315813200907222754890625/3698	37/86	7/86
2951	11942040090627586265847625/3698	33/86	21/86
2952	1542668190095559310225/98	1/2	3/14
2953	10837573955078214125653625/3698	33/86	27/86
2954	5428573871451241980003925/1682	1/2	5/58
2955	45488042005776244178890625/3698	23/86	19/86
2956	8645865087442712341863625/3698	35/86	35/86
2957	4408298855949152161015525/1682	7/58	1/58
2958	3185187034645341156803125/1682	23/58	23/58
2959	113257616194307122243428125/4802	13/98	1/14
2960	32397654201652382280625/64	1/8	0
2961	1902561383110304449365625/1682	25/58	7/58
2962	1537269597553125995087425/1682	15/58	11/58
2963	1537269597553125995087425/1682	23/58	7/58
2964	2250872093040758869757725/1682	13/58	3/58
2965	4210777141781981284489625/3698	33/86	7/86
2966	4436859135971617863522625/3698	41/86	29/86
2967	36540554331607372794119125/3698	33/86	7/86
2968	6545465458017535264008625/3698	1/2	25/86
2969	6545465458017535264008625/3698	19/86	7/86
2970	92804864135166015625/4	1/2	0
2971	4279802175406250859504125/3698	41/86	17/86
2972	3080367170833798389324625/3698	19/86	7/86
2973	7669744492559716886834125/3698	41/86	19/86
2974	4544304044101346138706625/3698	35/86	29/86
2975	11746597246073290962317125/3698	35/86	31/86
2976	2123751367058415453125/98	1/2	1/14
2977	4279802175406250859504125/3698	35/86	33/86
2978	3734604446055136100331625/3698	3/86	1/86
2979	3734604446055136100331625/3698	41/86	7/86
2980	3080367170833798389324625/3698	27/86	5/86
2981	4178319825784459201361125/3698	37/86	5/86
2982	4178319825784459201361125/3698	3/86	3/86
2983	4788293522979270763603625/3698	9/86	5/86
2984	7010427570649781890625/242	1/2	9/22
2985	3734604446055136100331625/3698	31/86	9/86
2986	9315225676068888265625/242	9/22	3/22
2987	16645239322811620015625/242	9/22	5/22
2988	7010427570649781890625/242	5/22	1/22
2989	4150998704906438773578125/1058	7/46	1/46
2990	4210777141781981284489625/3698	9/86	5/86
2991	7212519262656264972442625/3698	35/86	3/86
2992	7955653759950876078125/242	9/22	9/22
2993	18243925421363728759765625/722	13/38	7/38
2994	7212519262656264972442625/3698	31/86	31/86
2995	4210777141781981284489625/3698	21/86	3/86
2996	634665823298291018235625/256	1/2	3/16
2997	198223640673846398430625/98	1/14	1/14
2998	8645865087442712341863625/3698	27/86	1/86
2999	30355601938730455774635625/1058	21/46	1/46
3000	46392399109298125/2	1/2	1/2
3001	23171279499100432604328125/1058	19/46	15/46
3002	10837573955078214125653625/3698	19/86	9/86
3003	42884930616285393404946125/3698	7/86	3/86
3004	634665823298291018235625/256	3/16	0
3005	20206665613269185824515625/1922	15/62	7/62
3006	460784775819307177623125/162	1/2	7/18
3007	20206665613269185824515625/1922	5/62	1/62
3008	898571872143266140625/98	1/14	1/14
3009	299449852846099781475495625/8978	19/134	13/134
3010	6086903945511359391078125/882	3/14	1/42
3011	11942040090627586265847625/3698	39/86	3/86
3012	36099979989933532765625/144	1/3	1/12
3013	376372750824914404239843125/8978	25/134	13/134
3014	4594848865180920474578125/1024	3/32	1/16
3015	37151649150100964025625/36	1/6	0
3016	28912828501437266140625/256	7/16	0
3017	3961057504696905461265625/1922	25/62	15/62
3018	783686347183416153798425/1058	3/46	3/46
3019	3961057504696905461265625/1922	9/62	5/62
3020	32811187400507459328125/256	3/8	5/16
3021	8621125157281500121578125/1922	27/62	25/62
3022	2804544364639414815640625/1922	23/62	23/62
3023	12368584677069635197015625/1922	25/62	7/62
3024	973612519953125/2	1/2	1/2
3025	12368584677069635197015625/1922	13/62	3/62
3026	2804544364639414815640625/1922	1/2	29/62
3027	12368584677069635197015625/1922	29/62	9/62
3028	32811187400507459328125/256	5/16	1/8
3029	3961057504696905461265625/1922	29/62	3/62
3030	47960235178399127130625/64	1/2	1/8
3031	3961057504696905461265625/1922	27/62	11/62
3032	28912828501437266140625/256	1/2	7/16
3033	37151649150100964025625/98	1/14	1/14
3034	4594848865180920474578125/1024	7/16	3/32
3035	106163019095076235605625/64	3/8	0
3036	36099979989933532765625/144	5/12	1/3
3037	1710802991190714884393125/256	3/8	1/16
3038	1710802991190714884393125/256	1/8	1/16
3039	62081488674975376530625/64	1/8	0
3040	898571872143266140625/98	1/2	3/14
3041	20206665613269185824515625/1922	27/62	17/62
3042	37151649150100964025625/98	1/2	3/14
3043	20206665613269185824515625/1922	21/62	9/62
3044	4015324918919623693493525/1458	7/18	1/54
3045	383953713720734088773725/1058	13/46	3/46
3046	17357345067628733471816525/2116	10/23	1/46
3047	53784443287293449377648625/3362	39/82	33/82
3048	56115810479401630140625/144	5/12	0
3049	147126268096534563129158125/7442	45/122	5/122
3050	29609588644778427687216425/2116	3/46	1/23
3051	28045950675257621055625/98	5/14	5/14
3052	3588918732839663655246425/1458	1/2	11/54
3053	11405094445812333371543425/2738	13/74	7/74
3054	283060767049592284424425/1058	1/2	13/46
3055	134082594484660524051805625/6962	35/118	19/118
3056	298685687610338728266125/484	3/22	0
3057	2344207033588913254582925/1458	7/18	17/54
3058	6087567394917868502215625/1458	1/2	17/54
3059	38245008132262328316895625/6962	53/118	35/118
3060	5380664301389646524125/162	1/18	1/18
3061	5152408081799517128819125/1458	7/54	5/54
3062	2593149373439063334715625/1458	1/2	5/54
3063	283060767049592284424425/1058	17/46	15/46
3064	298685687610338728266125/484	9/22	2/11
3065	2593970965319756899336525/1458	25/54	13/54
3066	274071048083575380756625/1058	3/46	3/46
3067	33701046770013338813898125/6962	53/118	51/118
3068	344344646225931909657125/484	5/11	5/22
3069	6046313493314138877625/162	5/18	1/18
3070	1204886981865963617771225/1458	1/2	19/54
3071	1348041870800533552555925/1458	13/54	1/18
3072	51078122142125/2	1/2	1/2
3073	1204886981865963617771225/1458	19/54	1/6
3074	1348041870800533552555925/1458	7/18	13/54
3075	274071048083575380756625/1058	11/46	9/46
3076	344344646225931909657125/484	3/11	1/22
3077	1694327855960303639451025/1458	17/54	11/54
3078	5380664301389646524125/162	7/18	5/18
3079	2138875030646818662940625/1458	11/54	1/18
3080	114170483595517578125/2	1/2	1/2
3081	283060767049592284424425/1058	11/46	5/46
3082	2593149373439063334715625/1458	23/54	1/18
3083	75179258179260525046388125/6962	29/118	9/118
3084	207367770379152365484125/484	7/22	3/11
3085	50429258510682185125818125/6962	21/118	15/118
3086	5152408081799517128819125/1458	19/54	19/54
3087	262790038038038679897625/1058	9/46	3/46
3088	298685687610338728266125/484	1/2	4/11
3089	22245580255693363110832225/2738	21/74	17/74
3090	283060767049592284424425/1058	21/46	21/46
3091	14561531097003971033403125/2116	21/46	8/23
3092	12458293058531644407728125/2178	1/6	7/66
3093	20153159038253495910229925/2116	7/23	1/46
3094	10251698554508317586207125/1458	23/54	23/54
3095	4015324918919623693493525/1458	5/18	1/54
3096	6106147128543306729625/162	5/18	5/18
3097	53784443287293449377648625/3362	31/82	3/82
3098	17357345067628733471816525/2116	11/23	3/46
3099	383953713720734088773725/1058	21/46	17/46
3100	12458293058531644407728125/2178	31/66	23/66
3101	1459327924532010937029925/722	13/38	3/38
3102	1774897969269720721311925/722	11/38	11/38
3103	19554541935054033393002725/1444	9/38	3/19
3104	158264528062724206053125/196	3/14	1/7
3105	117775811017779915105625/36	1/6	0
3106	218496490035859212754525/722	11/38	11/38
3107	6858032826119357281807525/1458	19/54	5/54
3108	219131596556083347081725/722	15/38	15/38
3109	122277852221902862183725/722	15/38	11/38
3110	117435165005193837938825/722	11/38	11/38
3111	117435165005193837938825/722	9/38	3/38
3112	122277852221902862183725/722	1/2	17/38
3113	12800432985566128335331925/1444	13/38	5/19
3114	218496490035859212754525/722	9/38	3/38
3115	7989254735582344049940725/1458	7/18	13/54
3116	362824446756793738610725/722	9/38	9/38
3117	1774897969269720721311925/722	9/38	3/38
3118	26271723825706196479793125/3698	11/86	3/86
3119	65767036808332063798465625/3362	21/82	13/82
3120	2162275492431640625/2	1/2	1/2
3121	16231574592952236041655625/3698	15/86	9/86
3122	1459327924532010937029925/722	1/2	11/38
3123	24827676838888828914711325/1444	17/38	7/19
3124	53530664210531815883980625/3698	1/2	33/86
3125	56971266273722426074158125/3698	37/86	33/86
3126	783686347183416153798425/1058	1/2	15/46
3127	11966343313052378395673125/3698	29/86	25/86
3128	3413828593563030741529925/722	3/38	3/38
3129	72371484041344128358537625/4418	41/94	17/94
3130	17235925689442416588263125/3698	25/86	25/86
3131	119986805594759571573925625/5618	51/106	13/106
3132	247908222930334123015625/98	1/2	1/14
3133	11966343313052378395673125/3698	27/86	7/86
3134	18601147526229934733868125/3698	33/86	5/86
3135	990006819531898650828125/242	9/22	7/22
3136	56404355339515625/2	1/2	1/2
3137	12215514899850651866400625/3698	17/86	15/86
3138	10224958332348773820535625/3698	29/86	27/86
3139	8014156530759849751230625/3698	17/86	7/86
3140	128438516744069591515625/64	1/2	3/8
3141	8966333544315475464248125/3698	7/86	3/86
3142	8014156530759849751230625/3698	13/86	13/86
3143	8014156530759849751230625/3698	39/86	35/86
3144	103330950346117446265625/98	5/14	5/14
3145	8014156530759849751230625/3698	33/86	25/86
3146	8648941206463600226575625/3698	41/86	41/86
3147	10224958332348773820535625/3698	13/86	5/86
3148	250159054156085242390625/98	5/14	5/14
3149	15267403537342689677238125/3698	37/86	35/86
3150	42912969176100765625/4	1/2	0
3151	16231574592952236041655625/3698	41/86	1/86
3152	250159054156085242390625/98	1/2	1/14
3153	3000945280677959418203725/1058	15/46	1/46
3154	21521356520686150455348125/3698	35/86	31/86
3155	11966343313052378395673125/3698	37/86	21/86
3156	103330950346117446265625/98	1/2	1/14
3157	39812292679644375409195625/5618	31/106	5/106
3158	30931868563927846041645625/3698	33/86	31/86
3159	23077659262013916015625/18	1/6	1/6
3160	128438516744069591515625/64	3/8	0
3161	70230673603417606058918125/5618	49/106	43/106
3162	54422308341899192073120625/5618	1/2	21/106
3163	34709357755130084400310625/3698	37/86	11/86
3164	16231574592952236041655625/3698	29/86	29/86
3165	57344311474350155405905625/5618	41/106	33/106
3166	34709357755130084400310625/3698	33/86	33/86
3167	119986805594759571573925625/5618	41/106	33/106
3168	20983028447265625/2	1/2	1/2
3169	26271723825706196479793125/3698	9/86	7/86
3170	72412889671989612300888125/5618	47/106	39/106
3171	38226666968410145126078125/2738	17/74	13/74
3172	2355386872138641376953125/256	1/8	1/16
3173	81451681695237840690734225/1058	13/46	5/46
3174	17774182730534653466265625/2738	19/74	19/74
3175	19394889214138453851265625/1458	7/18	17/54
3176	609796959289417783203125/144	1/6	1/12
3177	16135074754243488959703125/2738	19/74	11/74
3178	5658302122279344690953125/1458	7/54	7/54
3179	5658302122279344690953125/1458	25/54	11/54
3180	508140263518876168935625/162	1/18	1/18
3181	28201800526994628690203125/2738	29/74	1/74
3182	7335890739026461819390625/1458	1/2	5/54
3183	3532531159213071547390625/1458	25/54	5/18
3184	43841101295247101763125/144	5/12	1/6
3185	3532531159213071547390625/1458	25/54	1/18
3186	3812335607467572264015625/1458	25/54	5/54
3187	3812335607467572264015625/1458	13/54	7/54
3188	4282803263824697362765625/1458	1/2	23/54
3189	3407485808444467244828125/1458	11/54	7/54
3190	3407485808444467244828125/1458	25/54	25/54
3191	3355604743300451078523125/484	2/11	1/22
3192	12530548516168171945625/162	1/2	1/18
3193	14458791133129225876703125/2738	25/74	17/74
3194	1550670495313130520655625/484	3/22	1/11
3195	1362228391325581023570625/1058	15/46	5/46
3196	1607575834590676594808125/484	1/2	2/11
3197	1279020189564844882000625/484	5/11	3/22
3198	17105443272385467813125/242	7/22	5/22
3199	2123877562488412143505625/484	5/11	9/22
3200	707557593608125/2	1/2	1/2
3201	22729150649608087368125/242	5/22	1/22
3202	1607575834590676594808125/484	1/11	1/22
3203	1279020189564844882000625/484	4/11	1/22
3204	17105443272385467813125/242	9/22	9/22
3205	17038523430720152106201625/1444	9/19	15/38
3206	1550670495313130520655625/484	9/22	4/11
3207	3360456681105892853558125/1058	17/46	11/46
3208	722790572283920404883125/578	3/34	1/34
3209	3355604743300451078523125/484	5/11	7/22
3210	2108654907120419940595625/1058	1/2	17/46
3211	54657081619077079699155625/2738	31/74	5/74
3212	2381957771151097397708125/484	1/2	2/11
3213	7045993226231647118575625/1058	15/46	7/46
3214	601239256975943860015625/722	1/2	7/38
3215	128733354791269578699578125/3362	13/82	11/82
3216	1042343371686188723125/98	3/14	3/14
3217	12345153502725037067328125/1444	3/19	1/38
3218	7729597883030582296765625/1444	5/38	1/19
3219	2250124200392647973265625/722	13/38	7/38
3220	211337632081077433953125/722	1/38	1/38
3221	6908755629965387716578125/1444	8/19	11/38
3222	127269623739433371828125/722	13/38	1/38
3223	6908755629965387716578125/1444	5/19	7/38
3224	71224284845003997078125/722	1/2	15/38
3225	68403521088766215015625/722	13/38	1/38
3226	68403521088766215015625/722	3/38	3/38
3227	71224284845003997078125/722	11/38	3/38
3228	127639559969759638328125/722	11/38	11/38
3229	39781392963974444805953125/3362	25/82	3/82
3230	127269623739433371828125/722	3/38	3/38
3231	6908755629965387716578125/1444	4/19	3/38
3232	1183570242918617100625/98	1/14	1/14
3233	7729597883030582296765625/1444	17/38	7/19
3234	95808667209481781238125/256	3/16	1/8
3235	601239256975943860015625/722	9/38	5/38
3236	33538881061667228723125/256	7/16	3/8
3237	6616203761794286906650625/1922	29/62	15/62
3238	56830774450961139143125/256	7/16	1/8
3239	3253271462981721186143125/1922	11/62	5/62
3240	1440946529530625/2	1/2	1/2
3241	3253271462981721186143125/1922	15/62	13/62
3242	56830774450961139143125/256	7/16	3/8
3243	6616203761794286906650625/1922	25/62	21/62
3244	33538881061667228723125/256	7/16	1/8
3245	52021821568274273977015625/3362	35/82	19/82
3246	95808667209481781238125/256	3/8	3/16
3247	12128506221040442044443125/1024	5/16	9/32
3248	1183570242918617100625/98	1/2	3/14
3249	6313767565698330475902125/1444	17/38	5/19
3250	15820355151636024058720625/1922	1/2	7/62
3251	136152228950853888808148425/8978	63/134	33/134
3252	41875976788322898008125/144	1/2	1/12
3253	136152228950853888808148425/8978	15/134	3/134
3254	95431860708881894421043625/6962	1/2	47/118
3255	156137877237217762394665625/8978	49/134	39/134
3256	6545465458017535264008625/1444	13/38	0
3257	68681158909655913182453125/3698	23/86	17/86
3258	88083951175437819948125/144	5/12	1/6
3259	6574129114799292557382625/1444	15/38	6/19
3260	6545465458017535264008625/1444	2/19	1/38
3261	68681158909655913182453125/3698	9/86	7/86
3262	4061723083665804955835125/1444	11/38	0
3263	67041249549495140226087625/6962	39/118	37/118
3264	19285871734619140625/2	1/2	1/2
3265	4715960358887142666842125/1444	7/38	2/19
3266	3734604446055136100331625/1444	1/2	2/19
3267	24700350878729848035025/98	5/14	5/14
3268	114240899904677984478625/722	1/38	1/38
3269	3871654150497526415940125/1444	3/19	3/38
3270	5736660437754796690200125/1444	8/19	9/38
3271	106666917590555687165125/722	9/38	5/38
3272	90066169863910393843625/722	11/38	11/38
3273	10696911954789261741970625/1682	23/58	1/58
3274	38501076763455011343625/722	1/2	15/38
3275	3734604446055136100331625/1444	8/19	11/38
3276	27259886467555737958625/722	15/38	7/38
3277	27259886467555737958625/722	11/38	1/38
3278	27259886467555737958625/722	17/38	17/38
3279	38501076763455011343625/722	11/38	3/38
3280	50866386088944212067125/722	1/38	1/38
3281	48549857798716769304311125/6962	21/118	15/118
3282	149891897271816287808025/64	1/2	3/8
3283	40044773220839379061220125/6962	45/118	43/118
3284	106666917590555687165125/722	1/2	7/38
3285	24700350878729848035025/64	1/8	0
3286	3734604446055136100331625/1444	15/38	0
3287	2978580308073751460145625/1682	17/58	11/58
3288	160937910084692343097625/722	1/2	7/38
3289	1607843988555194719038125/1682	25/58	23/58
3290	1038695674022382429113125/1682	1/2	1/58
3291	1038695674022382429113125/1682	21/58	13/58
3292	1038695674022382429113125/1682	11/58	5/58
3293	1532333222072623583543125/1682	7/58	1/58
3294	24700350878729848035025/98	1/2	1/14
3295	3310106019177586573173125/1682	27/58	23/58
3296	5201250767007622681875625/1682	23/58	23/58
3297	67041249549495140226087625/6962	19/118	13/118
3298	2978580308073751460145625/1682	19/58	7/58
3299	73396978128246148711765625/3698	41/86	23/86
3300	19591384758994140625/2	1/2	1/2
3301	73396978128246148711765625/3698	39/86	1/86
3302	4544304044101346138706625/1444	13/38	1/19
3303	71115856520991442202914625/3698	29/86	17/86
3304	11306131268194316139360125/3698	1/86	1/86
3305	12675284024655636389955625/1682	27/58	23/58
3306	23219363463776677150552625/3698	39/86	33/86
3307	94445219860470233634953125/5618	43/106	37/106
3308	70529502524205068978310625/4802	37/98	37/98
3309	94445219860470233634953125/5618	13/106	9/106
3310	11306131268194316139360125/3698	35/86	29/86
3311	94445219860470233634953125/5618	39/106	1/106
3312	3143152023246454870625/98	3/14	3/14
3313	118706377255820385394390625/5618	33/106	9/106
3314	6957208846279052053064125/1444	17/38	6/19
3315	9773366231834401969547125/1444	13/38	5/19
3316	19286929810449127531849625/3698	25/86	17/86
3317	264806533878368552033640625/5618	41/106	9/106
3318	31159750849186661505223225/3698	15/86	3/86
3319	21515189998545361396383625/3698	21/86	17/86
3320	17663790345608965027530125/1444	11/38	1/19
3321	78867204727274744559025/98	3/14	3/14
3322	10948020568633151339673025/3698	19/86	11/86
3323	361782265247632715869703125/5618	31/106	5/106
3324	18752550082906288928350825/3698	1/2	11/86
3325	12956661380339471780142625/3698	7/86	1/86
3326	4606980952431821009933185/722	3/38	1/38
3327	4041226432636849853515625/242	9/22	3/22
3328	125803224853515625/2	1/2	1/2
3329	18752550082906288928350825/3698	29/86	21/86
3330	44761362496343174314947925/3698	27/86	27/86
3331	10948020568633151339673025/3698	33/86	9/86
3332	22515740414736103698572825/3698	1/2	5/86
3333	16626663629697523734353125/3698	27/86	15/86
3334	20673127815725181847264825/3698	1/2	21/86
3335	18477751410515428022776525/3698	11/86	9/86
3336	358876271664633355140625/144	5/12	0
3337	8008954644167875812244025/3698	25/86	21/86
3338	11815190514663499960637225/3698	1/2	17/86
3339	9773366231834401969547125/1444	5/38	2/19
3340	8171758243348367110626625/3698	1/2	41/86
3341	8008954644167875812244025/3698	35/86	23/86
3342	11127485656056252234710725/3698	29/86	29/86
3343	8171758243348367110626625/3698	37/86	21/86
3344	328464179590688561265625/256	1/2	5/16
3345	10276977198268513210401625/3698	19/86	11/86
3346	6024434909329818088856125/3698	37/86	37/86
3347	8171758243348367110626625/3698	9/86	3/86
3348	30399098035047829953125/98	1/2	3/14
3349	8008954644167875812244025/3698	29/86	15/86
3350	6245515089488710495786625/3698	33/86	11/86
3351	6740209354002667762779625/3698	15/86	5/86
3352	164889097791858568578125/144	5/12	1/6
3353	9213680676572454097744625/3698	27/86	15/86
3354	6024434909329818088856125/3698	27/86	17/86
3355	6245515089488710495786625/3698	29/86	5/86
3356	8859463101955614836553125/3698	31/86	31/86
3357	171164709112606472453125/162	5/18	1/18
3358	8008954644167875812244025/3698	5/86	3/86
3359	6024434909329818088856125/3698	33/86	31/86
3360	5673810892140625/2	1/2	1/2
3361	8171758243348367110626625/3698	29/86	25/86
3362	9364715651136449900499125/3698	1/2	33/86
3363	13226454063976223055344125/3698	19/86	1/86
3364	8008954644167875812244025/3698	37/86	27/86
3365	99450620333312939918378125/3698	37/86	13/86
3366	171164709112606472453125/162	7/18	7/18
3367	11535833753526206445158825/3698	37/86	21/86
3368	164889097791858568578125/144	1/6	1/12
3369	12956661380339471780142625/3698	15/86	13/86
3370	197689749881693963050625/64	1/2	1/8
3371	16626663629697523734353125/3698	39/86	11/86
3372	290184502821058881173125/98	1/14	1/14
3373	21515189998545361396383625/3698	37/86	7/86
3374	11535833753526206445158825/3698	27/86	7/86
3375	2885468047401015480625/18	1/6	1/6
3376	328464179590688561265625/256	5/16	0
3377	10948020568633151339673025/3698	39/86	37/86
3378	290184502821058881173125/98	1/2	3/14
3379	2514835334145816728515625/722	13/38	1/38
3380	197689749881693963050625/64	1/8	0
3381	84218061075673916196242125/2178	25/66	7/66
3382	10948020568633151339673025/3698	1/2	3/86
3383	109585715399128271375028125/3698	41/86	21/86
3384	8532456803625881140625/98	3/14	3/14
3385	19305683481778409345703125/722	7/38	3/38
3386	1193944454569592074285625/484	5/22	1/11
3387	182907207414104190847194625/4418	11/94	1/94
3388	12956661380339471780142625/3698	27/86	3/86
3389	31159750849186661505223225/3698	41/86	31/86
3390	210639167460274130085625/64	3/8	0
3391	89442125196372970129623125/1936	5/22	7/44
3392	3115487605330603433125/242	1/2	7/22
3393	632285788140519004578125/144	1/6	1/12
3394	7721778690230045564410625/1458	25/54	1/18
3395	45743731177064658683733125/2116	4/23	1/46
3396	7872370881798141265625/98	1/2	3/14
3397	46781112271674203757953125/1024	3/16	1/32
3398	11306131268194316139360125/3698	41/86	27/86
3399	450601163071591090203125/196	3/7	5/14
3400	27294641788615676515625/98	1/2	1/14
3401	482279507955404162453125/256	3/8	1/16
3402	1476970192768890625/4	1/2	0
3403	482279507955404162453125/256	1/8	1/16
3404	27294641788615676515625/98	5/14	5/14
3405	450601163071591090203125/196	1/7	1/14
3406	3619670870678414610560125/1058	13/46	13/46
3407	31984483622155373532543125/2116	17/46	4/23
3408	1250453507686043025625/242	1/2	5/22
3409	862325829163628449855625/484	1/11	1/22
3410	1228695616652305876979125/1058	9/46	9/46
3411	2402121188264888652225625/1458	25/54	13/54
3412	1349499330077016730625/242	5/22	1/22
3413	5102519699193067750625/242	7/22	5/22
3414	2088951017790450555625/242	7/22	5/22
3415	1228695616652305876979125/1058	15/46	11/46
3416	1250453507686043025625/242	7/22	3/22
3417	3258322799923660845098125/1458	13/54	11/54
3418	862325829163628449855625/484	5/11	9/22
3419	4443885977579328829973125/1458	17/54	13/54
3420	8532456803625881140625/98	1/2	5/14
3421	42034612465482343995250625/1458	7/18	17/54
3422	699045198789450281835625/484	9/22	2/11
3423	5277821665940681845950625/1458	19/54	5/54
3424	1766104438690596850625/242	1/2	3/22
3425	25525507452395196282083125/2116	13/46	1/23
3426	4508090449209448566505625/1458	5/18	7/54
3427	984786301944262075870625/484	9/22	4/11
3428	6177576878497925313258625/784	13/28	1/7
3429	16772197714429902016975625/2738	25/74	3/74
3430	5904889586646505431608125/1458	1/54	1/54
3431	81435883733875943017533125/2116	6/23	9/46
3432	107784723283348316440625/144	1/3	1/12
3433	10085342391351996002658125/1458	5/54	1/18
3434	16772197714429902016975625/2738	13/74	13/74
3435	89442125196372970129623125/1936	21/44	9/22
3436	6359270829410393936816125/1024	11/32	1/16
3437	7721778690230045564410625/1458	25/54	5/18
3438	2785574403203210006914825/1058	13/46	7/46
3439	153642574994280126662292125/2116	7/23	3/46
3440	37870473405392369178125/256	3/8	3/16
3441	34685570349976652397592925/1458	19/54	1/18
3442	7600179675704941894219625/1058	1/2	11/46
3443	44342933683355768346250625/2738	5/74	3/74
3444	1799530366671100269953825/1058	9/46	9/46
3445	83394052205250697209097825/1444	15/38	1/19
3446	119501728963067787664615625/4418	19/94	5/94
3447	7267423618308591811328125/1058	15/46	5/46
3448	112304846063570420853125/256	3/8	1/16
3449	111266197479539991470947625/2178	7/66	1/22
3450	1667454743429184653810425/1058	13/46	5/46
3451	54175698147936584318319025/1444	7/38	2/19
3452	3012542572576907415614725/1922	29/62	3/62
3453	4867173615931442222265625/1058	17/46	9/46
3454	2905153109685899036020225/1058	17/46	7/46
3455	9623281182709809717578125/1058	19/46	5/46
3456	173665615283225/2	1/2	1/2
3457	9623281182709809717578125/1058	11/46	9/46
3458	2905153109685899036020225/1058	21/46	9/46
3459	4867173615931442222265625/1058	19/46	3/46
3460	3012542572576907415614725/1922	27/62	11/62
3461	54175698147936584318319025/1444	15/38	6/19
3462	1667454743429184653810425/1058	3/46	1/46
3463	49940063529720651249191125/1682	15/58	5/58
3464	112304846063570420853125/256	1/8	1/16
3465	7267423618308591811328125/1058	21/46	19/46
3466	119501728963067787664615625/4418	45/94	37/94
3467	83394052205250697209097825/1444	17/38	2/19
3468	1799530366671100269953825/1058	1/2	1/46
3469	56685117282465184999435625/1458	17/54	1/18
3470	10229541593701397996478125/1024	7/16	13/32
3471	24904298485553504179876025/1458	17/54	5/18
3472	37870473405392369178125/256	3/16	1/8
3473	363976601551093090936943125/3698	35/86	27/86
3474	2785574403203210006914825/1058	19/46	15/46
3475	119250800602487495046535625/3698	31/86	23/86
3476	6359270829410393936816125/1024	7/16	11/32
3477	94590900214100961759993125/3698	39/86	5/86
3478	147947037775593224039535625/3698	23/86	15/86
3479	196716923617625914525335625/3698	41/86	13/86
3480	107784723283348316440625/144	5/12	1/3
3481	69734897238132825823060625/3698	27/86	3/86
3482	170278666119078993705880625/3698	5/86	5/86
3483	819478402990942137399125/162	5/18	1/6
3484	13293122583056711344221025/1922	29/62	29/62
3485	100443842810888565635050625/3698	29/86	11/86
3486	69734897238132825823060625/3698	15/86	13/86
3487	90383451391882176944073125/3698	37/86	13/86
3488	34234907958474701737025/256	1/2	1/16
3489	46703188058566020964068125/3698	27/86	23/86
3490	46703188058566020964068125/3698	33/86	13/86
3491	46703188058566020964068125/3698	39/86	9/86
3492	12401223829527946954497125/1682	1/2	23/58
3493	46703188058566020964068125/3698	25/86	17/86
3494	72598025001929359320383125/3698	39/86	39/86
3495	71186966140508971221438125/3698	37/86	5/86
3496	2988509374909730223228625/484	4/11	7/22
3497	4355897916035982287298925/722	13/38	3/38
3498	2630789830477177421041925/722	1/2	7/38
3499	4078363806439444306968625/1682	27/58	15/58
3500	26362167331702515625/2	1/2	1/2
3501	18271635708344882232511025/722	9/38	5/38
3502	10019101836628692661628125/1682	1/2	17/58
3503	108399790756305481724955625/3698	25/86	23/86
3504	47991738104264578853125/144	1/2	1/12
3505	6965070917954052399101125/1682	15/58	1/58
3506	2809117000058816713449625/1682	21/58	21/58
3507	94590900214100961759993125/3698	17/86	15/86
3508	2381010083528230491351625/1682	23/58	21/58
3509	2889849799166211751241125/1682	17/58	3/58
3510	2320121603379150390625/4	1/2	0
3511	1380854248994461346938625/1682	7/58	5/58
3512	1735569101947167014042125/1682	3/58	1/58
3513	2381010083528230491351625/1682	27/58	3/58
3514	2381010083528230491351625/1682	1/2	19/58
3515	2809117000058816713449625/1682	23/58	11/58
3516	40044773220839379061220125/4802	11/98	11/98
3517	680761144754269444040742125/13778	57/166	43/166
3518	6965070917954052399101125/1682	1/2	9/58
3519	4078363806439444306968625/1682	5/58	1/58
3520	208595988681640625/2	1/2	1/2
3521	344391454301093244393356125/4802	45/98	43/98
3522	3003062372258684658203125/242	9/22	5/22
3523	257454099200621962908888125/3698	33/86	9/86
3524	4078363806439444306968625/1682	19/58	19/58
3525	283646268829072877915351125/4802	37/98	3/98
3526	12837264703368404737953125/256	1/8	1/16
3527	238558385497824020677043125/3698	37/86	21/86
3528	678227980058078125/2	1/2	1/2
3529	306737746138652627386908125/5618	29/106	9/106
3530	8854661612859739668265625/484	5/11	3/22
3531	188126777928769012252245625/5618	15/106	13/106
3532	103511960967075376063908625/4802	1/2	9/98
3533	120371044130323683887295625/3698	21/86	15/86
3534	123993094263502282970718125/5618	1/2	47/106
3535	130650441606509116955723125/5618	17/106	11/106
3536	227116028675078090640625/98	1/2	3/14
3537	137699397616751647057493125/5618	13/106	1/106
3538	92504327268842221494198125/5618	15/106	11/106
3539	87790730974888477723793125/5618	17/106	13/106
3540	92504327268842221494198125/5618	1/2	9/106
3541	80720336533957862068185625/5618	37/106	23/106
3542	64222749505119758871768125/5618	51/106	31/106
3543	64222749505119758871768125/5618	11/106	7/106
3544	19475332783559144162490625/1682	21/58	3/58
3545	64222749505119758871768125/5618	43/106	21/106
3546	64222749505119758871768125/5618	13/106	1/106
3547	64222749505119758871768125/5618	27/106	17/106
3548	3254153933786306051515625/484	2/11	1/22
3549	87790730974888477723793125/5618	37/106	19/106
3550	101931519856749709035008125/5618	1/2	49/106
3551	101931519856749709035008125/5618	11/106	1/106
3552	14356559241314888463125/98	1/2	3/14
3553	92504327268842221494198125/5618	39/106	37/106
3554	123993094263502282970718125/5618	39/106	23/106
3555	179811782219210160881980625/5618	49/106	25/106
3556	22449446483914832707203125/1024	9/32	3/16
3557	5752298420032969565515625/484	9/22	4/11
3558	11946438219259392588390625/1058	5/46	5/46
3559	306737746138652627386908125/5618	35/106	11/106
3560	169663165555994423828125/98	3/14	3/14
3561	412335031383531387168773125/5618	27/106	19/106
3562	5888146253803937626953125/256	3/8	1/16
3563	61702939622858393380015625/1458	1/18	1/54
3564	549141207900390625/2	1/2	1/2
3565	886116112344520284629943125/5618	21/106	3/106
3566	2010528226606826031828125/484	9/22	3/11
3567	38122198365715058330328125/1458	11/54	1/18
3568	169663165555994423828125/98	1/2	5/14
3569	97026584549723941165971125/1444	7/19	11/38
3570	3287274946239161718953125/1058	21/46	17/46
3571	1753351572254002741645015625/10082	13/142	5/142
3572	1524763017493767393265625/484	3/22	0
3573	30086983531421932823768125/1058	15/46	11/46
3574	30086983531421932823768125/1058	1/2	1/46
3575	1658318902237747018953125/484	9/22	4/11
3576	12690245993843505953125/162	1/18	1/18
3577	22208655524997918658703125/1458	19/54	5/54
3578	1524763017493767393265625/484	9/22	2/11
3579	1565601587663674139515625/1058	21/46	7/46
3580	11803823629565629316890625/1922	7/62	3/62
3581	2014467928221692687453125/484	9/22	2/11
3582	18880609893279362515625/242	9/22	1/22
3583	6908755629965387716578125/1458	25/54	1/18
3584	491135789828125/2	1/2	1/2
3585	28191595594074664578125/242	5/22	1/22
3586	7729597883030582296765625/1458	1/2	19/54
3587	2014467928221692687453125/484	7/22	1/11
3588	18880609893279362515625/242	1/2	7/22
3589	20203617398635049159828125/1458	25/54	23/54
3590	1524763017493767393265625/484	7/22	1/11
3591	882459587967405095513125/162	7/18	5/18
3592	195450720669715919110625/256	1/2	1/16
3593	1658318902237747018953125/484	3/22	1/11
3594	1751613657485100769953125/1058	9/46	9/46
3595	26776748731751080918155625/1922	13/62	11/62
3596	221803626827430425058125/256	3/16	1/8
3597	3287274946239161718953125/1058	13/46	3/46
3598	9348264956910071155510625/1058	1/2	17/46
3599	9348264956910071155510625/1058	9/46	1/46
3600	6581620634883125/2	1/2	1/2
3601	9348264956910071155510625/1058	21/46	3/46
3602	2010528226606826031828125/484	5/22	1/11
3603	12421667134524341124445625/1058	17/46	3/46
3604	221803626827430425058125/256	3/8	3/16
3605	26776748731751080918155625/1922	17/62	1/62
3606	33023456528369589818648125/1058	21/46	21/46
3607	17532979849581162281544125/1458	25/54	5/18
3608	195450720669715919110625/256	1/16	0
3609	200223866104196895306100625/8978	27/134	5/134
3610	251657519782339217036108125/8978	35/134	11/134
3611	5752298420032969565515625/484	3/22	1/11
3612	244035864731950681495625/144	5/12	1/3
3613	200223866104196895306100625/8978	53/134	25/134
3614	22324373509551524753629625/2738	1/2	31/74
3615	200223866104196895306100625/8978	13/134	7/134
3616	6074345855688479110625/98	1/2	5/14
3617	200223866104196895306100625/8978	23/134	15/134
3618	18088808423686868018125/98	1/2	5/14
3619	251657519782339217036108125/8978	59/134	3/134
3620	3254153933786306051515625/484	5/11	7/22
3621	273700514215828783491825625/8978	17/134	3/134
3622	13070747184348820192539625/2738	1/2	3/74
3623	6657517903886911209078125/722	9/38	1/38
3624	379342878840755019750625/144	5/12	0
3625	16067861188403326733504125/2738	25/74	7/74
3626	1252846846535889981390625/722	1/2	13/38
3627	7527865733497397096453125/722	17/38	15/38
3628	756669877610785038265625/722	17/38	1/38
3629	756669877610785038265625/722	13/38	11/38
3630	756669877610785038265625/722	1/2	9/38
3631	1252846846535889981390625/722	7/38	5/38
3632	2245200784386099867640625/722	7/38	7/38
3633	10983279512807677730890625/722	15/38	7/38
3634	3871654150497526415940125/1458	1/2	17/54
3635	5927399717133381150067625/1458	25/54	1/6
3636	11651108905061249073125/98	1/2	1/14
3637	3080367170833798389324625/1458	23/54	13/54
3638	3080367170833798389324625/1458	5/54	5/54
3639	3871654150497526415940125/1458	17/54	1/6
3640	2854262089887939453125/2	1/2	1/2
3641	4178319825784459201361125/1458	19/54	7/54
3642	15061189560201126850625/64	1/2	1/8
3643	3080367170833798389324625/1458	19/54	11/54
3644	233730656873107863438125/98	3/14	3/14
3645	165952370859512550625/18	1/6	1/6
3646	233730656873107863438125/98	1/2	5/14
3647	6201499126018161781284625/1458	19/54	17/54
3648	14356559241314888463125/98	1/14	1/14
3649	5115105118540527600621625/1458	13/54	5/54
3650	174107351315925026393225/64	1/2	3/8
3651	124837349745933022497937625/1444	9/38	1/19
3652	1078192553474253041410625/256	1/16	0
3653	13194922979581699448997125/1458	5/54	1/18
3654	11651108905061249073125/98	5/14	5/14
3655	15233194972369022683458125/1682	7/58	5/58
3656	1771915750935315773051225/722	7/38	5/38
3657	13070747184348820192539625/2738	13/74	5/74
3658	14069785185700322372861125/2738	1/2	13/74
3659	25174464745313906492770625/1682	25/58	15/58
3660	68432119647628595375725/36	1/2	1/3
3661	19844387648782531023840625/1444	15/38	7/19
3662	17939326434499408045551925/1444	1/2	3/19
3663	49465093786681433208083125/1682	17/58	15/58
3664	15671070485023870711822625/1458	23/54	1/18
3665	397382557064175618791446825/6962	43/118	41/118
3666	22787054825811659981684125/2738	29/74	29/74
3667	22324373509551524753629625/2738	27/74	11/74
3668	77939188526472128784794125/3362	33/82	33/82
3669	4135520576549343038126225/722	15/38	11/38
3670	20662712912649851890803125/1444	3/38	0
3671	75180279198101433960553625/3362	17/82	13/82
3672	231900847930908203125/2	1/2	1/2
3673	57015916438828604278809125/3362	35/82	23/82
3674	10473248380834914523703725/1444	3/38	1/19
3675	16034265220216285067263225/1444	11/38	5/19
3676	6740209354002667762779625/1444	1/2	6/19
3677	283898103741017444301025/722	7/38	5/38
3678	1841363176419780476829925/722	1/2	17/38
3679	6245515089488710495786625/1444	9/38	2/19
3680	7557878684221308698125/36	1/2	1/3
3681	6024434909329818088856125/1444	9/19	3/38
3682	100102799584983029493425/722	13/38	13/38
3683	43600406688515991507324625/3362	17/82	7/82
3684	103132764455565787769125/722	3/38	3/38
3685	62107576384843485452125/722	3/38	1/38
3686	55270045039723101732625/722	5/38	3/38
3687	55270045039723101732625/722	17/38	7/38
3688	62107576384843485452125/722	9/38	9/38
3689	6024434909329818088856125/1444	17/38	7/19
3690	100102799584983029493425/722	17/38	7/38
3691	6024434909329818088856125/1444	8/19	1/38
3692	132252603831254951374525/722	1/2	3/38
3693	1841363176419780476829925/722	15/38	11/38
3694	6245515089488710495786625/1444	15/38	5/19
3695	9709971559743353860862225/1444	17/38	6/19
3696	14616982328837890625/2	1/2	1/2
3697	74467951246757401424014625/3362	39/82	7/82
3698	283898103741017444301025/722	1/2	13/38
3699	10473248380834914523703725/1444	17/38	8/19
3700	21053885708909906422448125/3698	1/2	33/86
3701	16840466389538524390523125/1682	17/58	5/58
3702	8008954644167875812244025/1444	1/2	9/19
3703	14455975573320680229033125/1682	21/58	1/58
3704	418438566220200092053825/722	1/38	1/38
3705	21584949828656906095405625/1682	15/58	5/58
3706	22184295679858089317613125/3698	39/86	9/86
3707	27902496119971122513573125/1682	25/58	7/58
3708	4135520576549343038126225/722	1/2	17/38
3709	43299500797569430189563125/3698	33/86	1/86
3710	32727327290087676320043125/3698	39/86	23/86
3711	2163499342302236385880225/722	13/38	7/38
3712	15401835854168991946623125/3698	37/86	37/86
3713	40159787536346326558360625/3698	35/86	13/86
3714	15401835854168991946623125/3698	39/86	23/86
3715	39756015030240734321663125/3698	39/86	5/86
3716	18673022230275680501658125/3698	5/86	5/86
3717	22721520220506730693533125/3698	41/86	7/86
3718	32091219280509506237258125/3698	17/86	17/86
3719	15401835854168991946623125/3698	33/86	31/86
3720	64137961311052390328125/36	1/6	0
3721	22184295679858089317613125/3698	33/86	13/86
3722	22721520220506730693533125/3698	3/86	1/86
3723	18673022230275680501658125/3698	37/86	33/86
3724	1771915750935315773051225/722	1/2	13/38
3725	15401835854168991946623125/3698	25/86	7/86
3726	132540067432808538595625/98	1/14	1/14
3727	21053885708909906422448125/3698	41/86	15/86
3728	737474092879974607015625/242	1/2	7/22
3729	23941467614896353818018125/3698	19/86	13/86
3730	18673022230275680501658125/3698	7/86	1/86
3731	15401835854168991946623125/3698	41/86	5/86
3732	386991355669689645265625/242	7/22	1/22
3733	750257438467646689328125/242	7/22	1/22
3734	471811378830169567515625/242	5/22	1/22
3735	15401835854168991946623125/3698	27/86	17/86
3736	386991355669689645265625/242	5/22	5/22
3737	67198060333094348399633125/3698	19/86	17/86
3738	35534137327914284659185625/3698	35/86	13/86
3739	21053885708909906422448125/3698	19/86	13/86
3740	5428827849401726041390625/162	1/2	5/18
3741	36062596313281324862213125/3698	27/86	25/86
3742	22184295679858089317613125/3698	1/2	21/86
3743	65825533082857609286688125/3698	41/86	25/86
3744	524575711181640625/2	1/2	1/2
3745	4424565927537556374537705625/7396	13/86	1/43
3746	21053885708909906422448125/3698	37/86	35/86
3747	198025210034017279708198625/3698	25/86	9/86
3748	81157872964761180208278125/3698	1/2	5/86
3749	68723060898894600209123125/3698	23/86	13/86
3750	1443592283084029755625/4	1/2	0
3751	65825533082857609286688125/3698	19/86	15/86
3752	193448871857370517578125/242	1/22	1/22
3753	31326154964761434616548125/1058	5/46	1/46
3754	288848315513060087890625/242	7/22	1/22
3755	535079666442226064453125/242	7/22	3/22
3756	193448871857370517578125/242	9/22	3/22
3757	59831716565261891978365625/3698	9/86	5/86
3758	107606782603430752276740625/3698	21/86	13/86
3759	103546251713660816127803125/3698	33/86	3/86
3760	201426144923653837890625/242	1/2	3/22
3761	46216811662216457668821025/3698	31/86	9/86
3762	64212738327150299592963725/3698	1/2	41/86
3763	68181237006636160323310225/3698	41/86	9/86
3764	46216811662216457668821025/3698	41/86	7/86
3765	44580818329040653857535325/3698	25/86	21/86
3766	43244706032318001132878125/3698	1/2	13/86
3767	34941722474112944915365525/3698	39/86	7/86
3768	38972572967912808453125/98	1/14	1/14
3769	34941722474112944915365525/3698	23/86	3/86
3770	34941722474112944915365525/3698	13/86	5/86
3771	39093214253215473024121825/3698	35/86	15/86
3772	34941722474112944915365525/3698	29/86	27/86
3773	34941722474112944915365525/3698	35/86	1/86
3774	36223987519034520875562425/3698	1/2	3/86
3775	61077574499253259332003125/3698	25/86	15/86
3776	45876919966340892203125/98	1/2	3/14
3777	118623196144750613445501125/5618	17/106	5/106
3778	1592154747028584734328125/256	5/16	1/8
3779	59831716565261891978365625/3698	21/86	3/86
3780	148487782616265625/2	1/2	1/2
3781	112578702073680518492864125/5618	39/106	7/106
3782	1592154747028584734328125/256	3/8	5/16
3783	103511960967075376063908625/5618	39/106	5/106
3784	45876919966340892203125/98	1/14	1/14
3785	59831716565261891978365625/3698	25/86	13/86
3786	1751742593372913307765625/144	5/12	1/3
3787	241244926991009674535232625/5618	47/106	37/106
3788	162154644271264600031006125/5618	35/106	5/106
3789	141498001688937899390113625/5618	35/106	21/106
3790	93005737631149673669340625/3698	1/2	25/86
3791	81157872964761180208278125/3698	41/86	35/86
3792	38972572967912808453125/98	1/2	3/14
3793	275501065343139077831633725/5618	41/106	23/106
3794	131358619128530982398965625/3698	19/86	17/86
3795	98124015167029502844519625/3698	27/86	3/86
3796	315720198969874709631872225/5618	25/106	17/106
3797	198460426549517729989643225/3698	23/86	11/86
3798	3684699937784403854265625/144	5/12	0
3799	330319976956920938979010825/5618	39/106	37/106
3800	30040655604312919515625/36	1/2	1/3
3801	12781585770452449970703125/722	3/38	1/38
3802	12781585770452449970703125/722	9/38	9/38
3803	21162953488781925361328125/722	17/38	7/38
3804	2720223963503915963063125/484	3/22	1/11
3805	65398766640828922532700625/1458	23/54	1/54
3806	341772096387126926219197525/5618	33/106	33/106
3807	133098911662208335541576125/3698	39/86	5/86
3808	35539827677212147583125/144	1/2	5/12
3809	561925809297989374919403125/3698	25/86	23/86
3810	38290469587635586767850625/1458	1/2	1/54
3811	226933999820005203753191125/3698	9/86	5/86
3812	10893981457826847962245625/882	11/42	3/14
3813	11555428891019901274464025/1058	21/46	1/46
3814	25563697275109060277348125/1922	27/62	11/62
3815	623218615748590653510265625/6962	23/118	9/118
3816	30530735642716533648125/162	1/2	5/18
3817	38290469587635586767850625/1458	17/54	5/18
3818	25563697275109060277348125/1922	29/62	3/62
3819	385045896354224798665578125/6962	57/118	31/118
3820	6563630461844039841505625/882	19/42	5/14
3821	81509406539943180808368125/1458	5/54	1/18
3822	1925997988758247068738125/484	7/22	3/11
3823	385045896354224798665578125/6962	33/118	17/118
3824	153138113115357595883125/256	7/16	3/8
3825	4390516489172109651948125/1058	15/46	7/46
3826	25762040408997585644095625/1458	1/2	17/54
3827	568038005512668267338328125/6962	17/118	13/118
3828	1036838851895761827420625/484	9/22	3/11
3829	104015138028839904516235625/2116	11/23	11/46
3830	16827228706455070391808125/1458	13/54	1/18
3831	3713420953868413632300625/1058	9/46	7/46
3832	1493428438051693641330625/484	3/11	3/22
3833	15827675226786458105760625/1458	19/54	13/54
3834	26903321506948232620625/162	1/6	1/18
3835	12405475177751548245055625/1458	23/54	1/18
3836	5793351101109437337720625/1922	25/62	19/62
3837	786535256334521063118125/1058	21/46	9/46
3838	2663724231374075329825625/1058	17/46	15/46
3839	2663724231374075329825625/1058	11/46	5/46
3840	255390610710625/2	1/2	1/2
3841	8014156530759849751230625/1458	11/54	1/54
3842	2663724231374075329825625/1058	1/2	13/46
3843	30231567466570694388125/162	7/18	1/6
3844	2663724231374075329825625/1058	21/46	21/46
3845	84456880362623031993738125/2116	7/23	1/46
3846	786535256334521063118125/1058	1/2	19/46
3847	15040266365946567341350625/1458	7/18	1/54
3848	1493428438051693641330625/484	4/11	5/22
3849	3713420953868413632300625/1058	17/46	5/46
3850	16827228706455070391808125/1458	1/2	23/54
3851	25762040408997585644095625/1458	7/18	19/54
3852	26903321506948232620625/162	1/2	1/18
3853	422010302404230379337473625/8978	43/134	13/134
3854	34644001273346930703070625/1458	1/2	23/54
3855	21469222832373710499893125/1458	17/54	13/54
3856	153138113115357595883125/256	7/16	1/8
3857	422010302404230379337473625/8978	55/134	47/134
3858	1925997988758247068738125/484	5/22	2/11
3859	557546457920917508467757125/8978	45/134	17/134
3860	6563630461844039841505625/882	5/14	5/42
3861	241134990489493994058953125/3698	39/86	7/86
3862	25563697275109060277348125/1922	9/62	5/62
3863	195523462757305375437558125/2116	13/46	4/23
3864	381603075693369613430425/256	1/2	5/16
3865	1960390758726610992948687625/8978	23/134	5/134
3866	25563697275109060277348125/1922	25/62	15/62
3867	11555428891019901274464025/1058	19/46	9/46
3868	10893981457826847962245625/882	17/42	3/14
3869	75298118741286294056475025/1922	15/62	9/62
3870	22558170927125666832423125/1058	1/2	21/46
3871	75298118741286294056475025/1922	7/62	3/62
3872	5349737497992149294825/98	1/2	5/14
3873	163884140789858404711151525/1922	21/62	15/62
3874	49912612353193147006840625/882	5/42	1/14
3875	165760097624082859137606925/1922	15/62	13/62
3876	189279415083219498996725/144	1/6	1/12
3877	3889279233090628750590927125/8978	63/134	29/134
3878	83133318148487618671765625/3698	1/2	13/86
3879	83133318148487618671765625/3698	39/86	29/86
3880	135497079489135604041425/256	1/2	7/16
3881	33266545347446490825893225/1922	27/62	17/62
3882	34195604353481657669415625/1922	29/62	5/62
3883	33266545347446490825893225/1922	21/62	9/62
3884	117435165005193837938825/196	3/7	3/14
3885	44612157944004494227353125/1024	15/32	1/16
3886	13143216710446153592018225/1922	29/62	15/62
3887	44612157944004494227353125/1024	15/32	7/16
3888	3054806642604925/2	1/2	1/2
3889	112172341891733107988453125/3698	39/86	19/86
3890	13143216710446153592018225/1922	25/62	21/62
3891	46195437042777190251464225/1922	11/62	1/62
3892	117435165005193837938825/196	2/7	1/14
3893	33266545347446490825893225/1922	5/62	1/62
3894	34195604353481657669415625/1922	19/62	3/62
3895	33266545347446490825893225/1922	15/62	7/62
3896	135497079489135604041425/256	7/16	0
3897	46195437042777190251464225/1922	17/62	9/62
3898	114342521104674678358765625/3698	25/86	25/86
3899	2110051512021151896687368125/13778	45/166	13/166
3900	489784618974853515625/2	1/2	1/2
3901	108712800655714578263078125/3698	13/86	3/86
3902	44297315509778074182765625/3698	41/86	19/86
3903	114504381600747097415828125/3698	5/86	3/86
3904	5349737497992149294825/98	3/14	3/14
3905	60086457671679169931078125/3698	33/86	25/86
3906	49560362897078439432203125/3698	19/86	9/86
3907	44297315509778074182765625/3698	31/86	7/86
3908	44297315509778074182765625/3698	21/86	15/86
3909	49560362897078439432203125/3698	29/86	17/86
3910	44297315509778074182765625/3698	1/2	35/86
3911	57927258743555943162078125/3698	23/86	17/86
3912	381603075693369613430425/256	5/16	0
3913	57927258743555943162078125/3698	11/86	3/86
3914	76128804862522551292765625/3698	1/2	33/86
3915	44297315509778074182765625/3698	27/86	25/86
3916	60086457671679169931078125/3698	17/86	7/86
3917	44297315509778074182765625/3698	29/86	13/86
3918	71385109860929495328953125/3698	1/2	3/86
3919	45922905069769930116078125/3698	37/86	27/86
3920	6758892628854640625/2	1/2	1/2
3921	118195017966457033249578125/3698	41/86	5/86
3922	192820240403382806344203125/3698	39/86	39/86
3923	95269568973084351324578125/3698	33/86	13/86
3924	398139459312978946165525/144	1/2	5/12
3925	64276968075978721576248125/1058	19/46	5/46
3926	118195017966457033249578125/3698	27/86	17/86
3927	496163572146943965291535625/3698	3/86	1/86
3928	31326154964761434616548125/1058	1/2	7/46
3929	549802877243910880458188125/3698	13/86	11/86
3930	83133318148487618671765625/3698	25/86	19/86
3931	315330372178569069154015625/3698	21/86	17/86
3932	112172341891733107988453125/3698	9/86	9/86
3933	163074004672491436662233225/1682	9/58	3/58
3934	315330372178569069154015625/3698	35/86	35/86
3935	14892901540368757300728125/1682	23/58	19/58
3936	5712041676840314202725/98	1/2	5/14
3937	257121840687692490902640625/3698	17/86	7/86
3938	31236023373018865356840625/1682	1/58	1/58
3939	505464025126864701543535825/4802	15/98	3/98
3940	296331321834211405053028925/4802	41/98	39/98
3941	781497597336505746510139625/4802	41/98	25/98
3942	20787465800435243679527225/1682	11/58	7/58
3943	31236023373018865356840625/1682	15/58	3/58
3944	10603745896742555198118425/1682	17/58	17/58
3945	328367140410882908302005025/4802	17/98	1/14
3946	7661666110363117917715625/1682	19/58	11/58
3947	21173411816610103362690625/1682	25/58	7/58
3948	6190626217173399277514225/1682	1/2	17/58
3949	4694904446581168579591325/1682	23/58	1/58
3950	4694904446581168579591325/1682	17/58	3/58
3951	5193478370111912145565625/1682	21/58	17/58
3952	7661666110363117917715625/1682	13/58	9/58
3953	620651736744803029893986125/4802	5/14	1/98
3954	7661666110363117917715625/1682	3/58	3/58
3955	10603745896742555198118425/1682	15/58	11/58
3956	129227039102104516153140625/3698	25/86	25/86
3957	328367140410882908302005025/4802	3/14	17/98
3958	20787465800435243679527225/1682	1/2	5/58
3959	620651736744803029893986125/4802	3/14	1/98
3960	2508239571220703125/2	1/2	1/2
3961	51541524792859987753348325/1682	21/58	5/58
3962	3202544367647660782703125/36	1/6	0
3963	774450802855855915806615625/4802	15/98	11/98
3964	352647512621025344891553125/4802	33/98	29/98
3965	241134990489493994058953125/3698	35/86	1/86
3966	14892901540368757300728125/1682	1/2	7/58
3967	1379759393346418157474019125/4802	19/98	3/98
3968	10911688058334617328125/98	1/14	1/14
3969	42183745675672285140625/18	1/6	1/6
3970	209755971805165356476140625/2738	5/74	5/74
3971	72594875754622108664041525/1682	17/58	9/58
3972	4242316693491258729953125/98	3/14	3/14
3973	284520476607006473635953125/2738	21/74	13/74
3974	284520476607006473635953125/2738	3/74	3/74
3975	202330981652770122618578125/2738	31/74	5/74
3976	54155511083307729027765625/784	3/28	0
3977	314514496232523853971453125/2738	9/74	1/74
3978	2235738520810631112453125/98	5/14	5/14
3979	68681158909655913182453125/1458	25/54	7/54
3980	87201920862821552692328125/1458	5/54	5/54
3981	74121250704480143929578125/1458	7/54	1/18
3982	74121250704480143929578125/1458	7/18	7/54
3983	84115127203960612774015625/1458	1/18	1/54
3984	333393932848209684953125/144	1/2	1/12
3985	84115127203960612774015625/1458	5/18	1/54
3986	209755971805165356476140625/2738	15/74	11/74
3987	226370306205574493622765625/2738	3/74	1/74
3988	11121454985751833023341625/484	9/22	4/11
3989	226370306205574493622765625/2738	15/74	9/74
3990	11509115040731659207748125/162	7/18	7/18
3991	60717213972272625918353125/1682	27/58	13/58
3992	1906117970473885052763125/144	1/6	1/12
3993	62870883353645418212890625/722	11/38	5/38
3994	62870883353645418212890625/722	17/38	3/38
3995	65463497100187497314453125/722	17/38	15/38
3996	205497902716923330483125/98	1/2	5/14
3997	57847467845505208174305625/1058	9/46	1/46
3998	57847467845505208174305625/1058	21/46	3/46
3999	1151219764345613744738125/242	7/22	5/22
4000	65589253913145625/2	1/2	1/2
4001	199318119669282737003798125/1058	21/46	5/46
4002	944258907834042734448125/242	5/22	3/22
4003	191424332751687381082855625/1058	19/46	15/46
4004	8483765951895414398993125/256	1/8	1/16
4005	3434878804558151259765625/98	1/14	1/14
4006	57847467845505208174305625/1058	15/46	15/46
4007	704763065333951237333078125/1444	9/19	7/38
4008	239958690521322894265625/144	5/12	1/3
4009	1003934003291537570344536925/2116	15/46	6/23
4010	57859583714272947738015625/1058	19/46	19/46
4011	57859583714272947738015625/1058	11/46	7/46
4012	20067778218687635629578125/784	11/28	1/14
4013	1959750887667599768503328125/4096	15/32	11/64
4014	15004726403389797091018625/1058	1/2	7/46
4015	31078993858370700825895325/1058	9/46	7/46
4016	189352367026961845890625/256	1/16	0
4017	656255187276815420433459125/2116	21/46	3/23
4018	27410650126768939382828125/1024	5/32	1/16
4019	1924903520856760889977390625/3844	11/31	21/62
4020	44460170294383120883125/36	1/2	1/3
4021	104718009916090329396828125/1458	1/18	1/54
4022	74619719485622739918953125/1058	15/46	15/46
4023	733039939936510832640625/162	7/18	1/18
4024	275109186665793312828125/256	5/16	1/8
4025	380447318454610844932015625/1444	13/38	6/19
4026	6230342626290500871765625/484	9/22	4/11
4027	83293199898346753032453125/1458	19/54	5/18
4028	19041204541124117365203125/1922	1/2	5/62
4029	10318408065774657511203125/1058	11/46	1/46
4030	16662292989916523316453125/1922	13/62	11/62
4031	10743909429311756790015625/1058	17/46	15/46
4032	1779360812328125/2	1/2	1/2
4033	10743909429311756790015625/1058	11/46	5/46
4034	16662292989916523316453125/1922	17/62	1/62
4035	10318408065774657511203125/1058	21/46	7/46
4036	19041204541124117365203125/1922	11/62	11/62
4037	74619719485622739918953125/1058	9/46	1/46
4038	6230342626290500871765625/484	3/22	1/11
4039	89890681078413822579578125/1458	19/54	7/54
4040	275109186665793312828125/256	3/8	5/16
4041	4274251927829908470948125/144	1/6	1/12
4042	6304519068356134643805125/484	7/22	3/11
4043	1011433114915916636526578125/3362	11/82	5/82
4044	53217227160955434955625/98	1/2	5/14
4045	104718009916090329396828125/1458	5/18	1/54
4046	42173612255890581675828125/1922	11/62	1/62
4047	3046063862363955769773125/196	3/7	3/14
4048	189352367026961845890625/256	1/2	1/16
4049	3260209473778532138183125/256	7/16	1/8
4050	9984318503117700625/4	1/2	0
4051	3260209473778532138183125/256	7/16	3/8
4052	184511778491041973245625/98	1/14	1/14
4053	3046063862363955769773125/196	2/7	1/14
4054	90198041743769105511951625/2178	19/66	17/66
4055	1465764443424850458109098125/8978	49/134	17/134
4056	53217227160955434955625/98	3/14	3/14
4057	39946273677911720249703625/1458	17/54	13/54
4058	127627537261975981410415625/2116	3/23	1/46
4059	4274251927829908470948125/144	5/12	1/6
4060	46237918680830132010625/36	1/6	0
4061	136764876505351472147102125/1444	11/38	1/19
4062	31195985908529384080218925/1458	23/54	23/54
4063	132164917989707627893767925/2738	35/74	19/74
4064	292712200608770665328125/144	1/2	1/12
4065	155528686002019839524692625/2116	11/23	17/46
4066	148273890033918781929382625/4418	41/94	17/94
4067	873543061852823622884138125/8978	15/134	9/134
4068	57679407992510956510625/98	1/2	1/14
4069	4463783573945584382840125/484	4/11	1/22
4070	31195985908529384080218925/1458	19/54	7/54
4071	190708276427957834935117625/4418	15/94	1/94
4072	1915102349972171845941625/484	9/22	0
4073	977330356330386825603045625/8978	59/134	45/134
4074	154597833554024990450361625/4418	31/94	9/94
4075	20076624594598118467467625/1458	7/54	1/54
4076	88352530839740331564057125/1444	8/19	9/38
4077	111291212492443055789882425/2116	10/23	1/46
4078	1817517516852570732772625/484	7/22	3/11
4079	215183524468547997150602125/2116	5/23	9/46
4080	10253718763025552810125/162	5/18	5/18
4081	71763405474969580297830125/2178	13/66	1/22
4082	17944593664198318276232125/1458	17/54	17/54
4083	1415303835247961422122125/1058	13/46	3/46
4084	1915102349972171845941625/484	5/11	5/22
4085	11721035167944566272914625/1458	17/54	11/54
4086	2116693346521287436625125/1058	9/46	9/46
4087	2401245770440257683444125/484	7/22	3/11
4088	15109212323769718021908625/1458	1/54	1/54
4089	23081079937094857538115125/1458	7/18	17/54
4090	2207856849330975185448625/484	4/11	7/22
4091	23175642231135532953088625/1458	5/18	7/54
4092	15255532793769724912625/242	7/22	5/22
4093	7571996170442064937369625/1458	7/18	19/54
4094	6245515089488710495786625/1458	7/18	5/54
4095	25485202417043496778625/242	7/22	3/22
4096	286823301259625/2	1/2	1/2
4097	6024434909329818088856125/1458	7/54	1/54
4098	16463891826939604113625/242	9/22	5/22
4099	3561579297095952671417125/484	5/11	9/22
4100	8471639279801518197255125/1458	23/54	1/18
4101	2116693346521287436625125/1058	19/46	13/46
4102	2207856849330975185448625/484	2/11	3/22
4103	15109212323769718021908625/1458	23/54	11/54
4104	15255532793769724912625/242	9/22	9/22
4105	2401245770440257683444125/484	5/22	2/11
4106	36633273661627617927467125/1458	17/54	17/54
4107	150283754095634783365899625/4418	27/94	11/94
4108	1915102349972171845941625/484	3/11	1/22
4109	308209771418819939965570625/6962	39/118	15/118
4110	1415303835247961422122125/1058	21/46	17/46
4111	71763405474969580297830125/2178	31/66	1/22
4112	13446760321158657656619625/1024	13/32	0
4113	20076624594598118467467625/1458	25/54	17/54
4114	1817517516852570732772625/484	5/22	2/11
4115	59586826143687681919673125/1682	11/58	3/58
4116	1530980516822452515625/2	1/2	1/2
4117	75810333669223157116729825/2738	13/74	3/74
4118	20076624594598118467467625/1458	5/54	5/54
4119	31515518876462234876755025/722	17/38	15/38
4120	1915102349972171845941625/484	1/2	1/11
4121	34290164130596786409037625/1458	25/54	5/18
4122	1919768568603670443868625/1058	13/46	13/46
4123	4463783573945584382840125/484	5/11	3/22
4124	6442398886348633648839425/722	1/2	13/38
4125	86786725338143667359082625/2116	10/23	15/46
4126	148273890033918781929382625/4418	37/94	15/94
4127	55760520113569992808450025/1444	17/38	7/19
4128	20853068495591292793625/162	1/2	7/18
4129	64728108845487914351414825/1444	8/19	9/38
4130	130755485740608183869415625/1444	7/19	11/38
4131	155528686002019839524692625/2116	3/23	1/46
4132	2525223452618173495976125/484	7/22	3/11
4133	269119072814020934862540625/3362	7/82	1/82
4134	6671168229324122711137925/722	5/38	5/38
4135	36223987519034520875562425/1444	15/38	4/19
4136	1892570762812464636537025/722	17/38	17/38
4137	3918431735917080768992125/1058	15/46	7/46
4138	34941722474112944915365525/1444	1/2	9/19
4139	34941722474112944915365525/1444	17/38	2/19
4140	809027544186830058037025/722	1/2	1/38
4141	148241382740954371124903725/3362	35/82	11/82
4142	36223987519034520875562425/1444	7/19	13/38
4143	3733406073291481517242325/722	7/38	5/38
4144	598170033842281569060925/722	1/2	13/38
4145	360223943032092215622325/722	17/38	15/38
4146	320566261230393990049225/722	1/2	7/38
4147	320566261230393990049225/722	17/38	11/38
4148	320566261230393990049225/722	9/38	5/38
4149	3585548407022511952203025/722	11/38	9/38
4150	360223943032092215622325/722	1/2	1/38
4151	135256736077513112340240625/3362	39/82	35/82
4152	1143037787441191513156025/722	3/38	3/38
4153	809027544186830058037025/722	17/38	15/38
4154	34941722474112944915365525/1444	15/38	1/19
4155	39093214253215473024121825/1444	5/38	2/19
4156	1068861208013257229961325/722	5/38	5/38
4157	87874386589431070984135625/3698	25/86	15/86
4158	15684022038843056640625/4	1/2	0
4159	99097016197074417546856325/1444	9/19	3/38
4160	5214899717041015625/2	1/2	1/2
4161	166015065999764999822910625/3698	27/86	23/86
4162	36223987519034520875562425/1444	17/38	0
4163	483850667026756504200903125/3362	37/82	21/82
4164	56530656340971580696800625/3698	1/2	15/86
4165	116096817318883385752763125/3698	41/86	19/86
4166	6157651974244826636736025/722	1/2	7/38
4167	55760520113569992808450025/1444	5/38	1/19
4168	5024413673766056543540125/484	1/2	4/11
4169	67965899503259496571795625/3698	25/86	19/86
4170	96434649052245637659248125/3698	29/86	17/86
4171	163971793532855915960088125/3698	33/86	23/86
4172	107575949992726806981918125/3698	1/2	9/86
4173	108023927463440743311708125/3698	39/86	27/86
4174	94430497539926911166123125/3698	1/2	39/86
4175	67965899503259496571795625/3698	39/86	29/86
4176	1344505485431698057203125/242	7/22	7/22
4177	31078993858370700825895325/1058	17/46	5/46
4178	56530656340971580696800625/3698	3/86	1/86
4179	81355512952585727212328725/1444	11/38	2/19
4180	1184762259439813139515625/242	9/22	1/22
4181	2813045445555163782640625/242	7/22	1/22
4182	1574273139255642116890625/242	7/22	5/22
4183	51384885991342566052008125/3698	33/86	17/86
4184	1184762259439813139515625/242	1/2	7/22
4185	31227575447443552478933125/3698	39/86	33/86
4186	33701046770013338813898125/3698	25/86	25/86
4187	30122174546649090444280625/3698	37/86	25/86
4188	30122174546649090444280625/3698	1/2	39/86
4189	30122174546649090444280625/3698	29/86	11/86
4190	33701046770013338813898125/3698	37/86	15/86
4191	43386985356182634860110625/3698	21/86	1/86
4192	388381847852648332515625/98	3/14	3/14
4193	79687184954973043577910625/3698	35/86	19/86
4194	30122174546649090444280625/3698	15/86	7/86
4195	43386985356182634860110625/3698	31/86	13/86
4196	46823578255682249502495625/3698	11/86	11/86
4197	74013092666429200643718125/3698	23/86	15/86
4198	53270569880933118934650625/3698	1/2	37/86
4199	64783306901697358900713125/3698	15/86	5/86
4200	1159809977732453125/2	1/2	1/2
4201	94430497539926911166123125/3698	31/86	1/86
4202	129348161288551976613675625/3698	27/86	15/86
4203	87874386589431070984135625/3698	27/86	11/86
4204	11121454985751833023341625/484	3/22	1/11
4205	56530656340971580696800625/3698	31/86	9/86
4206	108023927463440743311708125/3698	1/2	33/86
4207	67965899503259496571795625/3698	17/86	3/86
4208	388381847852648332515625/98	1/2	5/14
4209	1104517427153046523170783125/3698	41/86	25/86
4210	64783306901697358900713125/3698	1/2	11/86
4211	174928626590356409209375625/3698	25/86	1/86
4212	13728530197509765625/2	1/2	1/2
4213	948657259066957103075725625/3698	29/86	5/86
4214	258063023385773316556405625/3698	17/86	1/86
4215	56530656340971580696800625/3698	37/86	19/86
4216	4241579138899860595703125/98	1/14	1/14
4217	87874386589431070984135625/3698	29/86	3/86
4218	258063023385773316556405625/3698	39/86	39/86
4219	806238836399226895136298125/3698	31/86	17/86
4220	524891579889839209316010625/3698	1/2	35/86
4221	4333653593258413759765625/162	7/18	1/6
4222	667625618669200143929855125/4418	27/94	1/94
4223	1785334726512957166961298625/3698	21/86	9/86
4224	65417676923828125/2	1/2	1/2
4225	166015065999764999822910625/3698	15/86	1/86
4226	240582029567745242939453125/1058	9/46	1/46
4227	121679340398286055556640625/1058	15/46	3/46
4228	372591432357036122675095625/3698	21/86	13/86
4229	1287270496003109814544440625/3698	41/86	27/86
4230	928791228752524100640625/36	1/2	1/3
4231	163971793532855915960088125/3698	39/86	21/86
4232	166015065999764999822910625/3698	1/2	21/86
4233	938185011472639243207695125/3698	35/86	15/86
4234	778676631974794337056109825/5618	17/106	17/106
4235	945909197231126006759435425/5618	13/106	1/106
4236	506923713433255373788205725/5618	45/106	45/106
4237	726117712236018321049445225/3698	31/86	21/86
4238	138100825814638578321795625/1058	17/46	17/46
4239	701148766881440526390625/98	3/14	3/14
4240	968342766328424397405625/162	5/18	5/18
4241	481093205742388857926386325/5618	43/106	13/106
4242	551325790522299640105420825/5618	29/106	21/106
4243	486299018286507682904674325/3698	29/86	25/86
4244	899711318451723883517416225/5618	11/106	11/106
4245	1199005879459978178265625/64	3/8	0
4246	684109386975659957312259025/5618	1/2	7/106
4247	506923713433255373788205725/5618	31/106	11/106
4248	813481196149631631285625/144	1/12	0
4249	566459082713696749599303125/5618	47/106	45/106
4250	2654075477376905890140625/64	1/2	1/8
4251	1552037216874384413265625/64	3/8	0
4252	321113747525598794358840625/5618	1/106	1/106
4253	321113747525598794358840625/5618	45/106	37/106
4254	1552037216874384413265625/64	1/2	3/8
4255	2654075477376905890140625/64	1/8	0
4256	43596982604530800908125/242	5/22	5/22
4257	928791228752524100640625/98	5/14	5/14
4258	13591170811862143975158125/484	9/22	4/11
4259	403318866892152085714703825/5618	7/106	1/106
4260	853292140626037340288125/162	7/18	5/18
4261	142634060827512442403775625/2738	35/74	17/74
4262	11210235779127169848123125/484	4/11	1/22
4263	18098354353392073052800625/1058	13/46	7/46
4264	27200458974121153735625/242	1/2	1/22
4265	6143478083261529384895625/1058	21/46	1/46
4266	40614383947660352838125/242	7/22	3/22
4267	75236481739108522470625/242	9/22	5/22
4268	27200458974121153735625/242	5/22	3/22
4269	28060751245167526109388125/1058	21/46	9/46
4270	6143478083261529384895625/1058	7/46	5/46
4271	11210235779127169848123125/484	5/11	3/22
4272	28322127385425118838125/242	7/22	7/22
4273	103138327779647220096765625/1444	4/19	1/38
4274	20248653880527764900658125/1058	3/46	3/46
4275	928791228752524100640625/36	1/6	0
4276	13591170811862143975158125/484	3/22	1/11
4277	234703938717213342237550625/2738	29/74	27/74
4278	243613926900087622866625625/2738	1/2	5/74
4279	263778555117858819539515625/1444	5/19	1/38
4280	853292140626037340288125/162	1/18	1/18
4281	38000898378524709471098125/1058	11/46	1/46
4282	6118493615108134575453125/722	17/38	17/38
4283	138317072959886105786515625/1444	7/38	1/19
4284	585499204872027862008125/144	5/12	1/6
4285	1111548829656062239380453125/3362	27/82	5/82
4286	70690314545600903661828125/1444	1/38	0
4287	459979670866689355049988125/1936	19/44	9/22
4288	4924173859345098450625/98	1/14	1/14
4289	99221938243912655119203125/1444	17/38	6/19
4290	18866425987907586852765625/722	7/38	5/38
4291	45922905069769930116078125/1444	4/19	1/38
4292	1355047170402202370640625/722	1/2	9/38
4293	4097392014954710686995625/162	5/18	1/18
4294	55676442429721065715953125/1444	9/19	9/38
4295	1025643438370727761203125/722	17/38	13/38
4296	163171909554499568100625/144	5/12	0
4297	1021469780418545888828328125/6962	39/118	37/118
4298	456673355770907981265625/722	1/38	1/38
4299	10140125585470904842203125/722	7/38	5/38
4300	406397389997963983328125/722	15/38	5/38
4301	406397389997963983328125/722	13/38	9/38
4302	406397389997963983328125/722	7/38	7/38
4303	456673355770907981265625/722	17/38	13/38
4304	130685984826496442955625/256	1/2	3/16
4305	10558275094150117413015625/722	11/38	5/38
4306	31213133137011615034773125/1922	1/2	23/62
4307	956125203306558207922390625/6962	27/118	23/118
4308	1025643438370727761203125/722	1/38	1/38
4309	55676442429721065715953125/1444	5/19	1/38
4310	31213133137011615034773125/1922	1/62	1/62
4311	45922905069769930116078125/1444	9/19	11/38
4312	116807827145806555208125/256	5/16	1/8
4313	64809705326948728488265625/1444	17/38	3/19
4314	32091259470190478735913125/1922	23/62	3/62
4315	2305951178404783049049632125/8978	57/134	43/134
4316	291992599765283094218125/256	3/8	3/16
4317	110238973548467820230078125/1058	9/46	5/46
4318	11330359233143235855188125/1922	29/62	1/62
4319	82058961518113481682828125/1444	7/38	3/19
4320	2064058542300625/2	1/2	1/2
4321	125102655375227526328515625/1058	7/46	1/46
4322	11330359233143235855188125/1922	27/62	19/62
4323	110238973548467820230078125/1058	13/46	11/46
4324	291992599765283094218125/256	3/16	1/8
4325	1659697344966499901545276625/8978	47/134	9/134
4326	32091259470190478735913125/1922	13/62	11/62
4327	1219977893074482865063112125/8978	63/134	33/134
4328	116807827145806555208125/256	3/8	5/16
4329	923408681498365483500808625/8978	27/134	23/134
4330	28678056334005595539563125/1922	15/62	15/62
4331	897640801490142895239562625/8978	37/134	13/134
4332	366468059163384275898125/144	5/12	1/6
4333	825347582578185078173289125/8978	61/134	33/134
4334	28678056334005595539563125/1922	1/2	27/62
4335	825347582578185078173289125/8978	59/134	49/134
4336	130685984826496442955625/256	3/16	0
4337	680761144754269444040742125/8978	41/134	5/134
4338	67934466239378220958035625/1922	1/2	15/62
4339	680761144754269444040742125/8978	61/134	53/134
4340	680761144754269444040742125/8978	33/134	9/134
4341	855635567259953337922767625/8978	45/134	27/134
4342	855635567259953337922767625/8978	47/134	3/134
4343	1128227429395867675668074125/8978	61/134	19/134
4344	163171909554499568100625/144	1/12	0
4345	923408681498365483500808625/8978	47/134	11/134
4346	249700317648603256245955625/1682	25/58	25/58
4347	930581748333817863872207125/8978	55/134	5/134
4348	923408681498365483500808625/8978	19/134	19/134
4349	1004291193746397496654164125/8978	59/134	53/134
4350	65143961431445432832765625/722	7/38	5/38
4351	828374779475413842103427125/6962	55/118	29/118
4352	78627015533447265625/2	1/2	1/2
4353	1004291193746397496654164125/8978	61/134	31/134
4354	110732527560715138318345625/1922	15/62	15/62
4355	924140649934999257375499625/6962	51/118	15/118
4356	50798834826067045958825/98	1/2	1/14
4357	637690524135531378066114625/6962	29/118	11/118
4358	110732527560715138318345625/1922	1/2	27/62
4359	706511629867756477767231125/6962	49/118	37/118
4360	4873430341703623747176025/256	1/2	5/16
4361	686431201139521037536136125/6962	27/118	23/118
4362	100676014412892799352922125/1682	25/58	3/58
4363	422010302404230379337473625/6962	55/118	49/118
4364	422010302404230379337473625/6962	1/2	23/118
4365	4189272717903822716732825/144	5/12	1/3
4366	556456062462215278949412125/6962	33/118	3/118
4367	422010302404230379337473625/6962	37/118	35/118
4368	365424558220947265625/2	1/2	1/2
4369	422010302404230379337473625/6962	15/118	3/118
4370	458974708454235960009369125/6962	51/118	41/118
4371	2630789830477177421041925/196	3/7	5/14
4372	345921372172199637888425/98	1/14	1/14
4373	4457805947933391754386725/256	1/8	1/16
4374	6638094834380502025/4	1/2	0
4375	4457805947933391754386725/256	3/8	1/16
4376	345921372172199637888425/98	1/2	3/14
4377	2630789830477177421041925/196	1/7	1/14
4378	51043711342532157354145625/1682	1/2	7/58
4379	655996212648160094613696625/6962	39/118	21/118
4380	67122983086563671687225/98	1/2	3/14
4381	637690524135531378066114625/6962	41/118	15/118
4382	20391819032197221534843125/1682	9/58	7/58
4383	4189272717903822716732825/144	1/3	1/12
4384	33349196094342992489673125/1682	1/2	19/58
4385	14045585000294083567248125/1682	21/58	5/58
4386	13329886401552983767643125/1682	1/2	7/58
4387	11905050417641152456758125/1682	21/58	1/58
4388	6904271244972306734693125/1682	1/2	15/58
4389	6904271244972306734693125/1682	19/58	3/58
4390	8677845509735835070210625/1682	5/58	5/58
4391	13329886401552983767643125/1682	27/58	25/58
4392	50798834826067045958825/98	5/14	5/14
4393	20391819032197221534843125/1682	11/58	3/58
4394	34825354589770261995505625/1682	11/58	9/58
4395	275871400550994145158015625/3698	29/86	17/86
4396	20391819032197221534843125/1682	23/58	23/58
4397	200353913268996243780765625/3698	23/86	3/86
4398	51043711342532157354145625/1682	27/58	25/58
4399	216223530161590005664390625/3698	21/86	19/86
4400	24995904692509765625/2	1/2	1/2
4401	255623958308719345513390625/3698	37/86	27/86
4402	113890650812756257370393125/1682	1/2	11/58
4403	200353913268996243780765625/3698	35/86	1/86
4404	62006119147639734772485625/1682	1/2	21/58
4405	349970043663604442157828125/3698	39/86	29/86
4406	349970043663604442157828125/3698	1/2	13/86
4407	100676014412892799352922125/1682	13/58	1/58
4408	163933986239650257686160625/1682	11/58	7/58
4409	381685088433567241930953125/3698	21/86	9/86
4410	7252291790761029390625/4	1/2	0
4411	773296714098196151041140625/3698	39/86	35/86
4412	137950335873026140717989125/3698	37/86	37/86
4413	465028688155748368346703125/3698	25/86	7/86
4414	104415447594500449051737625/3698	29/86	13/86
4415	1082487519939235754739078125/5618	27/106	7/106
4416	12657558147668156100625/98	1/2	5/14
4417	1140607655237986667745203125/5618	19/106	7/106
4418	100676014412892799352922125/1682	1/2	5/58
4419	430898142236060414706578125/3698	13/86	11/86
4420	656793095642654911994828125/3698	29/86	1/86
4421	1543182904325665010127078125/5618	19/106	3/106
4422	430898142236060414706578125/3698	39/86	39/86
4423	145692889105656552443341025/3698	27/86	7/86
4424	16323996470305943694261025/256	1/2	1/16
4425	299158582826309459891828125/3698	39/86	27/86
4426	785388984790219358051166625/3698	7/86	7/86
4427	104415447594500449051737625/3698	21/86	15/86
4428	81761414075064643441925/98	1/2	1/14
4429	137950335873026140717989125/3698	41/86	5/86
4430	278316477919145620539040625/1682	11/58	11/58
4431	365758229975271143738521625/3698	39/86	15/86
4432	5035653623091345947265625/242	1/2	7/22
4433	2887666929583412277344363125/5618	7/106	5/106
4434	465028688155748368346703125/3698	37/86	37/86
4435	1626926390156288951952340625/3698	15/86	1/86
4436	4836221796434262939453125/242	7/22	1/22
4437	132218402251954212332974225/3698	5/86	1/86
4438	7221207887826502197265625/242	9/22	5/22
4439	168814912836203081310565625/1682	25/58	1/58
4440	4836221796434262939453125/242	5/22	5/22
4441	128357843221264883229206125/3698	15/86	9/86
4442	136543277623577510298426125/3698	1/2	1/86
4443	63028053499678165798584425/1682	5/58	3/58
4444	63028053499678165798584425/1682	27/58	1/58
4445	97563973225529215551233425/1682	21/58	15/58
4446	91794941690847192001873825/3698	13/86	3/86
4447	92285755814671113660066725/1682	17/58	7/58
4448	1522799314901282074515625/144	5/12	0
4449	128357843221264883229206125/3698	23/86	11/86
4450	54740102843165756698365125/3698	1/86	1/86
4451	157232919925906576399249225/3698	39/86	37/86
4452	180396593064726491708139625/3698	41/86	29/86
4453	54740102843165756698365125/3698	15/86	11/86
4454	48549857798716769304311125/3698	1/2	1/86
4455	156004976611214072265625/18	1/6	1/6
4456	55637428280281261173553625/3698	39/86	3/86
4457	77009179270844959733115625/3698	29/86	11/86
4458	40044773220839379061220125/3698	1/2	27/86
4459	216146627186067808546590625/3698	37/86	5/86
4460	57679168767631032225794125/3698	9/86	5/86
4461	40044773220839379061220125/3698	11/86	7/86
4462	71583211410293681836323625/3698	31/86	29/86
4463	48549857798716769304311125/3698	11/86	3/86
4464	78578800581161371765625/98	1/14	1/14
4465	48549857798716769304311125/3698	23/86	17/86
4466	40044773220839379061220125/3698	17/86	15/86
4467	52366241904174572618518625/3698	37/86	21/86
4468	52366241904174572618518625/3698	9/86	3/86
4469	40044773220839379061220125/3698	29/86	19/86
4470	54318157735197969617694625/3698	17/86	17/86
4471	52366241904174572618518625/3698	39/86	17/86
4472	52366241904174572618518625/3698	1/2	41/86
4473	40044773220839379061220125/3698	39/86	5/86
4474	62247815798730519926847125/3698	35/86	29/86
4475	59075952573317499803186125/3698	5/86	1/86
4476	427636081809636695328125/242	1/22	1/22
4477	85091050954227958432112125/3698	39/86	5/86
4478	40044773220839379061220125/3698	13/86	1/86
4479	568228766240202184203125/242	5/22	3/22
4480	17688939840203125/2	1/2	1/2
4481	75468590835629037433434125/3698	21/86	17/86
4482	427636081809636695328125/242	9/22	3/22
4483	140822834445864492530428625/3698	37/86	33/86
4484	55637428280281261173553625/3698	1/2	5/86
4485	34055709783139525589265625/1058	21/46	17/46
4486	54740102843165756698365125/3698	33/86	17/86
4487	457278642189380206081953625/3698	7/86	3/86
4488	313263712904204298640625/162	1/2	5/18
4489	83890118582511276963078125/484	5/22	1/11
4490	95925424413100732733245625/144	5/12	1/3
4491	171146386015429784145389125/3698	31/86	9/86
4492	91794941690847192001873825/3698	1/2	7/86
4493	760943162437833963354114725/3698	19/86	1/86
4494	437710668658931040867411125/3698	37/86	37/86
4495	529073837219548134033203125/722	9/38	3/38
4496	530337194810900713868125/98	1/2	1/14
4497	299632545519180456911776825/3698	41/86	17/86
4498	128357843221264883229206125/3698	29/86	29/86
4499	1276967569332563022807186125/3698	17/86	5/86
4500	1716518767044030625/2	1/2	1/2
4501	1785314960938092634296813125/1922	27/62	19/62
4502	49309780690900373134765625/722	13/38	3/38
4503	5966671209905067480121798625/7396	5/43	3/86
4504	530337194810900713868125/98	5/14	5/14
4505	19538336057594422275390625/722	17/38	15/38
4506	19538336057594422275390625/722	7/38	3/38
4507	21955449796678268330078125/722	13/38	3/38
4508	145692889105656552443341025/3698	39/86	17/86
4509	71074163207932151381245625/162	1/6	1/18
4510	49309780690900373134765625/722	1/2	11/38
4511	5695476904132254259548783125/8978	9/134	7/134
4512	26058584292154718078125/98	1/2	3/14
4513	6905135715629370208479498125/8978	65/134	11/134
4514	87664899247905811407720625/1458	17/54	17/54
4515	104415447594500449051737625/3698	41/86	19/86
4516	145692889105656552443341025/3698	1/2	41/86
4517	301226135711071943593495625/2738	27/74	21/74
4518	2202098779385945498703125/144	5/12	1/6
4519	303212655526011051111078125/1024	7/16	13/32
4520	457241119608887745795625/64	1/2	3/8
4521	5090647498383696285083425625/8978	53/134	29/134
4522	365758229975271143738521625/3698	23/86	23/86
4523	671871898636776710735949125/2738	17/74	13/74
4524	1046899419708072450203125/144	1/2	1/12
4525	111621867547757623768148125/2738	23/74	13/74
4526	113935274129058299908420625/2738	1/2	23/74
4527	141665313422349187707617225/1058	17/46	5/46
4528	29589256072965427515625/98	1/2	1/14
4529	109471725806771143509078125/784	3/28	1/14
4530	2395216680237044530953125/256	3/8	1/16
4531	7785560171703723712594208125/8978	63/134	43/134
4532	838472026541680718078125/256	3/16	1/8
4533	165405094044857172666265625/1922	21/62	13/62
4534	1420769361274028478578125/256	3/8	3/16
4535	65353735921744100962698125/2738	25/74	7/74
4536	36023663238265625/2	1/2	1/2
4537	81331786574543029653578125/1922	13/62	3/62
4538	1420769361274028478578125/256	3/16	1/8
4539	65974614897908497244985625/1458	19/54	5/54
4540	838472026541680718078125/256	3/8	3/16
4541	187120752619847339389747625/3698	29/86	25/86
4542	2395216680237044530953125/256	1/8	1/16
4543	25575525592702638003108125/1458	1/6	5/54
4544	29589256072965427515625/98	5/14	5/14
4545	31007495630090808906423125/1458	19/54	1/6
4546	19358270752487632079700625/1458	25/54	19/54
4547	65353735921744100962698125/2738	23/74	21/74
4548	1046899419708072450203125/144	1/2	5/12
4549	15401835854168991946623125/1458	5/18	5/54
4550	15401835854168991946623125/1458	5/54	1/18
4551	20891599128922296006805625/1458	23/54	7/18
4552	19358270752487632079700625/1458	11/54	1/54
4553	19358270752487632079700625/1458	23/54	5/54
4554	15401835854168991946623125/1458	1/2	13/54
4555	15401835854168991946623125/1458	13/54	1/6
4556	18673022230275680501658125/1458	1/2	17/54
4557	29636998585666905750338125/1458	17/54	1/54
4558	19358270752487632079700625/1458	13/54	13/54
4559	248101855601309645010551125/2738	23/74	21/74
4560	26058584292154718078125/98	1/14	1/14
4561	65353735921744100962698125/2738	9/74	1/74
4562	248101855601309645010551125/2738	35/74	35/74
4563	577435645412966062949156125/2738	31/74	21/74
4564	70348925928501611864305625/2738	19/74	15/74
4565	182907207414104190847194625/2738	35/74	11/74
4566	557504098011710114264299625/3698	1/2	25/86
4567	80339305942016633667520625/2738	25/74	9/74
4568	51248241389954351137871125/1024	7/32	3/16
4569	359748371801802937807563125/1458	7/18	1/54
4570	65353735921744100962698125/2738	35/74	35/74
4571	312399035671877069323084625/2738	11/74	3/74
4572	20349546827198906705007425/1058	5/46	5/46
4573	502286489256704754656575625/1682	9/58	5/58
4574	111621867547757623768148125/2738	35/74	19/74
4575	1721465524893545165562069125/4418	45/94	17/94
4576	177699138386060737915625/144	5/12	1/3
4577	148567022000026076659260425/1458	19/54	5/18
4578	111621867547757623768148125/2738	33/74	33/74
4579	914335535883988639420026625/3362	25/82	11/82
4580	28617428813640013708964525/882	5/14	5/42
4581	7200447042242259829194925/1058	19/46	9/46
4582	671871898636776710735949125/2738	9/74	9/74
4583	116444422648669087111312225/1458	7/54	5/54
4584	7929523325737321869530125/484	9/22	4/11
4585	87664899247905811407720625/1458	25/54	13/54
4586	86735660242789790419568225/1458	1/2	19/54
4587	1054823754447155611774955125/4418	37/94	3/94
4588	564542650618630583105253125/4418	43/94	13/94
4589	794828920176068240664865625/2116	6/23	3/46
4590	521924437234795712840125/162	5/18	5/18
4591	4509149301142058715568518625/4418	45/94	21/94
4592	3870564898916851872303125/578	11/34	3/34
4593	425426155108521324086031625/4418	35/94	29/94
4594	525632634083684967531229525/2116	9/23	13/46
4595	67982003974078484382904825/1458	23/54	11/54
4596	6540409750425674242751125/484	4/11	1/22
4597	914335535883988639420026625/3362	31/82	21/82
4598	56602612035748245909005525/1458	1/2	7/54
4599	3429293717618511835195025/1058	9/46	3/46
4600	10276977198268513210401625/882	1/6	5/42
4601	56602612035748245909005525/1458	7/18	11/54
4602	5316978332821362386678525/1058	1/2	15/46
4603	873543061852823622884138125/6962	31/118	7/118
4604	7079041042025926164829625/484	9/22	2/11
4605	5316978332821362386678525/1058	11/46	9/46
4606	9352601668661990042585125/484	9/22	2/11
4607	20563951066207861546253825/1058	9/46	1/46
4608	745740583275025/2	1/2	1/2
4609	20563951066207861546253825/1058	21/46	3/46
4610	9352601668661990042585125/484	7/22	1/11
4611	5316978332821362386678525/1058	19/46	5/46
4612	7079041042025926164829625/484	7/22	1/11
4613	44364209433424300847598925/1458	5/54	1/54
4614	5316978332821362386678525/1058	3/46	3/46
4615	1344667409818391419495808125/6962	49/118	15/118
4616	10276977198268513210401625/882	11/42	11/42
4617	521924437234795712840125/162	7/18	1/18
4618	496105246666264037673048425/4418	37/94	3/94
4619	67982003974078484382904825/1458	25/54	5/54
4620	3310944024270009765625/2	1/2	1/2
4621	1109105235835607521189973125/6962	49/118	19/118
4622	67982003974078484382904825/1458	1/54	1/54
4623	425426155108521324086031625/4418	21/94	11/94
4624	3870564898916851872303125/578	9/34	7/34
4625	104078643252350246002146325/1458	17/54	13/54
4626	3836734555355364726505325/1058	17/46	17/46
4627	794828920176068240664865625/2116	10/23	11/46
4628	86735660242789790419568225/1458	7/18	1/54
4629	1054823754447155611774955125/4418	25/94	1/94
4630	422284401813115159968690625/2116	4/23	1/46
4631	4858568610609837914201620625/7442	25/122	9/122
4632	7929523325737321869530125/484	3/22	1/11
4633	1108530693947844633633129625/3362	35/82	17/82
4634	116444422648669087111312225/1458	19/54	19/54
4635	7200447042242259829194925/1058	21/46	1/46
4636	28617428813640013708964525/882	19/42	5/14
4637	198882951957461361172418225/1458	13/54	1/18
4638	507577412646718545288851525/4418	27/94	17/94
4639	1154138948640664246600998125/3698	19/86	13/86
4640	177699138386060737915625/144	1/3	1/12
4641	1721465524893545165562069125/4418	43/94	29/94
4642	561981230683776302221135625/3698	41/86	19/86
4643	474106265137482341340812225/1444	13/38	5/19
4644	592296271468700752773625/162	7/18	7/18
4645	694213023408552820493205625/3698	33/86	27/86
4646	148567022000026076659260425/1458	7/18	19/54
4647	758285031188115810001943125/3698	35/86	7/86
4648	51248241389954351137871125/1024	5/16	7/32
4649	792184368081790844980405625/3698	25/86	17/86
4650	299449852846099781475495625/3698	1/2	5/86
4651	310438838271644727584688125/3698	33/86	7/86
4652	406184453860551188734088125/3698	35/86	35/86
4653	299449852846099781475495625/3698	33/86	21/86
4654	299449852846099781475495625/3698	29/86	1/86
4655	310438838271644727584688125/3698	41/86	39/86
4656	12834383114853191067177625/484	7/22	3/11
4657	310438838271644727584688125/3698	9/86	5/86
4658	299449852846099781475495625/3698	39/86	3/86
4659	310438838271644727584688125/3698	21/86	3/86
4660	14875802317028543283039725/722	1/2	7/38
4661	964526059072060113428613125/3698	13/86	5/86
4662	8958356091470227722935525/722	15/38	11/38
4663	694213023408552820493205625/3698	19/86	9/86
4664	5013391941098017349532725/722	5/38	5/38
4665	4814841765212947355491825/722	15/38	11/38
4666	4814841765212947355491825/722	13/38	5/38
4667	5013391941098017349532725/722	11/38	9/38
4668	8984395458799417230350725/722	1/2	1/38
4669	561981230683776302221135625/3698	29/86	13/86
4670	8958356091470227722935525/722	1/2	17/38
4671	448648753131271271113251925/722	17/38	1/38
4672	329181807293025978240625/256	1/2	7/16
4673	69332184709470553218466625/1682	25/58	7/58
4674	90545921933402681188314625/1682	1/2	3/58
4675	77344380000196579662586025/722	3/38	1/38
4676	458974708454235960009369125/4802	45/98	5/98
4677	24230279085316698529637125/1682	19/58	11/58
4678	32196802539135668484922625/1682	19/58	19/58
4679	32196802539135668484922625/1682	27/58	15/58
4680	62705989280517578125/2	1/2	1/2
4681	14552079393249323425430125/1682	17/58	3/58
4682	14552079393249323425430125/1682	27/58	27/58
4683	25119463638906302145403625/1682	15/58	9/58
4684	24230279085316698529637125/1682	13/58	9/58
4685	5486133931254994931387157125/13778	79/166	71/166
4686	24230279085316698529637125/1682	3/58	3/58
4687	90545921933402681188314625/1682	19/58	5/58
4688	4972283599969297548828125/242	5/22	5/22
4689	141665313422349187707617225/1058	9/46	7/46
4690	135854800957816357265649125/1682	1/2	15/58
4691	9915306279424165151222660125/13778	77/166	15/166
4692	4381517231656113681640625/242	7/22	3/22
4693	69332184709470553218466625/1682	21/58	1/58
4694	5822016047543055166015625/242	9/22	5/22
4695	729946942096195082136060625/3698	41/86	5/86
4696	4381517231656113681640625/242	1/2	5/22
4697	490620075835147514222598125/3698	13/86	9/86
4698	13139135815307708519828125/98	1/2	5/14
4699	1571059026010088983240413125/3698	25/86	5/86
4700	161215909783863310408462625/1682	1/2	27/58
4701	706672953267139080118788125/3698	33/86	25/86
4702	490620075835147514222598125/3698	41/86	17/86
4703	600568259939232733541258125/3698	17/86	5/86
4704	958874040771765625/2	1/2	1/2
4705	442754702582938000639905625/3698	23/86	7/86
4706	442754702582938000639905625/3698	17/86	17/86
4707	28926835840030493844578125/162	7/18	5/18
4708	500836110893876726522425625/3698	29/86	25/86
4709	354606589465007609289600625/3698	39/86	21/86
4710	296523791638114440795533125/3698	25/86	23/86
4711	296523791638114440795533125/3698	21/86	5/86
4712	296523791638114440795533125/3698	27/86	9/86
4713	328580417761153839800455625/3698	19/86	9/86
4714	296523791638114440795533125/3698	1/2	37/86
4715	296523791638114440795533125/3698	11/86	1/86
4716	3823245162806345511828125/98	1/2	3/14
4717	442754702582938000639905625/3698	41/86	31/86
4718	500836110893876726522425625/3698	1/2	41/86
4719	490620075835147514222598125/3698	15/86	5/86
4720	4942243747042349076265625/64	3/8	0
4721	593115980723753067227505625/5618	49/106	21/106
4722	7254612570526472029328125/98	1/2	1/14
4723	517559804835376880319543125/5618	29/106	23/106
4724	48311669940058235995578125/484	5/22	1/11
4725	72136701185025387015625/18	1/6	1/6
4726	517559804835376880319543125/5618	47/106	3/106
4727	562893510368402592464320625/5618	49/106	19/106
4728	7254612570526472029328125/98	5/14	5/14
4729	517559804835376880319543125/5618	37/106	1/106
4730	4942243747042349076265625/64	1/2	3/8
4731	517559804835376880319543125/5618	41/106	31/106
4732	593115980723753067227505625/5618	37/106	25/106
4733	707490008444689496950568125/5618	49/106	29/106
4734	3823245162806345511828125/98	1/14	1/14
4735	1062910816940587179882955625/5618	35/106	33/106
4736	73763011274342013138125/98	3/14	3/14
4737	821448130610277066929183125/5618	37/106	31/106
4738	810773221356323000155030625/5618	1/2	7/106
4739	941367565735864959911545625/5618	51/106	37/106
4740	5265979186506853252140625/64	1/2	1/8
4741	984899013862378946497050625/5618	27/106	19/106
4742	941367565735864959911545625/5618	17/106	17/106
4743	1231019124423823409115098125/5618	43/106	9/106
4744	24280994736713206692078125/484	1/2	2/11
4745	2822909061010330266001600625/5618	21/106	3/106
4746	1449071421413634825931255625/5618	25/106	21/106
4747	1662985032756154506771263125/5618	35/106	33/106
4748	20506992125317162080078125/256	3/16	1/8
4749	2099973800487698756725755625/5618	39/106	15/106
4750	1894939551079368618525488125/5618	1/2	49/106
4751	1914466622451590536449323125/5618	47/106	45/106
4752	608507824970703125/2	1/2	1/2
4753	8759036808417448724896570625/5618	37/106	17/106
4754	2197082415539153034493420625/5618	43/106	17/106
4755	384098785364535771631765625/1458	5/54	1/18
4756	20506992125317162080078125/256	3/8	3/16
4757	5892395362791383089033495625/5618	11/106	3/106
4758	460398857185943396758578125/1458	1/2	25/54
4759	1143593279426616467093328125/2116	3/23	5/46
4760	17476129969736257045890625/484	7/22	0
4761	2850844250151345801053260625/5618	41/106	21/106
4762	293722600572880295953703125/1458	11/54	11/54
4763	460398857185943396758578125/1458	7/18	7/54
4764	22562487493708457978515625/144	1/3	1/12
4765	24619657548606551896765625/484	2/11	1/22
4766	193044467255751139110265625/1458	7/18	17/54
4767	638137686309879907052078125/2116	13/46	2/23
4768	44152610967264921265625/242	1/2	7/22
4769	252133559783799900066453125/1458	25/54	5/18
4770	17476129969736257045890625/484	1/11	1/22
4771	2183701715549454521755953125/2178	13/66	1/22
4772	28550837786282378437203125/484	3/11	3/22
4773	131945541648517046148765625/1458	25/54	13/54
4774	21558145729090711246390625/484	3/11	1/22
4775	86184082117239457889078125/1458	19/54	7/54
4776	31261337692151075640625/242	9/22	7/22
4777	56242659018032835760140625/1458	23/54	7/54
4778	52223775444761263890625/242	9/22	3/22
4779	127562992479826693765625/242	9/22	3/22
4780	33737483251925418265625/242	5/22	3/22
4781	73548092562042939070953125/1458	7/18	7/54
4782	73548092562042939070953125/1458	1/2	25/54
4783	21558145729090711246390625/484	5/11	5/22
4784	31261337692151075640625/242	1/2	3/22
4785	799612090553884338313578125/2116	17/46	8/23
4786	112702261230236214162640625/1458	1/2	17/54
4787	147622239666162635790203125/1458	7/54	1/54
4788	664119071356913113118125/162	7/18	7/18
4789	193044467255751139110265625/1458	17/54	5/18
4790	252133559783799900066453125/1458	1/2	11/54
4791	111758710077382256851568125/1058	17/46	3/46
4792	2142958181620641007358125/256	3/16	1/8
4793	1500813259503648619629108125/2738	11/74	1/74
4794	17109088694722205699708125/1058	1/2	11/46
4795	3610221259593989500260750625/4418	19/94	1/94
4796	34628415007862979287733125/1058	11/46	11/46
4797	609346364440879041933125/162	7/18	1/6
4798	34628415007862979287733125/1058	1/2	9/46
4799	43662698397897135834168125/484	2/11	3/22
4800	12028479091338125/2	1/2	1/2
4801	34628415007862979287733125/1058	7/46	3/46
4802	34628415007862979287733125/1058	21/46	13/46
4803	17109088694722205699708125/1058	19/46	17/46
4804	128718542697999033388773125/1922	21/62	21/62
4805	707893747032770626722558125/1458	19/54	5/18
4806	609346364440879041933125/162	1/2	7/18
4807	3610221259593989500260750625/4418	27/94	3/94
4808	2142958181620641007358125/256	3/8	3/16
4809	111758710077382256851568125/1058	19/46	11/46
4810	285093618849820332128598125/1922	11/62	7/62
4811	2787732289604587542338785625/8978	37/134	33/134
4812	69076775363381824533535625/484	3/22	1/11
4813	2418088229104531735619830625/8978	39/134	9/134
4814	285093618849820332128598125/1922	21/62	15/62
4815	254366991927654656570248625/1444	11/38	5/19
4816	1280022001102262078220625/256	7/16	0
4817	2294873542271179800046845625/8978	55/134	49/134
4818	2110051512021151896687368125/8978	19/134	9/134
4819	2110051512021151896687368125/8978	35/134	17/134
4820	2294873542271179800046845625/8978	41/134	23/134
4821	143775177356123334291765625/722	13/38	7/38
4822	2110051512021151896687368125/8978	21/134	1/134
4823	2110051512021151896687368125/8978	39/134	23/134
4824	38566704752388982755625/98	1/2	1/14
4825	2418088229104531735619830625/8978	43/134	17/134
4826	254381934824680624126140625/1444	15/38	3/19
4827	358009451579026074952515625/1444	7/38	3/19
4828	224158338607886886606203125/1444	9/38	0
4829	22245852508109922820578125/722	15/38	7/38
4830	38252111406675015545515625/722	1/2	1/38
4831	200353913268996243780765625/1444	9/19	11/38
4832	1978734476115289697618125/144	1/2	1/12
4833	200353913268996243780765625/1444	15/38	6/19
4834	3690819088443567783015625/722	1/2	3/38
4835	308409956380365004471515625/1444	6/19	3/38
4836	3701547239123029511515625/722	1/2	11/38
4837	2065504260505115915265625/722	15/38	7/38
4838	1983702111574220235453125/722	1/2	3/38
4839	1983702111574220235453125/722	13/38	7/38
4840	2065504260505115915265625/722	17/38	17/38
4841	216223530161590005664390625/1444	8/19	15/38
4842	3690819088443567783015625/722	13/38	7/38
4843	200353913268996243780765625/1444	7/38	2/19
4844	6128791330351245584640625/722	1/2	1/38
4845	38252111406675015545515625/722	17/38	15/38
4846	200353913268996243780765625/1444	4/19	1/38
4847	308409956380365004471515625/1444	15/38	1/19
4848	34323537044639895918125/98	1/2	3/14
4849	4763134127276974411884390625/3362	23/82	19/82
4850	22245852508109922820578125/722	17/38	17/38
4851	254381934824680624126140625/1444	13/38	2/19
4852	398475445893668344459448125/1922	25/62	15/62
4853	166147225941184833482301125/1444	4/19	5/38
4854	1604140140534864281123125/196	1/14	0
4855	321738486024573725140938125/1922	25/62	17/62
4856	57864640591865234213125/98	5/14	5/14
4857	170008588101591182397520625/1922	21/62	9/62
4858	1408256163229780154363125/256	7/16	1/8
4859	120371044130323683887295625/1922	13/62	5/62
4860	59078807710755625/2	1/2	1/2
4861	120371044130323683887295625/1922	21/62	1/62
4862	1408256163229780154363125/256	7/16	3/8
4863	195671484734170264150833125/1922	17/62	13/62
4864	57864640591865234213125/98	1/2	1/14
4865	2709994768907637043123890625/3698	39/86	29/86
4866	1604140140534864281123125/196	1/2	3/7
4867	580598995686636357562308125/1922	7/62	3/62
4868	182910128910886005347688125/484	3/22	1/11
4869	647298345452583566224127125/3362	27/82	5/82
4870	191430828976482370408537625/1444	6/19	3/38
4871	571316804442315500086578125/1444	13/38	2/19
4872	34323537044639895918125/98	1/14	1/14
4873	5355770352690519804304690025/8978	19/134	17/134
4874	2641425232250108524907852425/6962	19/118	15/118
4875	5924524726427566155204303125/8978	37/134	21/134
4876	499727738199144825737797625/3362	1/2	15/82
4877	166147225941184833482301125/1444	3/38	1/19
4878	2554434584087696778495625/144	5/12	0
4879	3948414639574762775436304325/8978	23/134	19/134
4880	135014722548023985471025/36	1/6	0
4881	1779674153512724280535953125/3698	25/86	13/86
4882	422211484278670925127069625/1444	13/38	4/19
4883	1260061261976162446802828125/3698	37/86	23/86
4884	1167579701464150524101703125/3698	39/86	1/86
4885	3232267457787954219752847625/6962	53/118	23/118
4886	1167579701464150524101703125/3698	11/86	5/86
4887	120500513351179133352298625/722	17/38	7/38
4888	107334048616871618090336125/1444	8/19	7/38
4889	694311990241289713635701125/3362	31/82	23/82
4890	77253168749722884358012625/1444	7/38	1/19
4891	499727738199144825737797625/3362	35/82	5/82
4892	3861342416778115875377525/722	7/38	7/38
4893	1779674153512724280535953125/3698	9/86	5/86
4894	968083366207846218512190125/3362	1/2	19/82
4895	1139701242341417383843489625/6962	49/118	1/118
4896	327859819488525390625/2	1/2	1/2
4897	89936621823852375924379625/1444	1/19	1/38
4898	111760194951587973475504625/1444	5/38	2/19
4899	1323277281376276559764588625/6962	53/118	41/118
4900	4455206279057725140625/2	1/2	1/2
4901	1385549153441042515518216325/6962	19/118	3/118
4902	20677602882746715190631125/722	1/2	1/38
4903	52366241904174572618518625/1444	7/38	2/19
4904	1963442503033246585791025/722	1/2	9/38
4905	50331503956467843407221625/1444	7/19	3/38
4906	61307484665532854668947625/1444	3/38	0
4907	94173352733653560264672125/1444	7/38	1/19
4908	1301336394604779383414525/722	1/2	9/38
4909	680761144754269444040742125/6962	35/118	21/118
4910	40044773220839379061220125/1444	11/38	3/19
4911	9206815882098902384149625/722	17/38	15/38
4912	661263019156274756872625/722	1/2	11/38
4913	500513997924915147467125/722	13/38	1/38
4914	354378524078224593462125/722	1/2	3/38
4915	354378524078224593462125/722	17/38	9/38
4916	354378524078224593462125/722	13/38	7/38
4917	8193221473060491112500125/722	9/38	5/38
4918	500513997924915147467125/722	3/38	3/38
4919	897640801490142895239562625/6962	47/118	31/118
4920	1170860208230835119967125/722	1/2	7/38
4921	1301336394604779383414525/722	17/38	1/38
4922	86588921641010320511812625/1444	9/19	13/38
4923	40044773220839379061220125/1444	9/19	17/38
4924	1393738978837071410639225/722	15/38	15/38
4925	50331503956467843407221625/1444	8/19	5/38
4926	20677602882746715190631125/722	17/38	15/38
4927	80171326101081425336316125/1444	5/38	2/19
4928	35252722087197265625/2	1/2	1/2
4929	133609199639119377554168125/1682	25/58	5/58
4930	69049292422318684249197125/1444	1/2	5/19
4931	694311990241289713635701125/3362	37/82	11/82
4932	29129761725329314100670125/722	13/38	13/38
4933	85215731393425320109020625/1682	23/58	9/58
4934	3690675348633226775913325/722	5/38	5/38
4935	59490227576542204604410625/1682	3/58	1/58
4936	38431739938828149877185625/1682	23/58	1/58
4937	38431739938828149877185625/1682	17/58	3/58
4938	38431739938828149877185625/1682	19/58	13/58
4939	55050870723186268742995625/1682	9/58	1/58
4940	59490227576542204604410625/1682	25/58	9/58
4941	1688223525738342142423030625/4802	19/98	15/98
4942	85215731393425320109020625/1682	1/2	1/58
4943	107334048616871618090336125/1444	6/19	3/38
4944	4409698736320570200874925/722	1/2	9/38
4945	3178630123881642544095645625/4802	33/98	25/98
4946	133609199639119377554168125/1682	21/58	21/58
4947	422211484278670925127069625/1444	11/38	3/19
4948	291878800622549654404320625/1682	1/2	23/58
4949	191386150834414243523538125/1682	25/58	7/58
4950	26820605735062978515625/4	1/2	0
4951	3502566951793147516742335625/4802	45/98	1/98
4952	166147225941184833482301125/1444	17/38	8/19
4953	118272550386743884902090125/1444	7/38	2/19
4954	951036402490564312568511125/3698	23/86	7/86
4955	36779488819138018559963825/722	17/38	15/38
4956	422211484278670925127069625/1444	9/38	0
4957	2312608181721055537354953125/5618	27/106	17/106
4958	2018008413348946551704640625/5618	51/106	45/106
4959	647298345452583566224127125/3362	23/82	15/82
4960	188946967105532717453125/36	1/2	1/3
4961	1605568737627993971794203125/5618	41/106	5/106
4962	509671442218700211707986625/3698	31/86	23/86
4963	1605568737627993971794203125/5618	3/106	1/106
4964	1605568737627993971794203125/5618	1/2	13/106
4965	2368611306005654473240953125/5618	45/106	3/106
4966	2018008413348946551704640625/5618	37/106	17/106
4967	2832295413568483747996515625/5618	15/106	13/106
4968	166587057232062108143125/98	1/14	1/14
4969	3559857538154883242894703125/5618	23/106	3/106
4970	191430828976482370408537625/1444	1/2	9/19
4971	3945037486465330034311390625/5618	49/106	3/106
4972	647298345452583566224127125/3362	1/2	37/82
4973	8750517035239122601471203125/5618	33/106	1/106
4974	327877806777635168041443625/3698	1/2	31/86
4975	7668443653466315684672703125/5618	45/106	39/106
4976	23034904762159105049665925/722	5/38	5/38
4977	673361540449523637366026125/3698	41/86	7/86
4978	166147225941184833482301125/1444	7/19	11/38
4979	10491685692181348760221390625/5618	47/106	37/106
4980	474443832849228152977841125/1444	15/38	0
4981	11192178214098372928347828125/5618	31/106	27/106
4982	2830619705309558556837990625/3698	1/2	21/86
4983	327877806777635168041443625/3698	7/86	3/86
4984	405076761039426599567901925/3698	39/86	39/86
4985	819858967664279579800440625/3698	37/86	23/86
4986	623940509957815480495125125/3698	1/2	33/86
4987	289654898322242585805427625/1444	7/19	13/38
4988	790764122228414228805834625/3698	29/86	13/86
4989	2166097239719909726786486125/3362	37/82	3/82
4990	183079427310987109505975125/1444	1/2	8/19
4991	405076761039426599567901925/3698	17/86	1/86
4992	1635441923095703125/2	1/2	1/2
4993	623940509957815480495125125/3698	19/86	13/86
4994	1275628741221298067374174625/3698	41/86	25/86
4995	426825848880469638470876525/3698	41/86	31/86
4996	375743180029844681624136125/3698	7/86	5/86
4997	3515201326700629262794259825/3698	17/86	1/86
4998	629673777061286892397629725/3698	1/2	21/86
4999	439371932947155354920678125/3698	25/86	23/86
5000	39016007650919723125/2	1/2	1/2
5001	282653281704857903484003125/3698	37/86	33/86
5002	629673777061286892397629725/3698	15/86	1/86
5003	2480488573188443036047163725/3698	11/86	3/86
5004	482173245261228188296240625/3698	1/2	19/86
5005	327877806777635168041443625/3698	25/86	11/86
5006	296331321834211405053028925/3698	1/2	21/86
5007	1135192549527210206745825125/3698	31/86	21/86
5008	780063566087766233904509125/3698	3/86	3/86
5009	296331321834211405053028925/3698	15/86	1/86
5010	317492596490361388850517725/3698	25/86	25/86
5011	282653281704857903484003125/3698	7/86	1/86
5012	411716969274081332684296825/3698	31/86	27/86
5013	317492596490361388850517725/3698	31/86	17/86
5014	334539178852259986909605925/3698	11/86	9/86
5015	411716969274081332684296825/3698	17/86	5/86
5016	186116349666763572774441425/3698	1/2	29/86
5017	186116349666763572774441425/3698	33/86	15/86
5018	174708612370564724576827625/3698	1/2	29/86
5019	196109173809945509567700025/3698	39/86	3/86
5020	196109173809945509567700025/3698	31/86	15/86
5021	174708612370564724576827625/3698	25/86	1/86
5022	3313501685820213464890625/98	5/14	5/14
5023	398435924774865217889553125/3698	25/86	9/86
5024	151858646392211977765625/98	1/2	3/14
5025	181119937595172604377812125/3698	15/86	11/86
5026	168505233850066694069490625/3698	7/86	3/86
5027	150610872733245452221403125/3698	37/86	1/86
5028	136152228950853888808148425/3698	35/86	27/86
5029	150610872733245452221403125/3698	39/86	35/86
5030	168505233850066694069490625/3698	1/2	31/86
5031	136152228950853888808148425/3698	23/86	7/86
5032	4886268016742897977765625/256	1/2	5/16
5033	174708612370564724576827625/3698	37/86	17/86
5034	174708612370564724576827625/3698	31/86	3/86
5035	232259684680868398555076725/3698	25/86	19/86
5036	5545090670685760626453125/256	3/8	1/16
5037	1186406321853402387194029625/5618	33/106	15/106
5038	186116349666763572774441425/3698	37/86	17/86
5039	383567167855310468604979625/3698	21/86	9/86
5040	164540515872078125/2	1/2	1/2
5041	296331321834211405053028925/3698	27/86	23/86
5042	383567167855310468604979625/3698	1/2	7/86
5043	317492596490361388850517725/3698	35/86	5/86
5044	5545090670685760626453125/256	1/8	1/16
5045	683676802189070836842731425/3698	35/86	33/86
5046	375743180029844681624136125/3698	39/86	31/86
5047	296331321834211405053028925/3698	39/86	9/86
5048	4886268016742897977765625/256	5/16	0
5049	8105279745149452485075625/98	1/14	1/14
5050	282653281704857903484003125/3698	27/86	3/86
5051	580484086594416928763815625/3698	23/86	7/86
5052	6100896618298767037390625/144	1/3	1/12
5053	6291437994558480425902703125/8978	27/134	15/134
5054	833082395345235836847194525/3698	21/86	21/86
5055	405076761039426599567901925/3698	13/86	11/86
5056	151858646392211977765625/98	1/14	1/14
5057	1938237727833035252719610125/5618	39/106	37/106
5058	10736826604379178603405625/98	1/2	5/14
5059	439371932947155354920678125/3698	11/86	1/86
5060	426825848880469638470876525/3698	17/86	17/86
5061	41794411230633048047880625/98	1/14	1/14
5062	327877806777635168041443625/3698	33/86	1/86
5063	328196619190232958876953125/722	15/38	1/38
5064	9483571971018875493765625/144	1/12	0
5065	375743180029844681624136125/3698	35/86	15/86
5066	31522595341780673219025625/484	5/22	1/11
5067	10736826604379178603405625/98	3/14	3/14
5068	42752200680478884384765625/722	1/38	1/38
5069	42752200680478884384765625/722	15/38	9/38
5070	44515178028127498173828125/722	1/2	5/38
5071	79543514837145857392578125/722	17/38	13/38
5072	132086020050673396220703125/722	13/38	13/38
5073	1312426589911267045179401125/3698	31/86	15/86
5074	375743180029844681624136125/3698	1/2	17/86
5075	38394906474427683225150625/36	1/6	0
5076	452220210592171700453125/98	1/14	1/14
5077	327877806777635168041443625/3698	41/86	21/86
5078	199731368389558601248518125/1458	1/2	7/54
5079	75023632016948985455093125/1058	9/46	7/46
5080	96128699641537501459958125/882	11/42	5/42
5081	5802306532660974395084871625/5618	17/106	13/106
5082	11565028220449232618497525/36	1/6	0
5083	9281428328606075083757453125/8978	55/134	1/134
5084	12626117263090867479880625/484	9/22	3/11
5085	15376659224600011496250625/64	1/8	0
5086	1835388885172909387461018125/2116	3/23	5/46
5087	2243181594916489849269465025/2116	11/23	5/46
5088	104265342477956463968125/162	1/18	1/18
5089	8981723692762602321297558125/2916	5/27	1/54
5090	1416381171290377306183710125/3698	25/86	1/86
5091	2479207593563451854156529125/4418	43/94	33/94
5092	26954813836856326035265625/256	5/16	0
5093	22318917869727921914200625/484	5/11	7/22
5094	291277722626531226828125/98	3/14	3/14
5095	171450820652983932045188125/1458	25/54	13/54
5096	9575511749860859229708125/484	3/22	0
5097	1024599394576272539009643125/1936	5/22	7/44
5098	100383122972990592337338125/1458	1/2	13/54
5099	303644481748746627926913125/1458	7/18	1/54
5100	376529739005028171265625/64	3/8	0
5101	1352851894976945402950405625/2116	9/23	17/46
5102	9087587584262853663863125/484	5/22	1/11
5103	4148809271487813765625/18	1/6	1/6
5104	5843266421827696585953125/98	1/14	1/14
5105	648504168741697583425345625/2178	25/66	7/22
5106	376529739005028171265625/64	1/2	3/8
5107	8314213981015257964104145625/10082	57/142	49/142
5108	9575511749860859229708125/484	9/22	2/11
5109	75946320992993178490413625/1058	15/46	5/46
5110	183166368308138089637335625/1458	1/2	1/54
5111	12006228852201288417220625/484	5/22	1/11
5112	76277663968848624563125/242	3/22	3/22
5113	75546061618848590109543125/1458	7/18	1/54
5114	11039284246654875927243125/484	5/11	5/22
5115	7076519176239807110610625/1058	17/46	7/46
5116	42358196399007590986275625/1458	23/54	1/54
5117	17807896485479763357085625/484	4/11	7/22
5118	82319459134698020568125/242	9/22	3/22
5119	30122174546649090444280625/1458	5/54	1/18
5120	1434116506298125/2	1/2	1/2
5121	127426012085217483893125/242	5/22	1/22
5122	31227575447443552478933125/1458	23/54	17/54
5123	37859980852210324686848125/1458	25/54	19/54
5124	76277663968848624563125/242	9/22	5/22
5125	115878211155677664765443125/1458	7/54	5/54
5126	11039284246654875927243125/484	3/11	1/22
5127	45461737816135317448227625/1058	13/46	11/46
5128	70350788832211150728668125/1922	23/62	5/62
5129	12006228852201288417220625/484	9/22	3/11
5130	452220210592171700453125/98	1/2	3/14
5131	58605175839722831364573125/1458	23/54	1/18
5132	9575511749860859229708125/484	7/22	1/11
5133	9598842843018352219343125/1058	13/46	7/46
5134	89722968320991591381160625/1458	1/2	1/54
5135	283877588294284871091213125/1458	13/54	1/18
5136	51268593815127764050625/162	1/2	5/18
5137	11742755828856601454456370625/10082	69/142	53/142
5138	9087587584262853663863125/484	9/22	3/11
5139	1352851894976945402950405625/2116	3/23	5/46
5140	470866763668267801323360625/1936	17/44	4/11
5141	100383122972990592337338125/1458	5/54	1/18
5142	253771853074147937882601625/1058	1/2	21/46
5143	1024599394576272539009643125/1936	15/44	5/22
5144	9575511749860859229708125/484	1/2	4/11
5145	2479207593563451854156529125/4418	35/94	31/94
5146	275561755113024396442343125/1458	7/54	5/54
5147	22318917869727921914200625/484	2/11	1/22
5148	19592158679585403844960625/1058	1/2	17/46
5149	33400028455716846338758500625/10082	69/142	35/142
5150	439051925201664002008841125/1024	3/16	1/32
5151	5041983982415559388790244625/4418	37/94	15/94
5152	1371766456932942845993725/144	1/2	1/12
5153	1105724244858643380941400625/1458	25/54	19/54
5154	275561755113024396442343125/1458	19/54	19/54
5155	18727183584997306906702743125/10082	19/142	1/142
5156	12626117263090867479880625/484	5/22	1/11
5157	5875382379266810558480541625/4418	39/94	11/94
5158	1713705644166970643540950625/2116	17/46	2/23
5159	199731368389558601248518125/1458	5/18	11/54
5160	815859547772497840503125/144	5/12	1/6
5161	1701398994663351647346288125/1936	19/44	9/22
5162	492640949271424693870105625/1936	2/11	5/44
5163	941383200092920454623073125/1936	9/22	3/44
5164	186330311180816687085092125/1024	5/32	1/16
5165	11366555148472078657319303125/4096	25/64	11/32
5166	18333595822591823727365425/36	1/2	1/3
5167	11366555148472078657319303125/4096	15/32	9/64
5168	509282126355716580707425/256	1/16	0
5169	568466202339512942015013125/1458	19/54	5/18
5170	225983083911964092851757425/1922	7/62	5/62
5171	13104117718939148006208878125/4096	13/32	3/64
5172	109771352366937116467183325/1058	9/46	7/46
5173	7759269455896233866637840625/3362	39/82	31/82
5174	31522595341780673219025625/484	9/22	3/11
5175	886106377798572097460449325/1458	25/54	1/18
5176	715283885331062613353125/256	1/8	1/16
5177	3842281345748046969540766825/2116	10/23	15/46
5178	58022493282701312198909725/882	13/42	5/42
5179	3958853277088509669753386425/4418	15/94	1/94
5180	51213223733807426065450325/1922	1/2	29/62
5181	1492755011328448283230953125/3698	27/86	17/86
5182	62090368597624932486430925/1922	11/62	7/62
5183	3958853277088509669753386425/4418	39/94	31/94
5184	5036302843213525/2	1/2	1/2
5185	3958853277088509669753386425/4418	37/94	19/94
5186	62090368597624932486430925/1922	13/62	1/62
5187	780826412119533828455247425/1458	13/54	1/18
5188	51213223733807426065450325/1922	23/62	23/62
5189	3958853277088509669753386425/4418	45/94	9/94
5190	58022493282701312198909725/882	19/42	1/42
5191	6766082965541515931708197025/3362	3/82	1/82
5192	715283885331062613353125/256	3/8	1/16
5193	886106377798572097460449325/1458	25/54	7/18
5194	1080733135930339042732953125/3698	29/86	25/86
5195	1718076522472365005228078125/3698	29/86	21/86
5196	109771352366937116467183325/1058	17/46	5/46
5197	526347142722747660561203125/3698	13/86	3/86
5198	158981770735259848420403125/1024	5/16	9/32
5199	6221747872545859281942726425/4418	31/94	25/94
5200	624897617312744140625/2	1/2	1/2
5201	901564907832033121555328125/3698	39/86	37/86
5202	526347142722747660561203125/3698	21/86	9/86
5203	11366555148472078657319303125/4096	25/64	5/32
5204	534975271925781357438015625/3698	39/86	39/86
5205	385045896354224798665578125/3698	37/86	1/86
5206	568038005512668267338328125/3698	1/2	11/86
5207	466825555756892012541453125/3698	35/86	5/86
5208	815859547772497840503125/144	1/6	1/12
5209	598536690372408845450453125/3698	21/86	9/86
5210	522289978223057400170140625/3698	23/86	1/86
5211	522289978223057400170140625/3698	39/86	27/86
5212	385045896354224798665578125/3698	39/86	35/86
5213	466825555756892012541453125/3698	37/86	15/86
5214	466825555756892012541453125/3698	21/86	11/86
5215	534975271925781357438015625/3698	13/86	11/86
5216	1371766456932942845993725/144	1/2	5/12
5217	1468324655759161370289640625/3698	21/86	19/86
5218	568038005512668267338328125/3698	35/86	33/86
5219	958718061569964610854265625/3698	35/86	29/86
5220	385045896354224798665578125/3698	29/86	23/86
5221	534975271925781357438015625/3698	25/86	3/86
5222	385045896354224798665578125/3698	13/86	13/86
5223	818183182252191908001078125/3698	29/86	23/86
5224	818183182252191908001078125/3698	13/86	13/86
5225	1032192637528634640612003125/1682	19/58	17/58
5226	554607391996452232940328125/3698	41/86	23/86
5227	526347142722747660561203125/3698	29/86	5/86
5228	55607274928759165116708125/484	4/11	1/22
5229	1003994688408658163959015625/3698	25/86	13/86
5230	526347142722747660561203125/3698	1/2	7/86
5231	2022312019905851948868758125/3698	39/86	31/86
5232	1024719592002257287671925/144	1/2	1/12
5233	2064422018074760165421705625/3698	21/86	9/86
5234	1326445537240635968442203125/3698	1/2	1/86
5235	1354392453698414607957975625/3698	19/86	1/86
5236	1080733135930339042732953125/3698	1/2	41/86
5237	1461671063892348438291280625/3698	15/86	3/86
5238	1354392453698414607957975625/3698	37/86	5/86
5239	1354696744384776765706703125/3698	33/86	29/86
5240	2587799024176884401597715625/4802	29/98	29/98
5241	1492755011328448283230953125/3698	39/86	23/86
5242	2499544008667980465480355625/3698	9/86	9/86
5243	3143593931932858970023713125/3698	21/86	1/86
5244	3306103606529840659972593125/3698	1/2	31/86
5245	362974378773110543320207625/1682	17/58	13/58
5246	317980547870626706972821525/722	1/2	13/38
5247	3344187701499640546930705625/3698	39/86	1/86
5248	29348076201696786765725/98	5/14	5/14
5249	160478179659107822683557425/722	15/38	3/38
5250	36089807077100743890625/4	1/2	0
5251	317980547870626706972821525/722	7/38	5/38
5252	1935557364510189222983783525/4802	37/98	15/98
5253	4615726785020901258207429125/4802	15/98	9/98
5254	2743136106208927891039800625/3698	31/86	23/86
5255	257707623964299938766741625/1682	3/58	1/58
5256	2927496024360139310040625/144	5/12	0
5257	8259442342834686474743046125/4802	43/98	41/98
5258	101690035402129165026876425/1682	7/58	7/58
5259	1641835702054414541510025125/4802	31/98	27/98
5260	1001119330520984476530503125/4802	1/2	11/98
5261	53018729483712775990592125/1682	9/58	5/58
5262	59525252088205762283790625/1682	1/2	21/58
5263	3216009545908100477020057625/3364	9/29	3/58
5264	47754989000999884128643625/1682	1/2	1/58
5265	30953131085866996387571125/1682	27/58	7/58
5266	23474522232905842897956625/1682	7/58	7/58
5267	23474522232905842897956625/1682	21/58	11/58
5268	30953131085866996387571125/1682	1/2	13/58
5269	188285277765675941083897625/1682	19/58	13/58
5270	53018729483712775990592125/1682	21/58	19/58
5271	1641835702054414541510025125/4802	41/98	3/98
5272	53018729483712775990592125/1682	13/58	13/58
5273	387228212763371275059336625/1682	15/58	13/58
5274	101690035402129165026876425/1682	27/58	23/58
5275	4225708282336771852738917125/4802	47/98	45/98
5276	1097226786250998986277431425/4802	25/98	19/98
5277	2527320125634323507717679125/4802	27/98	1/14
5278	257707623964299938766741625/1682	11/58	11/58
5279	7197123322050235253850964625/4802	27/98	5/98
5280	3546131807587890625/2	1/2	1/2
5281	101959095160986107674215625/1682	19/58	17/58
5282	4821986570094238924560969125/4802	45/98	25/98
5283	815370023362457183311166125/1682	25/58	17/58
5284	2814467551842012962321603125/4802	19/98	19/98
5285	8897784816733460010790168625/4802	25/98	3/98
5286	4243990399650090418620253625/4802	31/98	29/98
5287	4656353712383831404610399125/4802	15/98	11/98
5288	7753199474311610782328125/98	1/14	1/14
5289	5525926215363470884350891625/4802	39/98	27/98
5290	362974378773110543320207625/1682	1/2	9/58
5291	1606924201899468039406203125/1058	21/46	3/46
5292	25094435262148890625/2	1/2	1/2
5293	6089077931578856452182829625/4802	47/98	41/98
5294	269074152247830820101453125/256	1/8	1/16
5295	1032192637528634640612003125/1682	25/58	5/58
5296	7753199474311610782328125/98	1/2	3/14
5297	458845281692534037316393625/1682	27/58	9/58
5298	4243990399650090418620253625/4802	45/98	13/98
5299	7393104139412519939860294625/4802	45/98	19/98
5300	222110846760360452986320125/324	4/9	7/18
5301	9344871731372615192767488125/5618	37/106	31/106
5302	5455676559934301355315123125/5618	35/106	5/106
5303	6379665338907155246026668125/3698	27/86	13/86
5304	6586364831577264628578125/98	1/14	1/14
5305	5214541684357094665577438125/5618	19/106	7/106
5306	4550268858324343752765025625/5618	33/106	33/106
5307	4129434744259664561757855625/5618	43/106	9/106
5308	2340889759484777999977383125/5618	1/2	9/106
5309	2682625490796424423331745625/5618	45/106	35/106
5310	2682625490796424423331745625/5618	1/2	21/106
5311	2545931198271765853990000625/5618	31/106	5/106
5312	1739054838910931599890625/144	5/12	0
5313	2866932402065626988736345625/5618	45/106	3/106
5314	1862459735648473007281275625/5618	37/106	13/106
5315	1862459735648473007281275625/5618	45/106	19/106
5316	2258026405166732761040130625/5618	23/106	15/106
5317	1862459735648473007281275625/5618	49/106	41/106
5318	1862459735648473007281275625/5618	39/106	21/106
5319	1862459735648473007281275625/5618	33/106	5/106
5320	21063852055678697040595625/162	1/2	5/18
5321	2545931198271765853990000625/5618	51/106	9/106
5322	2340889759484777999977383125/5618	39/106	37/106
5323	6130605618895245852879880625/5618	49/106	3/106
5324	2340889759484777999977383125/5618	45/106	21/106
5325	3595799733641566206150825625/5618	17/106	15/106
5326	2682625490796424423331745625/5618	51/106	15/106
5327	548886244916956708251953125/722	15/38	11/38
5328	531192691928650873135625/98	3/14	3/14
5329	7705440089804116347197648125/5618	13/106	1/106
5330	19326627143870144707350625/162	5/18	1/18
5331	364789766187177839422045625/1058	15/46	11/46
5332	1377689226184095137145625/242	9/22	3/22
5333	3271122431718939565470625/242	9/22	7/22
5334	1830628149861057921960625/242	5/22	3/22
5335	133635854939857228303125625/1058	17/46	3/46
5336	1377689226184095137145625/242	1/22	1/22
5337	393684005093092915811910625/1058	21/46	7/46
5338	364789766187177839422045625/1058	1/2	1/46
5339	15067284201999252102698235625/5618	39/106	29/106
5340	4920231801123838291015625/98	1/2	5/14
5341	1789385249062893408020453125/1458	13/54	11/54
5342	3119547735091946914867515625/1458	23/54	23/54
5343	281625726919744431376953125/196	3/7	3/14
5344	888495691930303689578125/144	1/2	1/12
5345	301424692472127601533203125/256	7/16	1/8
5346	923106370480556640625/4	1/2	0
5347	301424692472127601533203125/256	7/16	3/8
5348	17059151117884797822265625/98	1/14	1/14
5349	240497780010591907340265625/484	2/11	1/22
5350	639092431877726506933703125/1922	25/62	17/62
5351	3329397929336252397056265625/1444	15/38	1/19
5352	4920231801123838291015625/98	3/14	3/14
5353	2231343214308200838680407625/2116	13/46	2/23
5354	639092431877726506933703125/1922	13/62	1/62
5355	3889061576742022978593765625/2116	21/46	10/23
5356	327947068739250700475328125/1024	11/32	1/16
5357	1105543752605736691579515625/1458	17/54	5/54
5358	48149949718956176718453125/484	3/22	1/11
5359	4309614785626997180502390625/2116	13/46	6/23
5360	116557743744734127720625/36	1/6	0
5361	538033913017153761383703125/1458	7/18	13/54
5362	747533843749496818913640625/1458	17/54	17/54
5363	1582733098726437190457166125/2116	6/23	9/46
5364	672583037673705815515625/162	1/2	5/18
5365	854844860752082981664203125/1458	11/54	5/54
5366	350263688340026274189390625/1458	11/54	11/54
5367	92835523846710340807515625/1058	21/46	7/46
5368	37335710951292341033265625/484	2/11	3/22
5369	324556261672868382505765625/1458	7/18	5/54
5370	19663381408363026577953125/1058	1/2	3/46
5371	1167579701464150524101703125/1444	9/19	9/38
5372	66593105784351883245640625/1058	13/46	13/46
5373	755789186664267359703125/162	1/6	1/18
5374	66593105784351883245640625/1058	1/2	19/46
5375	216223530161590005664390625/1458	7/54	1/18
5376	6384765267765625/2	1/2	1/2
5377	66593105784351883245640625/1058	21/46	9/46
5378	66593105784351883245640625/1058	17/46	7/46
5379	19663381408363026577953125/1058	13/46	1/46
5380	144833777527735933443015625/1922	27/62	19/62
5381	274530998969209782472765625/1458	7/18	13/54
5382	672583037673705815515625/162	5/18	1/6
5383	421702256148579975138578125/1458	17/54	7/54
5384	37335710951292341033265625/484	4/11	7/22
5385	92835523846710340807515625/1058	11/46	1/46
5386	350263688340026274189390625/1458	5/54	1/54
5387	2600378450720997612905890625/2116	7/23	5/46
5388	7077040077226569763373125/144	1/2	1/12
5389	25720224682207195547092050625/8978	25/134	9/134
5390	1143988145406742561963051625/2116	1/2	6/23
5391	109762912229302741298703125/1058	17/46	11/46
5392	200023371053246290005625/98	1/2	3/14
5393	1013406235305791179873250425/1458	23/54	1/54
5394	16191664758402421029243125/256	7/16	1/8
5395	11529755892023915245248160625/8978	41/134	15/134
5396	5668070899421761654208125/256	3/8	5/16
5397	1118138435743234487223955625/1922	9/62	5/62
5398	9604400882212432515188125/256	5/16	1/8
5399	549802877243910880458188125/1922	11/62	1/62
5400	243519963490675625/2	1/2	1/2
5401	549802877243910880458188125/1922	17/62	9/62
5402	9604400882212432515188125/256	3/8	5/16
5403	240497780010591907340265625/484	5/11	7/22
5404	5668070899421761654208125/256	5/16	1/8
5405	883182557852873791360076125/2116	10/23	11/46
5406	16191664758402421029243125/256	7/16	3/8
5407	7123479754944711966809373125/8978	49/134	17/134
5408	200023371053246290005625/98	1/14	1/14
5409	5021455968731987483270820625/8978	41/134	17/134
5410	4652908741669089319361035625/8978	11/134	11/134
5411	6311371263452131056955068125/8978	63/134	37/134
5412	7077040077226569763373125/144	1/2	5/12
5413	4617043407491827417504043125/8978	61/134	31/134
5414	298060657442879758786250125/1458	23/54	23/54
5415	4617043407491827417504043125/8978	59/134	53/134
5416	291842804290892825193640625/1024	1/2	7/32
5417	4278177836299766689613838125/8978	55/134	5/134
5418	14886187748648991571233125/144	1/6	1/12
5419	3403805723771347220203710625/8978	21/134	7/134
5420	3403805723771347220203710625/8978	53/134	19/134
5421	99967464321510852975013625/1058	9/46	3/46
5422	4126737912890925390866445625/8978	65/134	23/134
5423	3403805723771347220203710625/8978	37/134	27/134
5424	176156029814965894208125/98	3/14	3/14
5425	504530841315864459432029525/2738	35/74	15/74
5426	3403805723771347220203710625/8978	45/134	41/134
5427	1971680118181868613975625/98	1/14	1/14
5428	1927560570440944165081974125/4418	31/94	31/94
5429	862762151890957634334409625/2116	21/46	6/23
5430	514987439063343515586061225/2738	25/74	25/74
5431	6311371263452131056955068125/8978	41/134	21/134
5432	227928738044555109660073625/1458	5/54	1/18
5433	7530996623113886836491573125/8978	35/134	29/134
5434	26983144673272780878855125/484	9/22	4/11
5435	965268546175031808710775125/2178	5/22	13/66
5436	155979929542646920401094625/1458	1/2	5/54
5437	514987439063343515586061225/2738	31/74	17/74
5438	556456062462215278949412125/2116	21/46	0
5439	406381341973884076042953125/722	9/38	5/38
5440	55455679374884741109625/242	1/2	1/22
5441	51366720707971489237015625/722	11/38	5/38
5442	31023464982042186568890625/722	13/38	13/38
5443	31023464982042186568890625/722	5/38	3/38
5444	31023464982042186568890625/722	17/38	7/38
5445	4174359298505344317919225/36	1/6	0
5446	51366720707971489237015625/722	15/38	15/38
5447	646086569167538545357371125/2116	7/46	2/23
5448	33285777005716058164427125/484	5/11	7/22
5449	637360691910078608398590625/2738	25/74	17/74
5450	171533998734562092836962625/1458	1/2	19/54
5451	222202702133929943273173625/2738	25/74	3/74
5452	23627727719083419526044125/484	5/11	9/22
5453	112737968877358665240395125/1458	23/54	1/54
5454	617508771968246200875625/98	1/2	5/14
5455	422010302404230379337473625/2116	17/46	8/23
5456	27259886467555737958625/242	5/22	5/22
5457	65818120558457949070982125/1458	17/54	13/54
5458	50331503956467843407221625/1458	1/2	25/54
5459	50331503956467843407221625/1458	7/54	1/18
5460	30498684859740578112125/242	9/22	7/22
5461	172465165832725689971125/242	9/22	3/22
5462	62250740330155426557625/242	7/22	3/22
5463	617508771968246200875625/64	3/8	0
5464	27259886467555737958625/242	7/22	1/22
5465	65818120558457949070982125/1458	5/54	1/54
5466	65818120558457949070982125/1458	11/54	11/54
5467	86211387965038979301478625/1458	25/54	5/18
5468	112737968877358665240395125/1458	19/54	13/54
5469	3747297431795407195200625/64	1/8	0
5470	23627727719083419526044125/484	1/11	1/22
5471	171533998734562092836962625/1458	7/18	1/54
5472	34262426110597578902125/242	1/2	5/22
5473	556456062462215278949412125/2116	8/23	1/46
5474	222202702133929943273173625/2738	33/74	27/74
5475	33285777005716058164427125/484	2/11	1/22
5476	826244908015300582648477625/1936	19/44	0
5477	326768679608720504813490625/2738	19/74	7/74
5478	119278769650259409718484125/1458	25/54	25/54
5479	932924271174604543871791625/2178	7/22	5/66
5480	21950019241988738849638625/484	4/11	5/22
5481	617508771968246200875625/98	3/14	3/14
5482	326768679608720504813490625/2738	1/2	15/74
5483	6050817424114944091768860625/6962	43/118	5/118
5484	239957759335390935298143125/1682	1/2	23/58
5485	175539568909782630520118125/1682	17/58	5/58
5486	175539568909782630520118125/1682	1/2	13/58
5487	175539568909782630520118125/1682	9/58	1/58
5488	1953319969738991140625/2	1/2	1/2
5489	965268546175031808710775125/2178	31/66	5/22
5490	4174359298505344317919225/36	1/2	1/3
5491	504530841315864459432029525/2738	33/74	19/74
5492	30122567765900368141870825/722	1/2	17/38
5493	34424715711556843184510467625/10082	59/142	51/142
5494	2064428776626099963786019625/4418	29/94	21/94
5495	862762151890957634334409625/2116	11/46	1/23
5496	21950019241988738849638625/484	1/2	5/11
5497	953137611940230131269785125/2116	11/23	9/46
5498	1948479713161803219619853125/3362	1/2	17/82
5499	12939757780386850266423383125/7442	57/122	5/122
5500	16476354582314072265625/2	1/2	1/2
5501	305784514201098078142890725/1444	6/19	5/38
5502	99967464321510852975013625/1058	15/46	7/46
5503	1699074309877092407508511925/3362	39/82	33/82
5504	107795871144438878786125/242	9/22	9/22
5505	80049475665182746277568325/722	3/38	1/38
5506	298060657442879758786250125/1458	17/54	11/54
5507	1172574542668998371655371125/2178	31/66	19/66
5508	8580331373443603515625/2	1/2	1/2
5509	1044182002518401227266657625/3362	25/82	15/82
5510	291922722947513491761885425/1444	5/19	5/38
5511	764520377768044519959715625/1444	9/19	3/38
5512	7113455625743401564915025/722	13/38	13/38
5513	1574988948341877374750146625/3362	27/82	11/82
5514	136152228950853888808148425/1444	13/38	0
5515	468147973068937765652390225/1444	15/38	4/19
5516	37489855873485191132568625/484	9/22	4/11
5517	233211243648492304592175025/1444	9/19	7/38
5518	4826267763597296553117425/722	1/2	17/38
5519	883182557852873791360076125/2116	6/23	3/46
5520	279641511316188421830625/36	1/2	1/3
5521	165069516515637015634657825/1444	15/38	6/19
5522	156137877237217762394665625/1444	6/19	1/38
5523	23937721293457146198789025/722	9/38	3/38
5524	2248294265131334173366925/722	1/2	1/38
5525	150610872733245452221403125/1444	5/38	2/19
5526	1701747592944711501388225/722	15/38	7/38
5527	136152228950853888808148425/1444	9/19	15/38
5528	1204886981865963617771225/722	1/2	17/38
5529	1204886981865963617771225/722	13/38	5/38
5530	1249103017897742099157325/722	9/38	7/38
5531	1204886981865963617771225/722	15/38	11/38
5532	2000775630437976282721025/722	1/2	7/38
5533	367624668005395085330046625/1444	7/19	7/38
5534	1701747592944711501388225/722	17/38	17/38
5535	150610872733245452221403125/1444	15/38	7/19
5536	3980924707984839407888225/722	1/2	11/38
5537	156137877237217762394665625/1444	9/19	7/38
5538	23937721293457146198789025/722	11/38	11/38
5539	4826267763597296553117425/722	15/38	11/38
5540	136152228950853888808148425/1444	7/19	7/38
5541	281589175232557261965004525/1444	6/19	5/38
5542	155394969291853504129476625/1058	7/46	7/46
5543	741206913704771855624518625/3362	39/82	17/82
5544	423892487536298828125/2	1/2	1/2
5545	1699074309877092407508511925/3362	17/82	5/82
5546	281589175232557261965004525/1444	13/38	0
5547	53761767495141459495640925/722	9/38	3/38
5548	935603763099236696948738125/3698	15/86	15/86
5549	935603763099236696948738125/3698	9/86	5/86
5550	689751679365130703589945625/3698	1/2	39/86
5551	9792251882184446542257955825/6962	45/118	7/118
5552	191195265154471705447425625/484	2/11	3/22
5553	766166705385996052138755625/1682	25/58	23/58
5554	291922722947513491761885425/1444	7/38	0
5555	386136649319634799406716025/1444	4/19	7/38
5556	75737380485856216661742325/722	1/2	1/38
5557	522077237972502245258688125/3698	29/86	9/86
5558	1828791149876355718692608125/3698	35/86	25/86
5559	704442307080083918167485625/3698	21/86	9/86
5560	30122567765900368141870825/722	15/38	11/38
5561	1731595813141000008547905625/3698	31/86	27/86
5562	1334316063591409019901885625/3698	31/86	17/86
5563	2254678586078943174175000625/3698	21/86	19/86
5564	273700514215828783491825625/3698	23/86	13/86
5565	2251526177564424592179083125/3698	19/86	7/86
5566	288395843838155161128970625/3698	37/86	35/86
5567	689751679365130703589945625/3698	31/86	1/86
5568	3576763466155174798140625/98	1/14	1/14
5569	3251477705290451934631758125/3698	17/86	3/86
5570	562893510368402592464320625/3698	23/86	15/86
5571	425455254771139792160560625/3698	37/86	13/86
5572	200223866104196895306100625/3698	9/86	9/86
5573	278187141401406305867768125/3698	31/86	29/86
5574	242749288993583846521555625/3698	29/86	29/86
5575	200223866104196895306100625/3698	37/86	13/86
5576	33604945542305034979081325/722	1/2	5/38
5577	357916057051468409181618125/3698	23/86	15/86
5578	295379762866587499015930625/3698	11/86	3/86
5579	526811329648656054945938125/3698	39/86	17/86
5580	357916057051468409181618125/3698	17/86	11/86
5581	200223866104196895306100625/3698	25/86	15/86
5582	317441377914686568528188125/3698	39/86	19/86
5583	261831209520872863092593125/3698	9/86	5/86
5584	242749288993583846521555625/3698	41/86	1/86
5585	242749288993583846521555625/3698	19/86	17/86
5586	278187141401406305867768125/3698	33/86	5/86
5587	200223866104196895306100625/3698	27/86	11/86
5588	242749288993583846521555625/3698	15/86	9/86
5589	261831209520872863092593125/3698	33/86	7/86
5590	261831209520872863092593125/3698	15/86	15/86
5591	446653239770900766452070625/3698	33/86	15/86
5592	311239078993652599634235625/3698	41/86	7/86
5593	200223866104196895306100625/3698	29/86	3/86
5594	357916057051468409181618125/3698	1/2	25/86
5595	242749288993583846521555625/3698	23/86	11/86
5596	295379762866587499015930625/3698	1/2	1/86
5597	425455254771139792160560625/3698	29/86	3/86
5598	200223866104196895306100625/3698	39/86	19/86
5599	562893510368402592464320625/3698	19/86	7/86
5600	1639731347828640625/2	1/2	1/2
5601	28780494108640343618453125/242	9/22	3/22
5602	273700514215828783491825625/3698	41/86	7/86
5603	461943785262885700569413125/3698	41/86	31/86
5604	23606472695851068361203125/242	1/2	5/22
5605	855731930077148920726945625/3698	27/86	3/86
5606	288395843838155161128970625/3698	1/2	33/86
5607	1731595813141000008547905625/3698	41/86	3/86
5608	468813752072657223208770625/3698	1/2	31/86
5609	522077237972502245258688125/3698	23/86	7/86
5610	273700514215828783491825625/3698	31/86	9/86
5611	689751679365130703589945625/3698	29/86	11/86
5612	1262416411697972170181335625/3698	1/2	9/86
5613	778993771229666537630580625/3698	15/86	11/86
5614	2188553343294655204337055625/3698	1/2	39/86
5615	2230489750024578693740272625/1444	6/19	3/38
5616	15212695624267578125/2	1/2	1/2
5617	3440991463532627721175883125/3698	11/86	7/86
5618	778993771229666537630580625/3698	1/86	1/86
5619	704442307080083918167485625/3698	29/86	5/86
5620	1498659028873124568964840625/1444	15/38	0
5621	5531549726531382436637958125/3698	31/86	17/86
5622	522077237972502245258688125/3698	17/86	17/86
5623	11946714375340110286296134525/5618	27/106	17/106
5624	222110846760360452986320125/324	1/9	1/18
5625	2426678627864254019205625/18	1/6	1/6
5626	704442307080083918167485625/3698	1/2	7/86
5627	20702635258903452120962522125/3698	39/86	7/86
5628	11800381183299601572265625/242	1/2	1/22
5629	11507856426672589186857140825/5618	23/106	13/106
5630	3434223311210675674173705625/3698	17/86	17/86
5631	17619747246296665361328125/242	7/22	3/22
5632	306959868642578125/2	1/2	1/2
5633	5200572803852563650759540125/3698	19/86	15/86
5634	11800381183299601572265625/242	5/22	3/22
5635	776232605890793107280095625/3698	25/86	21/86
5636	846871498608790626825953125/722	5/38	5/38
5637	978500992289796337197265625/1058	21/46	1/46
5638	2453100379175737571112990625/3698	25/86	25/86
5639	4584066796364105115814460725/3698	37/86	29/86
5640	1111504257359578022078125/36	1/6	0
5641	2209277416766103459181810625/3698	33/86	15/86
5642	2453100379175737571112990625/3698	37/86	15/86
5643	6850261189168083617684654225/3698	33/86	9/86
5644	584087793903827877781203125/722	13/38	1/38
5645	584087793903827877781203125/722	11/38	7/38
5646	584087793903827877781203125/722	3/38	3/38
5647	2213773512914690003199528125/3698	27/86	21/86
5648	2550745740610244978821683325/3698	7/86	3/86
5649	2453100379175737571112990625/3698	21/86	11/86
5650	1340287538204277272395809725/3698	39/86	39/86
5651	1340287538204277272395809725/3698	17/86	1/86
5652	1441985199812773912765625/98	1/2	5/14
5653	1292843731542178961868524425/3698	17/86	3/86
5654	1292843731542178961868524425/3698	1/2	13/86
5655	1432610621438630741529986525/3698	41/86	9/86
5656	7814208257060292309795625/36	1/2	1/3
5657	1292843731542178961868524425/3698	25/86	19/86
5658	1292843731542178961868524425/3698	39/86	29/86
5659	1340287538204277272395809725/3698	13/86	11/86
5660	1155947967020753300265625/36	1/6	0
5661	3893383159873971685280549125/5618	51/106	17/106
5662	2405466028711944289631931625/5618	17/106	7/106
5663	3200649723501940863699255125/5618	27/106	7/106
5664	1330430679023885873890625/98	1/14	1/14
5665	2756628952611498200527104125/5618	7/106	1/106
5666	2534618567166276868941028625/5618	45/106	29/106
5667	76151596559098894244328125/196	1/7	1/14
5668	4612794462276049331140625/98	5/14	5/14
5669	81505236844463303454578125/256	3/8	3/16
5670	249607962577942515625/4	1/2	0
5671	1759703336440281393086446625/5618	31/106	27/106
5672	4612794462276049331140625/98	1/2	1/14
5673	1759703336440281393086446625/5618	47/106	45/106
5674	1759703336440281393086446625/5618	41/106	3/106
5675	914536037070520954235973125/2738	31/74	21/74
5676	1330430679023885873890625/98	1/2	3/14
5677	2756628952611498200527104125/5618	39/106	15/106
5678	2405466028711944289631931625/5618	51/106	49/106
5679	1149462725492306153489250625/2738	33/74	31/74
5680	1155947967020753300265625/36	1/2	1/3
5681	2534618567166276868941028625/5618	43/106	13/106
5682	582604395112538735330168125/1458	5/54	5/54
5683	891951861543975231965655625/1458	19/54	17/54
5684	7814208257060292309795625/36	1/6	0
5685	299449852846099781475495625/1458	23/54	5/54
5686	299449852846099781475495625/1458	13/54	13/54
5687	406184453860551188734088125/1458	7/54	1/54
5688	1441985199812773912765625/98	3/14	3/14
5689	406184453860551188734088125/1458	19/54	11/54
5690	299449852846099781475495625/1458	17/54	7/54
5691	299449852846099781475495625/1458	11/54	1/54
5692	421090305378369580981210625/1458	1/2	13/54
5693	1240509278006548225052755625/2738	35/74	31/74
5694	582604395112538735330168125/1458	7/54	1/54
5695	914536037070520954235973125/2738	27/74	9/74
5696	9354321833710219649505625/196	1/2	1/7
5697	769718215440653365655185625/1458	23/54	1/6
5698	933198190401500098183720625/1458	1/2	1/54
5699	2887178227064830314745780625/2738	33/74	1/74
5700	1111504257359578022078125/36	1/2	1/3
5701	914536037070520954235973125/2738	13/74	7/74
5702	472918673506740648916015625/722	1/2	3/38
5703	472918673506740648916015625/722	13/38	7/38
5704	79540416996405749480890625/722	1/2	3/38
5705	1619316102335876551995805625/2738	19/74	5/74
5706	372670683000036486939648125/484	5/11	3/22
5707	1407579624827076253003953125/1444	3/19	5/38
5708	1092015410971817871625328125/1444	15/38	0
5709	864775209844734383888265625/1444	17/38	8/19
5710	659534060091890001674703125/1444	13/38	0
5711	54979340827629862144420356125/8978	25/134	7/134
5712	1314973624056849460575625/144	5/12	0
5713	22429383534793167433717585525/5618	35/106	33/106
5714	789220945712291309487765625/1444	17/38	0
5715	2231594041476483168114670625/1458	5/18	7/54
5716	153434820669510394437158125/324	1/3	1/18
5717	446675986274187156537480625/1058	21/46	5/46
5718	446675986274187156537480625/1058	7/46	7/46
5719	1323947887638398658519203125/1444	9/38	4/19
5720	14280112488084748059828125/722	7/38	7/38
5721	10160012376416852003289828125/6962	17/118	3/118
5722	385045896354224798665578125/1444	17/38	8/19
5723	589495044860892833355265625/1444	9/38	4/19
5724	2961481357343503763868125/162	1/2	7/18
5725	13333364698819460895640625/722	13/38	3/38
5726	7705244285470498499139265625/6962	15/118	1/118
5727	507715385458225619479390625/1444	8/19	7/38
5728	855872698961867543425625/256	1/2	5/16
5729	466825555756892012541453125/1444	11/38	3/19
5730	4812634595431876417953125/722	1/2	9/38
5731	6068732224839596163038890625/6962	25/118	5/118
5732	5658302122279344690953125/722	11/38	11/38
5733	3407485808444467244828125/722	11/38	9/38
5734	3532531159213071547390625/722	9/38	9/38
5735	3407485808444467244828125/722	7/38	1/38
5736	3407485808444467244828125/722	5/38	5/38
5737	483956768812190801992515625/1444	8/19	7/38
5738	4812634595431876417953125/722	17/38	1/38
5739	466825555756892012541453125/1444	13/38	4/19
5740	6358298261118026508390625/722	7/38	7/38
5741	7705244285470498499139265625/6962	39/118	11/118
5742	115469942713914195947016425/1058	1/2	3/46
5743	466825555756892012541453125/1444	9/19	17/38
5744	979388704530224193668125/256	3/8	5/16
5745	9506854144222371461994828125/6962	47/118	21/118
5746	13333364698819460895640625/722	1/2	11/38
5747	385045896354224798665578125/1444	3/38	1/19
5748	32702048752128371213755625/484	5/11	7/22
5749	622607462138837604496900625/1458	23/54	7/18
5750	483956768812190801992515625/1444	1/38	0
5751	2609622186173978564200625/162	5/18	1/6
5752	3526372166396111214788125/256	5/16	1/8
5753	4610007737021195795856220625/2116	6/23	9/46
5754	44988259166777506748845625/1058	1/46	1/46
5755	406305878474430478059693125/1458	17/54	5/18
5756	75313564314422685390368125/1922	11/62	7/62
5757	41686368585729616345260625/1058	21/46	19/46
5758	72628827742147475900505625/1058	1/2	3/46
5759	72628827742147475900505625/1058	11/46	7/46
5760	4341640382080625/2	1/2	1/2
5761	72628827742147475900505625/1058	13/46	1/46
5762	72628827742147475900505625/1058	19/46	19/46
5763	41686368585729616345260625/1058	15/46	5/46
5764	75313564314422685390368125/1922	21/62	15/62
5765	504429303722809721852123125/1058	21/46	5/46
5766	44988259166777506748845625/1058	1/2	5/46
5767	459002581576807285067058125/1458	5/54	1/18
5768	3526372166396111214788125/256	3/8	5/16
5769	69639360080080250172870625/1058	17/46	3/46
5770	556489855540022991629973125/1458	1/2	17/54
5771	7499394089513708667676022125/8978	65/134	9/134
5772	32702048752128371213755625/484	2/11	1/22
5773	622607462138837604496900625/1458	23/54	1/18
5774	242854327088229474135708125/882	1/14	1/42
5775	9557234415865639061080049125/8978	39/134	27/134
5776	979388704530224193668125/256	5/16	1/8
5777	5486133931254994931387157125/8978	31/134	9/134
5778	2609622186173978564200625/162	1/2	5/18
5779	5486133931254994931387157125/8978	59/134	43/134
5780	226845472303244011107645625/882	11/42	5/42
5781	6287029395671782512611559625/8978	37/134	3/134
5782	5486133931254994931387157125/8978	65/134	57/134
5783	5966671209905067480121798625/8978	19/134	5/134
5784	3211984753843779829930625/144	1/3	1/12
5785	1110423618041432016267668125/1458	23/54	11/54
5786	6287029395671782512611559625/8978	29/134	1/134
5787	385838589068444996213201225/1058	13/46	7/46
5788	400381458172486430331843125/882	1/2	19/42
5789	5486133931254994931387157125/8978	47/134	21/134
5790	5486133931254994931387157125/8978	61/134	1/134
5791	9831586550070832500802727125/8978	29/134	15/134
5792	855872698961867543425625/256	5/16	0
5793	7499394089513708667676022125/8978	23/134	5/134
5794	5966671209905067480121798625/8978	27/134	27/134
5795	7499394089513708667676022125/8978	27/134	19/134
5796	16041849188070735768952525/144	1/2	1/12
5797	10700677073834000014685841125/8978	33/134	25/134
5798	9831586550070832500802727125/8978	39/134	9/134
5799	8093405502544497473036499125/8978	49/134	7/134
5800	153434820669510394437158125/324	1/2	4/9
5801	14109742336294389399895489625/8978	53/134	5/134
5802	446675986274187156537480625/1058	1/2	11/46
5803	446675986274187156537480625/1058	19/46	17/46
5804	153434820669510394437158125/324	4/9	1/6
5805	14109742336294389399895489625/8978	59/134	31/134
5806	10692747415770467464376688625/8978	1/2	29/134
5807	8093405502544497473036499125/8978	45/134	31/134
5808	155142387441772329549925/98	3/14	3/14
5809	8093405502544497473036499125/8978	47/134	43/134
5810	6976713160096655175871848125/4096	21/64	1/32
5811	29977365319262179637645217625/8978	55/134	1/134
5812	29977365319262179637645217625/8978	21/134	21/134
5813	2196859664735776774603390625/3698	27/86	15/86
5814	11546044320076389438800225/144	5/12	1/3
5815	13497221348925580058615688125/3698	39/86	29/86
5816	14627531045883174332001746125/8978	53/134	53/134
5817	13497221348925580058615688125/3698	41/86	37/86
5818	1413266408524289517420015625/3698	13/86	9/86
5819	15100851608203866798253195625/3698	41/86	5/86
5820	7250713435217586550676525/196	3/14	0
5821	13497221348925580058615688125/3698	31/86	5/86
5822	1711492245019177588999676125/1682	13/58	13/58
5823	26418249898407968548969035625/4802	47/98	1/14
5824	881318052179931640625/2	1/2	1/2
5825	1394077145695891271987003125/1024	9/32	3/16
5826	6224063745275273410757725/196	3/7	5/14
5827	4371071291690772345344890625/3698	39/86	21/86
5828	5013391941098017349532725/256	7/16	1/8
5829	1248345325775346053546839925/1922	21/62	13/62
5830	10513693273427810741478125/256	3/16	1/8
5831	659633321834173787702380025/1922	27/62	15/62
5832	125247072346801925/2	1/2	1/2
5833	659633321834173787702380025/1922	17/62	13/62
5834	10513693273427810741478125/256	3/8	3/16
5835	1248345325775346053546839925/1922	19/62	1/62
5836	5013391941098017349532725/256	7/16	3/8
5837	5324229040875198486639205625/1682	15/58	1/58
5838	6224063745275273410757725/196	1/7	1/14
5839	2196859664735776774603390625/3698	37/86	31/86
5840	252289832980532421169225/98	1/2	1/14
5841	2762817500219446188412765625/3698	35/86	13/86
5842	527068546043968184847651125/1682	23/58	19/58
5843	2689398749818170174547953125/3698	27/86	7/86
5844	7250713435217586550676525/196	1/2	2/7
5845	3075932771494041890855328125/3698	37/86	5/86
5846	452729609667013405941573125/1682	23/58	3/58
5847	346660923547352766092333125/1682	19/58	15/58
5848	182592605003823086374225625/1682	19/58	19/58
5849	121151395426583492648185625/1682	23/58	5/58
5850	104801672694502008155620625/1682	1/2	21/58
5851	72760396966246617127150625/1682	21/58	11/58
5852	72760396966246617127150625/1682	7/58	7/58
5853	121151395426583492648185625/1682	27/58	17/58
5854	121151395426583492648185625/1682	25/58	25/58
5855	182592605003823086374225625/1682	21/58	7/58
5856	155142387441772329549925/98	1/2	5/14
5857	753054363666227261107015625/3698	35/86	11/86
5858	346660923547352766092333125/1682	11/58	1/58
5859	1639000673861788744762328125/3698	13/86	7/86
5860	1213546867635801420592203125/3698	1/2	29/86
5861	780689386186088811973328125/3698	15/86	3/86
5862	753054363666227261107015625/3698	41/86	3/86
5863	1151710084571556762218078125/3698	27/86	23/86
5864	842526169250333470347453125/3698	35/86	21/86
5865	842526169250333470347453125/3698	13/86	11/86
5866	780689386186088811973328125/3698	35/86	27/86
5867	1189959641106141086985578125/3698	35/86	33/86
5868	16041849188070735768952525/144	1/2	5/12
5869	1021469780418545888828328125/3698	33/86	23/86
5870	753054363666227261107015625/3698	1/2	23/86
5871	1284622149783564151300203125/3698	7/86	1/86
5872	753054363666227261107015625/3698	17/86	5/86
5873	1021469780418545888828328125/3698	41/86	25/86
5874	1850327316660730016092953125/3698	1/2	39/86
5875	1699147487581487414294890625/3698	27/86	23/86
5876	1021469780418545888828328125/3698	11/86	11/86
5877	8032670249962574598598328125/3698	39/86	29/86
5878	1653306757997027881918015625/3698	39/86	27/86
5879	1699147487581487414294890625/3698	39/86	9/86
5880	196007886236784578125/2	1/2	1/2
5881	2689398749818170174547953125/3698	9/86	3/86
5882	2867701429364126208219640625/3698	1/2	9/86
5883	3075932771494041890855328125/3698	19/86	1/86
5884	4776848597163049523206390625/3698	21/86	21/86
5885	1413266408524289517420015625/3698	15/86	5/86
5886	86847252500934672956053325/144	5/12	1/6
5887	2902420432972084643819078125/3698	35/86	17/86
5888	84238231810343245773125/98	1/14	1/14
5889	9675292634416653393628578125/3698	37/86	19/86
5890	5026648842154123843650265625/3698	1/2	31/86
5891	1619582672542433972517828125/3698	33/86	1/86
5892	3094846097036532244514265625/3698	1/2	35/86
5893	28145388387130067948934918125/3698	39/86	19/86
5894	2700598186586018582792703125/3698	37/86	23/86
5895	22728538417873553291811156125/4802	29/98	17/98
5896	18436054718513526755754744625/4802	1/2	47/98
5897	2689398749818170174547953125/3698	37/86	21/86
5898	4099294838321397899002203125/3698	29/86	7/86
5899	25356115113581478527858688625/4802	27/98	3/14
5900	2410866226306140941481203125/3698	27/86	1/86
5901	34311716596295583907907095625/5618	29/106	9/106
5902	2113202516507259497887281325/1682	1/2	13/58
5903	20954832930531885822051363125/5618	23/106	19/106
5904	211345542043091625500825/98	5/14	5/14
5905	13269262313325022442040039125/4802	47/98	39/98
5906	1413266408524289517420015625/3698	35/86	33/86
5907	10853644666365239249328813125/5618	27/106	21/106
5908	10853644666365239249328813125/5618	25/106	11/106
5909	10853644666365239249328813125/5618	33/106	9/106
5910	2902420432972084643819078125/3698	33/86	9/86
5911	852286097817844990860616225/1682	3/58	1/58
5912	1413266408524289517420015625/3698	1/2	11/86
5913	8889482065123930275364328125/3698	23/86	5/86
5914	808857506846235055020584825/1682	1/2	19/58
5915	13269262313325022442040039125/4802	31/98	5/98
5916	1874900294228531043738077125/3698	33/86	27/86
5917	20425718392421663759095341125/4802	13/98	1/98
5918	551037356993644020126940625/1682	21/58	3/58
5919	8441117628691710712115153125/4802	23/98	3/14
5920	3660934924786719197710625/64	1/8	0
5921	353386918607399142551962825/1682	17/58	7/58
5922	275254353615931343714978125/1682	1/2	27/58
5923	283481646083435362955478125/1682	27/58	13/58
5924	173711464523503237444879025/1682	23/58	17/58
5925	173711464523503237444879025/1682	11/58	1/58
5926	192158699694140749385928125/1682	7/58	7/58
5927	297451137882711023022053125/1682	17/58	15/58
5928	353386918607399142551962825/1682	13/58	13/58
5929	406068303849245249638928125/1682	27/58	15/58
5930	728464445528282762216705125/3698	15/86	15/86
5931	3066742082100350359038373625/3698	37/86	15/86
5932	551037356993644020126940625/1682	15/58	15/58
5933	20030395565063857406422306525/4802	15/98	3/98
5934	728464445528282762216705125/3698	33/86	7/86
5935	10010631774094133955996231125/3698	27/86	3/86
5936	28673074978963057626953125/98	1/2	5/14
5937	661092011259771061664871125/3698	35/86	25/86
5938	1132365524237033600673492125/3698	1/2	25/86
5939	21702170075162553957027334625/4802	39/98	11/98
5940	92804864135166015625/2	1/2	1/2
5941	1498162727595902284558884125/3698	35/86	5/86
5942	803071503610862833297595125/3698	13/86	13/86
5943	661092011259771061664871125/3698	11/86	3/86
5944	458974708454235960009369125/3698	31/86	31/86
5945	2053873137553445653300929125/3698	37/86	29/86
5946	458974708454235960009369125/3698	35/86	3/86
5947	17536561994816877876522485125/3698	11/86	3/86
5948	483617645820906347123966125/3698	37/86	7/86
5949	1184729247901173882785561125/3698	35/86	33/86
5950	483617645820906347123966125/3698	21/86	17/86
5951	631148151383318000956044625/3698	35/86	11/86
5952	316438953691703902515625/98	1/2	3/14
5953	812679988363922387906497625/3698	39/86	19/86
5954	422010302404230379337473625/3698	29/86	17/86
5955	586332898030656367752065125/3698	23/86	3/86
5956	483617645820906347123966125/3698	19/86	5/86
5957	594510863970923089139652625/3698	3/86	1/86
5958	586332898030656367752065125/3698	21/86	21/86
5959	422010302404230379337473625/3698	21/86	1/86
5960	458974708454235960009369125/3698	29/86	7/86
5961	631148151383318000956044625/3698	39/86	13/86
5962	706136050557573605030030125/3698	39/86	39/86
5963	422010302404230379337473625/3698	31/86	13/86
5964	422010302404230379337473625/3698	33/86	27/86
5965	586332898030656367752065125/3698	35/86	1/86
5966	866681127659248008212256125/3698	41/86	41/86
5967	458974708454235960009369125/3698	39/86	33/86
5968	708053184635627970953125/242	9/22	9/22
5969	803071503610862833297595125/3698	33/86	25/86
5970	153586952081538234622390625/1058	21/46	11/46
5971	458974708454235960009369125/3698	11/86	9/86
5972	680011474353028843390625/242	7/22	3/22
5973	1880912043477713061765625/242	3/22	1/22
5974	1015359598691508820953125/242	9/22	7/22
5975	153586952081538234622390625/1058	3/46	1/46
5976	680011474353028843390625/242	1/2	5/22
5977	452458858834801826320015625/1058	19/46	11/46
5978	1357400818728505837672589125/3698	33/86	1/86
5979	4507824539160165607776640625/3698	15/86	11/86
5980	21332303515650933507203125/162	7/18	1/18
5981	25003109902466668602174293125/5618	31/106	9/106
5982	339779270296553599378953125/484	2/11	1/22
5983	25003109902466668602174293125/5618	13/106	5/106
5984	1089924565113270022703125/242	3/22	3/22
5985	728464445528282762216705125/3698	21/86	3/86
5986	1453784308815737021412654625/3698	39/86	5/86
5987	1824278350009629742724640625/1058	17/46	5/46
5988	70526364907533746952235625/144	1/3	1/12
5989	1112879450703187454345703125/722	7/38	5/38
5990	1068805017011972109619140625/722	7/38	1/38
5991	1068805017011972109619140625/722	11/38	9/38
5992	56485258273547900622970625/256	1/16	0
5993	7738480383476062385346975625/1922	21/62	17/62
5994	33637288634809423966488125/162	1/2	7/18
5995	7738480383476062385346975625/1922	15/62	3/62
5996	64101248153127392841798125/256	3/8	3/16
5997	3589861801877534584964785625/1058	13/46	5/46
5998	2701648572547010563942570625/1058	21/46	21/46
5999	2701648572547010563942570625/1058	11/46	5/46
6000	1902088363481223125/2	1/2	1/2
6001	2701648572547010563942570625/1058	17/46	15/46
6002	2701648572547010563942570625/1058	1/2	13/46
6003	33637288634809423966488125/162	7/18	1/6
6004	64101248153127392841798125/256	3/16	1/8
6005	7738480383476062385346975625/1922	19/62	11/62
6006	5716076221583285956303855625/1058	1/2	5/46
6007	7738480383476062385346975625/1922	27/62	1/62
6008	56485258273547900622970625/256	1/2	1/16
6009	20883296377325812190593893125/1922	15/62	3/62
6010	2768313189017878457958640625/1922	13/62	13/62
6011	109382864900630816907446685625/8978	61/134	5/134
6012	14637480121800696550203125/144	1/6	1/12
6013	7247553274152231485435895125/3698	17/86	15/86
6014	2768313189017878457958640625/1922	1/2	11/62
6015	49919179924453287333692275625/8978	41/134	25/134
6016	123104346483627461265625/98	1/2	1/14
6017	33837833371609275306731005625/8978	59/134	53/134
6018	41024629839915670062142900625/8978	1/2	7/134
6019	33837833371609275306731005625/8978	29/134	25/134
6020	772197109812240664157328125/784	1/2	5/28
6021	33837833371609275306731005625/8978	61/134	31/134
6022	33837833371609275306731005625/8978	1/2	27/134
6023	41024629839915670062142900625/8978	43/134	3/134
6024	4079297738862489202515625/144	1/12	0
6025	33837833371609275306731005625/8978	57/134	19/134
6026	33837833371609275306731005625/8978	43/134	35/134
6027	33837833371609275306731005625/8978	55/134	7/134
6028	794908853676299242102015625/1024	3/32	0
6029	42530120843215327679102273125/8978	53/134	9/134
6030	2712070387957370373870625/36	1/2	1/3
6031	45898843286242284326951958125/8978	39/134	21/134
6032	3267149620662411073890625/256	1/2	1/16
6033	45898843286242284326951958125/8978	65/134	45/134
6034	716951408350139888489078125/1922	13/62	13/62
6035	44464207849182968403289890625/3844	11/31	15/62
6036	9161701479084606897453125/144	5/12	1/6
6037	35274074259653279860931265625/4418	15/94	13/94
6038	716951408350139888489078125/1922	1/2	11/62
6039	5483331545783243177354265625/1458	23/54	17/54
6040	2920195678645163880203125/256	7/16	3/8
6041	36561212420244584216218140625/4096	31/64	7/16
6042	349970043663604442157828125/882	3/14	1/42
6043	21583105507802865010203257125/3698	37/86	19/86
6044	7299814994132077355453125/256	1/8	1/16
6045	12520266739152534206027009125/4418	41/94	27/94
6046	283258980828580896379703125/1922	21/62	5/62
6047	3484962542709727368294078125/1058	17/46	15/46
6048	51601463557515625/2	1/2	1/2
6049	3484962542709727368294078125/1058	11/46	5/46
6050	283258980828580896379703125/1922	29/62	11/62
6051	4477215665823015071417703125/1458	1/18	1/54
6052	7299814994132077355453125/256	3/8	1/16
6053	28885507288885286043013140625/3844	3/31	1/62
6054	349970043663604442157828125/882	13/42	3/14
6055	36561212420244584216218140625/4096	31/64	1/16
6056	2920195678645163880203125/256	7/16	1/8
6057	1716809664260346856790890625/324	2/9	1/18
6058	780328328425290375869328125/1922	1/2	9/62
6059	35274074259653279860931265625/4418	37/94	23/94
6060	1710802991190714884393125/36	1/2	1/3
6061	78798904918099751962746983125/8978	35/134	19/134
6062	780328328425290375869328125/1922	5/62	5/62
6063	123038756507796336146352725/1058	15/46	5/46
6064	3267149620662411073890625/256	1/16	0
6065	58744683362789177233543578125/3844	25/62	12/31
6066	1969037404955351093358125/98	5/14	5/14
6067	314397675291151632606417850625/13122	25/54	49/162
6068	182214541537148763998395625/256	3/16	0
6069	102068380195927866636309850625/8978	33/134	19/134
6070	4352683782898125659830625/64	1/2	1/8
6071	71511144925674341376596973125/8978	33/134	5/134
6072	4079297738862489202515625/144	5/12	0
6073	11115087033766074603902133125/1922	7/62	3/62
6074	39500481011555228921043125/98	1/2	5/14
6075	28045950675257621055625/18	1/6	1/6
6076	39500481011555228921043125/98	3/14	3/14
6077	11115087033766074603902133125/1922	21/62	19/62
6078	2545341035673990437755625/64	1/2	3/8
6079	6560534140350174855819840125/1444	13/38	4/19
6080	123104346483627461265625/98	5/14	5/14
6081	7586566928647882851513385925/2116	17/46	4/23
6082	1730095740354298350457328125/1024	7/16	11/32
6083	54233284406719466950036630625/8978	53/134	43/134
6084	1969037404955351093358125/98	1/2	1/14
6085	40070544609545859849724870625/8978	25/134	1/134
6086	3620101862561841060407453125/1922	1/2	15/62
6087	7020033952010380450778149625/4418	39/94	21/94
6088	319859713502818536412230125/1024	13/32	1/16
6089	3230313764537903355403677625/1444	7/38	1/19
6090	1710802991190714884393125/36	1/6	0
6091	36161223184224312547312688125/8978	35/134	31/134
6092	311597647954059128967670625/256	1/16	0
6093	33507188455106931809895243125/8978	53/134	21/134
6094	2699500012095561607950519125/1444	17/38	3/19
6095	36161223184224312547312688125/8978	23/134	7/134
6096	10830351422524514617140625/144	1/12	0
6097	35815265535965768538249663125/8978	63/134	1/134
6098	4995908264900491696211571325/2116	21/46	7/23
6099	3002820696699770890624258825/2116	19/46	7/23
6100	3701198580597303460902053125/2116	10/23	11/46
6101	774957709351487372844250325/1458	25/54	1/18
6102	3057008623603080695063125/98	1/2	5/14
6103	8981829225069132538683748925/2116	5/23	3/46
6104	2325002900590975026500736125/1444	1/2	2/19
6105	21050967334091702276133483125/6962	27/118	1/118
6106	2246803605825029674194054725/2738	1/2	27/74
6107	21050967334091702276133483125/6962	53/118	35/118
6108	52772344891975969683424625/484	5/22	2/11
6109	692661315438055085462560025/1458	23/54	1/18
6110	16161337288939771098764238125/6962	11/118	7/118
6111	2169668133453591683977065625/2116	17/46	4/23
6112	143087144068200068544822625/882	17/42	17/42
6113	22935539446794454526186505625/6962	27/118	13/118
6114	405547816810881993042846025/1458	17/54	17/54
6115	22312053408931172038700088125/6962	49/118	11/118
6116	2246803605825029674194054725/2738	25/74	17/74
6117	38779325085794142966146225/1058	17/46	5/46
6118	6616386406881382798822943125/6962	29/118	29/118
6119	2318394128035011733886916425/1444	11/38	5/19
6120	543447094440354298936625/162	1/2	7/18
6121	405547816810881993042846025/1458	23/54	7/54
6122	994414759787306805862091125/1458	11/54	11/54
6123	5698506211707086919217448125/6962	51/118	21/118
6124	1856285665721215016751490625/2178	31/66	3/22
6125	2169668133453591683977065625/2116	6/23	5/46
6126	47837269631381096067727825/1058	3/46	3/46
6127	1337258449151191525138526125/1458	23/54	11/54
6128	54062109457471309816168625/484	1/2	5/11
6129	19183672776776823632526625/1058	9/46	7/46
6130	500636396306713081571949325/1458	7/54	7/54
6131	5239566114119938979414700625/6962	29/118	7/118
6132	30897797786493702457134625/484	5/11	5/22
6133	7593105076105313029685200625/6962	31/118	11/118
6134	293118719081132529625027325/1458	7/18	17/54
6135	47837269631381096067727825/1058	19/46	5/46
6136	89330647954180153290414125/882	5/14	11/42
6137	354322960490302038145401725/1458	7/18	11/54
6138	586492408851471471129625/162	7/18	5/18
6139	171127113451990667584553525/1458	7/18	19/54
6140	189299904261051623434240625/1458	1/2	23/54
6141	47414291318458540870896125/1058	13/46	1/46
6142	136152228950853888808148425/1458	25/54	17/54
6143	150610872733245452221403125/1458	11/54	7/54
6144	3728702916375125/2	1/2	1/2
6145	136152228950853888808148425/1458	7/54	1/54
6146	150610872733245452221403125/1458	25/54	25/54
6147	683233424744497693171625/162	7/18	1/6
6148	171127113451990667584553525/1458	19/54	5/18
6149	3403805723771347220203710625/6962	57/118	19/118
6150	47414291318458540870896125/1058	1/2	3/46
6151	261991067497295446832989025/1458	5/18	7/54
6152	89330647954180153290414125/882	17/42	5/14
6153	47837269631381096067727825/1058	11/46	9/46
6154	293118719081132529625027325/1458	1/2	1/54
6155	500636396306713081571949325/1458	23/54	1/54
6156	543447094440354298936625/162	7/18	1/6
6157	5698506211707086919217448125/6962	37/118	27/118
6158	672093624702930455639570125/1458	25/54	25/54
6159	293025879198614156822865625/1458	23/54	1/54
6160	4224307893034150390625/2	1/2	1/2
6161	13006011665012070833025145625/6962	47/118	11/118
6162	47837269631381096067727825/1058	1/2	15/46
6163	1288775672376793670984407025/2738	31/74	17/74
6164	448614841604957956905803125/1458	23/54	23/54
6165	5698506211707086919217448125/6962	55/118	31/118
6166	3227445162280848617906590325/2116	13/46	6/23
6167	14859753077749990876044970625/7442	55/122	23/122
6168	30897797786493702457134625/484	1/2	1/11
6169	2318394128035011733886916425/1444	9/38	4/19
6170	2933391316429255956736992725/2116	8/23	13/46
6171	38779325085794142966146225/1058	9/46	7/46
6172	405547816810881993042846025/1458	25/54	13/54
6173	3647856521043017130123550625/1682	21/58	7/58
6174	36002235211211299145974625/1058	1/2	5/46
6175	4715521844275119704793858125/1682	25/58	23/58
6176	143087144068200068544822625/882	11/42	11/42
6177	2169668133453591683977065625/2116	15/46	3/23
6178	16161337288939771098764238125/6962	33/118	5/118
6179	1154251478615587210968100225/1458	25/54	17/54
6180	52772344891975969683424625/484	7/22	3/11
6181	88029012150554665914405573125/6962	23/118	11/118
6182	2169668133453591683977065625/2116	13/46	0
6183	130837391377328867628054125/1058	9/46	5/46
6184	2325002900590975026500736125/1444	15/38	0
6185	12426914407287429950781625225/2116	8/23	15/46
6186	2655246002573874471019714625/4418	17/94	9/94
6187	8981829225069132538683748925/2116	21/46	3/23
6188	3701198580597303460902053125/2116	6/23	3/46
6189	3002820696699770890624258825/2116	9/46	2/23
6190	1154251478615587210968100225/1458	5/54	5/54
6191	46932250273958672219334668125/6962	23/118	11/118
6192	1105212630266338518062125/162	5/18	5/18
6193	4725151945720617747653282225/1444	7/19	3/38
6194	2699500012095561607950519125/1444	13/38	1/19
6195	17924433555064748487338434625/1444	5/19	1/38
6196	3888217150050495988117315625/2116	19/46	7/23
6197	774957709351487372844250325/1458	25/54	5/18
6198	57209103344389379227285025/1058	1/2	7/46
6199	3230313764537903355403677625/1444	17/38	6/19
6200	319859713502818536412230125/1024	7/16	13/32
6201	7020033952010380450778149625/4418	31/94	25/94
6202	252463730944037892106177025/722	11/38	11/38
6203	4846321323489901726936020725/1444	9/38	4/19
6204	342555308069056099213201525/722	1/2	17/38
6205	28961172328917107614292322625/3362	13/82	9/82
6206	2209663238661105773409307925/1444	15/38	0
6207	4260005045490705733764151025/1444	5/19	1/38
6208	7328881104283980226001705/144	5/12	1/3
6209	4034548132181858704341865625/1444	7/38	2/19
6210	193463878650399558622999825/722	9/38	1/38
6211	2384686069446143854471431325/1444	6/19	1/38
6212	39547864696490517508569025/722	1/2	11/38
6213	5004499234867985156588903125/3362	13/82	9/82
6214	2063139244202089733912650925/1444	1/2	8/19
6215	29934019134912712147369925/722	13/38	1/38
6216	42292398135324085986772925/722	1/2	1/38
6217	1825975167229675440989565425/1444	7/19	7/38
6218	13328285892187411978026025/722	3/38	3/38
6219	103980903803652846613887725/722	9/38	1/38
6220	11860951665524577631821325/722	15/38	7/38
6221	11860951665524577631821325/722	11/38	1/38
6222	11860951665524577631821325/722	17/38	17/38
6223	13328285892187411978026025/722	13/38	1/38
6224	22132291252164418055254225/722	1/38	1/38
6225	123038756507796336146352725/1058	21/46	19/46
6226	1340287538204277272395809725/1444	7/19	3/38
6227	5484931161415311731621437825/3362	27/82	23/82
6228	29934019134912712147369925/722	3/38	3/38
6229	2131445070920889639837297025/1444	15/38	4/19
6230	2131445070920889639837297025/1444	1/2	1/19
6231	5004499234867985156588903125/3362	23/82	7/82
6232	70025118224061191551869925/722	1/2	7/38
6233	2209663238661105773409307925/1444	8/19	11/38
6234	193463878650399558622999825/722	1/2	5/38
6235	7168607012108194954032753125/3362	29/82	7/82
6236	252463730944037892106177025/722	9/38	3/38
6237	26364841047295178212890625/18	1/6	1/6
6238	4260005045490705733764151025/1444	1/2	7/19
6239	4725151945720617747653282225/1444	7/38	1/19
6240	88653295189697265625/2	1/2	1/2
6241	3401391726927769561315451525/1444	15/38	5/19
6242	22974450721807904396723335625/5618	1/2	15/106
6243	12520266739152534206027009125/4418	45/94	3/94
6244	264138354340293979602416425/722	15/38	15/38
6245	62879535058230326521283570125/13778	19/166	9/166
6246	2279764636459580246487858425/722	1/2	9/38
6247	17005581005900456302614750625/3698	39/86	3/86
6248	2548357211093501058539933125/3698	25/86	17/86
6249	1166074198429102690439935925/722	13/38	1/38
6250	1976277835542036735450625/4	1/2	0
6251	21690336238902389871888960625/3698	19/86	17/86
6252	3366807702247618186830130625/3698	5/86	5/86
6253	12119099817982844987072475625/3698	41/86	5/86
6254	1639389033888175840207218125/3698	39/86	39/86
6255	9624106998052499093249168125/3698	21/86	11/86
6256	3366807702247618186830130625/3698	27/86	3/86
6257	12660887444904834747290388125/3698	27/86	19/86
6258	14925008133145280958455305625/5618	47/106	11/106
6259	6048965055790095194889810625/3698	37/86	27/86
6260	1639389033888175840207218125/3698	13/86	11/86
6261	3953820611142071144029173125/3698	29/86	9/86
6262	4961510663737943249741080625/3698	31/86	29/86
6263	16582958563227985980723816625/3698	39/86	7/86
6264	28013629191127755900765625/98	1/2	1/14
6265	3723194678078704028775225625/3698	35/86	31/86
6266	1878715900149223408120680625/3698	39/86	15/86
6267	10379320376857378128468918125/5618	47/106	31/106
6268	2822256121996004996989480625/3698	1/2	31/86
6269	2091634284615948485781623125/3698	19/86	3/86
6270	72270497825828601510453125/242	7/22	5/22
6271	2198918741905383602432485625/3698	27/86	3/86
6272	2989430832994328125/2	1/2	1/2
6273	96030661494594169130328125/242	5/22	1/22
6274	1971011085594525400582073125/3698	41/86	9/86
6275	2309504259419109030364913125/3698	13/86	1/86
6276	72270497825828601510453125/242	9/22	9/22
6277	1155420291555411441720525625/3698	29/86	21/86
6278	873543061852823622884138125/3698	19/86	19/86
6279	1258222575329296410943208125/3698	27/86	7/86
6280	11431027990222193644890625/64	1/2	1/8
6281	873543061852823622884138125/3698	35/86	23/86
6282	873543061852823622884138125/3698	29/86	15/86
6283	873543061852823622884138125/3698	37/86	27/86
6284	905599687975863021889060625/3698	3/86	1/86
6285	905599687975863021889060625/3698	41/86	7/86
6286	1114520458226016346438383125/3698	39/86	19/86
6287	873543061852823622884138125/3698	5/86	3/86
6288	11263073587726801642953125/98	1/2	5/14
6289	1155420291555411441720525625/3698	35/86	33/86
6290	1184904945285513231040860625/3698	29/86	13/86
6291	1155420291555411441720525625/3698	41/86	17/86
6292	1917835839276552343024898125/3698	31/86	31/86
6293	3568082014933088593392180625/3698	39/86	27/86
6294	1878715900149223408120680625/3698	17/86	9/86
6295	1971011085594525400582073125/3698	37/86	7/86
6296	13258429870272517846703125/98	3/14	3/14
6297	2091634284615948485781623125/3698	31/86	21/86
6298	3751096677368007321796593125/3698	1/2	19/86
6299	2548357211093501058539933125/3698	33/86	13/86
6300	42912969176100765625/2	1/2	1/2
6301	2982691758822153995378718125/3698	17/86	15/86
6302	3132693896439781556039535625/3698	17/86	17/86
6303	1639389033888175840207218125/3698	25/86	3/86
6304	13258429870272517846703125/98	1/2	5/14
6305	6798021625218400539761410625/5618	41/106	13/106
6306	3953820611142071144029173125/3698	17/86	17/86
6307	5932031609267011935970148125/5618	45/106	27/106
6308	3723194678078704028775225625/3698	1/2	37/86
6309	5932031609267011935970148125/5618	47/106	11/106
6310	1878715900149223408120680625/3698	23/86	23/86
6311	1639389033888175840207218125/3698	35/86	21/86
6312	11263073587726801642953125/98	3/14	3/14
6313	6250529950704166939243713125/5618	29/106	7/106
6314	6250529950704166939243713125/5618	1/2	25/106
6315	2548357211093501058539933125/3698	27/86	23/86
6316	7893004974246867740796805625/5618	45/106	7/106
6317	13558048544701695802898463125/3698	33/86	15/86
6318	23077659262013916015625/4	1/2	0
6319	12149906533391245848192835625/5618	43/106	27/106
6320	11431027990222193644890625/64	1/8	0
6321	10678825697933601870079380625/5618	39/106	19/106
6322	8544302409678173155479938125/5618	33/106	19/106
6323	10789520561126452232832330625/5618	45/106	1/106
6324	123005795028095957275390625/98	1/2	3/14
6325	9691188639165176263598050625/5618	43/106	27/106
6326	7081905856451886530918550625/3698	19/86	19/86
6327	11288457928114958694466195625/5618	17/106	13/106
6328	171943241666120820517578125/256	3/8	3/16
6329	4755182012452821562842555625/3698	27/86	21/86
6330	9691188639165176263598050625/5618	21/106	21/106
6331	27199174562063636955281980625/3698	41/86	35/86
6332	19335675461028592615273780625/5618	49/106	49/106
6333	9920565885062576885221673125/5618	43/106	19/106
6334	22018081305333137255542975625/5618	17/106	5/106
6335	10002279405504210873565375625/3698	17/86	5/86
6336	1112100507705078125/2	1/2	1/2
6337	19709046558302212401249968125/5618	15/106	7/106
6338	10413933118697827072783203125/1922	27/62	15/62
6339	18837928478377252737106323125/5618	41/106	27/106
6340	21079650662277355580498730625/5618	43/106	31/106
6341	14775340873979084984239045625/3698	39/86	19/86
6342	13106733030630119826460750625/5618	35/106	13/106
6343	77128220982932464520030610625/5618	43/106	19/106
6344	171943241666120820517578125/256	3/16	1/8
6345	458149962460319270400390625/162	7/18	5/18
6346	19709046558302212401249968125/5618	23/106	13/106
6347	37226411867018423329889708125/2116	21/46	10/23
6348	14925008133145280958455305625/5618	23/106	23/106
6349	48228942852799654759874620625/3698	41/86	9/86
6350	7530653392776798589837390625/2738	29/74	17/74
6351	9955743633169740343753765625/722	13/38	7/38
6352	118345229391851153681640625/256	7/16	0
6353	2191622481197645285193015625/1458	17/54	11/54
6354	37753281794745365378780652025/5618	51/106	31/106
6355	63162525715507155366663663325/3698	27/86	3/86
6356	1958883810627983838977828125/1458	19/54	19/54
6357	9295366374949432085071765625/1458	7/18	7/54
6358	2790546688693940594203703125/2738	17/74	17/74
6359	2790546688693940594203703125/2738	27/74	21/74
6360	51322166615406493062498125/162	1/2	7/18
6361	28575688430276878767364360925/5618	29/106	7/106
6362	14700787689564405839857966025/5618	1/106	1/106
6363	1758723148212540296607640625/2738	21/74	1/74
6364	2008482648550415841688015625/2738	29/74	23/74
6365	2733856774944245807598015625/2738	15/74	13/74
6366	483956768812190801992515625/1458	11/54	11/54
6367	639388139817565950077703125/1458	7/54	1/18
6368	6006230877448852941548125/144	1/2	1/12
6369	483956768812190801992515625/1458	25/54	7/54
6370	522289978223057400170140625/1458	5/18	7/54
6371	522289978223057400170140625/1458	7/54	1/18
6372	483956768812190801992515625/1458	5/54	1/54
6373	385045896354224798665578125/1458	25/54	5/18
6374	385045896354224798665578125/1458	25/54	1/18
6375	483956768812190801992515625/1458	17/54	13/54
6376	1758723148212540296607640625/2738	11/74	5/74
6377	13457837374793727255799178525/5618	39/106	19/106
6378	616754931328448571313890625/1458	7/54	7/54
6379	616754931328448571313890625/1458	25/54	11/54
6380	775187390752270222660578125/1458	1/2	13/54
6381	1633843398043602524067453125/2738	35/74	23/74
6382	459717849832161797757668125/484	5/22	2/11
6383	9312298678242365036406378125/5618	49/106	25/106
6384	1265585400132985366508125/162	1/18	1/18
6385	2790546688693940594203703125/2738	33/74	9/74
6386	2848381853226457497710515625/2738	1/2	33/74
6387	288885722275497531861600625/1058	13/46	5/46
6388	231049903801656447577688125/484	1/22	0
6389	3989966958192626818038360625/2738	7/74	1/74
6390	153931808219790655663480625/1058	7/46	7/46
6391	325493660100143754616743125/484	5/11	3/22
6392	252389406030736225384875625/484	9/22	0
6393	245313337720730178309743125/1058	21/46	7/46
6394	175225765970383748834085625/484	5/11	7/22
6395	14700787689564405839857966025/5618	25/106	15/106
6396	1659227997421390377873125/242	5/22	5/22
6397	190574008245161887418093125/484	5/11	9/22
6398	290971226060912463660270625/484	4/11	7/22
6399	2477477420807281523125625/242	9/22	5/22
6400	43161013210095625/2	1/2	1/2
6401	961728975174549551131410625/1058	17/46	9/46
6402	1659227997421390377873125/242	7/22	1/22
6403	190574008245161887418093125/484	1/11	1/22
6404	252389406030736225384875625/484	3/11	1/22
6405	137585067523883683380633125/1058	15/46	1/46
6406	175225765970383748834085625/484	2/11	1/22
6407	4136387763997860829709493125/2738	31/74	5/74
6408	1115218817938967303160625/162	7/18	7/18
6409	325493660100143754616743125/484	4/11	1/22
6410	10040211562676934877564015625/3362	23/82	23/82
6411	1268859265370739689413008125/1058	21/46	19/46
6412	231049903801656447577688125/484	1/2	5/11
6413	28058759922868050658049275625/1936	19/44	2/11
6414	288885722275497531861600625/1058	3/46	1/46
6415	73637589243216207719007806425/5618	37/106	25/106
6416	14670957389178345709683125/144	5/12	1/6
6417	8581161814195101512767433125/2738	19/74	15/74
6418	459717849832161797757668125/484	7/22	3/11
6419	10040211562676934877564015625/3362	7/82	5/82
6420	45224483453179979035270625/162	1/2	5/18
6421	14013440071849536093948648125/1936	17/44	7/22
6422	10548816752481876381937035625/2738	1/2	9/74
6423	1158658782222876282233640625/722	17/38	15/38
6424	373967370070722291440175625/484	9/22	0
6425	14813704411264518912069295625/1458	13/54	1/18
6426	1049852990708515420667768125/1058	9/46	9/46
6427	3339518949504751468320103225/1058	17/46	11/46
6428	108824305512645838662828125/722	13/38	13/38
6429	98503510367316312718306315625/5618	13/106	3/106
6430	7126989554853575534851140625/3362	11/82	5/82
6431	2050019121822426206193015625/1444	5/38	1/19
6432	142801041921007855068125/98	1/2	3/14
6433	1395002345807929188608078125/1444	17/38	2/19
6434	2135711555971431412647765625/1444	13/38	0
6435	15144124503287282449520640625/3362	21/82	17/82
6436	104014391456838287782703125/722	15/38	5/38
6437	8298402938668637902275390625/1682	11/58	5/58
6438	245263537842798629085953125/722	5/38	5/38
6439	1201735347275215362251078125/1444	6/19	5/38
6440	40788162991647944752953125/722	1/2	5/38
6441	780689386186088811973328125/1444	13/38	5/19
6442	946499521305258117171203125/1444	1/2	4/19
6443	946499521305258117171203125/1444	3/19	3/38
6444	17435938452302371940453125/722	13/38	13/38
6445	5450050836064498938415578125/3362	29/82	9/82
6446	842526169250333470347453125/1444	9/19	5/38
6447	137257576223951526369203125/722	7/38	5/38
6448	12891595556945723471140625/722	17/38	17/38
6449	7763447048105435681515625/722	17/38	7/38
6450	6908755629965387716578125/722	15/38	15/38
6451	6908755629965387716578125/722	17/38	3/38
6452	6908755629965387716578125/722	11/38	5/38
6453	131821632611121762948640625/722	11/38	9/38
6454	7763447048105435681515625/722	13/38	13/38
6455	5450050836064498938415578125/3362	35/82	5/82
6456	24634435074163610197328125/722	1/2	17/38
6457	17435938452302371940453125/722	17/38	7/38
6458	946499521305258117171203125/1444	8/19	13/38
6459	753054363666227261107015625/1444	8/19	5/38
6460	23035801896837440300890625/722	1/2	3/38
6461	780689386186088811973328125/1444	9/38	3/19
6462	245263537842798629085953125/722	11/38	9/38
6463	1882452968532157351411875625/1922	25/62	9/62
6464	133743437449803732370625/98	1/14	1/14
6465	5242969258466205076015765625/1444	7/19	7/38
6466	1201735347275215362251078125/1444	1/2	3/19
6467	9742398565809016098099265625/3362	21/82	15/82
6468	4731985377080487474918125/144	1/6	1/12
6469	3161910667853702125272640625/1444	7/19	11/38
6470	104014391456838287782703125/722	7/38	7/38
6471	1154885926069429756286605625/1922	23/62	17/62
6472	3387426987228390101035625/256	3/16	0
6473	831663633686162270647330625/1922	27/62	13/62
6474	1019029009733753398548585625/1922	21/62	13/62
6475	831663633686162270647330625/1922	25/62	5/62
6476	2935879125129845948470625/196	3/7	5/14
6477	1154885926069429756286605625/1922	7/62	5/62
6478	328580417761153839800455625/1922	19/62	1/62
6479	878381797871395607639598125/784	3/28	1/14
6480	76370166065123125/2	1/2	1/2
6481	878381797871395607639598125/784	5/14	9/28
6482	328580417761153839800455625/1922	21/62	13/62
6483	878381797871395607639598125/784	5/14	5/28
6484	2935879125129845948470625/196	1/7	1/14
6485	831663633686162270647330625/1922	19/62	17/62
6486	1019029009733753398548585625/1922	19/62	1/62
6487	831663633686162270647330625/1922	23/62	11/62
6488	3387426987228390101035625/256	1/2	3/16
6489	26778851763452599021523450125/8978	55/134	15/134
6490	1176465103440922878310983125/1024	5/16	7/32
6491	1092281788865811172331067625/1444	9/19	13/38
6492	4731985377080487474918125/144	5/12	1/6
6493	4144002440602071478440173125/1922	13/62	3/62
6494	1726976387420482886436685625/882	19/42	1/14
6495	4097103519746460117778788125/1922	19/62	13/62
6496	133743437449803732370625/98	1/2	3/14
6497	1882452968532157351411875625/1922	27/62	15/62
6498	1243812210442571103752718625/1444	5/38	0
6499	1882452968532157351411875625/1922	17/62	13/62
6500	411908864557851806640625/2	1/2	1/2
6501	4097103519746460117778788125/1922	27/62	7/62
6502	19742073197873813877181521625/8978	23/134	13/134
6503	17019028618856736101018553125/8978	45/134	31/134
6504	9540076892334240335760625/256	1/2	7/16
6505	17019028618856736101018553125/8978	49/134	7/134
6506	17019028618856736101018553125/8978	15/134	9/134
6507	17019028618856736101018553125/8978	33/134	17/134
6508	973831299337483225421875625/484	1/11	1/22
6509	1243812210442571103752718625/1444	8/19	15/38
6510	23085217037459137087520215625/8978	65/134	31/134
6511	19742073197873813877181521625/8978	57/134	53/134
6512	307189043757986358028555625/484	1/2	4/11
6513	7486246321152494536887390625/3698	33/86	3/86
6514	25107279843659937416354103125/8978	1/2	1/134
6515	7760970956791118189617203125/3698	41/86	25/86
6516	9953486482824473654138125/144	1/2	5/12
6517	7486246321152494536887390625/3698	19/86	7/86
6518	1137324336860277612427194125/1444	1/2	2/19
6519	7486246321152494536887390625/3698	17/86	11/86
6520	1289456695229454447009699125/1444	1/2	5/19
6521	10782941948815978369645140625/3698	41/86	29/86
6522	7486246321152494536887390625/3698	1/2	25/86
6523	17355325585213820512330140625/3698	37/86	7/86
6524	26778851763452599021523450125/8978	33/134	33/134
6525	1289456695229454447009699125/1444	13/38	4/19
6526	1137324336860277612427194125/1444	6/19	9/38
6527	19195069813657600471880019125/6962	35/118	1/118
6528	1022151201934814453125/2	1/2	1/2
6529	183897444095690092799819125/722	17/38	1/38
6530	1196848890425112387301359625/1444	7/38	0
6531	19592895094769675093058879625/6962	11/118	5/118
6532	405788549425569874665302825/256	3/16	0
6533	14678582798679341537320014625/6962	41/118	33/118
6534	2692338245781553435817725/98	1/2	5/14
6535	14678582798679341537320014625/6962	27/118	25/118
6536	22048493681602851004374625/722	1/2	5/38
6537	16921870808419289738706084625/6962	23/118	11/118
6538	654309551434081964293881125/1444	1/2	5/19
6539	2990193700816047578299949125/1444	5/19	1/38
6540	646086569167538545357371125/1444	7/19	11/38
6541	422010302404230379337473625/1444	13/38	5/19
6542	18453376743166133879566625/722	7/38	7/38
6543	8289976813761907914859490125/6962	41/118	21/118
6544	576876468424131435975078625/1444	13/38	0
6545	631148151383318000956044625/1444	9/19	9/38
6546	556456062462215278949412125/1444	17/38	5/19
6547	10220139795183927465951199625/6962	53/118	3/118
6548	6968694894185357053196125/722	17/38	17/38
6549	556456062462215278949412125/1444	7/38	3/19
6550	6506681973023896917072625/722	9/38	1/38
6551	576876468424131435975078625/1444	2/19	1/38
6552	3734604446055136100331625/722	15/38	15/38
6553	3080367170833798389324625/722	9/38	5/38
6554	3080367170833798389324625/722	1/2	7/38
6555	3734604446055136100331625/722	11/38	5/38
6556	4934039450627588570511125/722	1/2	17/38
6557	7622327674398532780776846625/6962	55/118	23/118
6558	6506681973023896917072625/722	1/2	5/38
6559	556456062462215278949412125/1444	13/38	6/19
6560	9817212515166232928955125/722	1/2	5/38
6561	24700350878729848035025/18	1/6	1/6
6562	182115687028875169562239325/256	3/8	5/16
6563	18453376743166133879566625/722	15/38	5/38
6564	6145567788144467800129025/64	1/8	0
6565	646086569167538545357371125/1444	4/19	5/38
6566	422010302404230379337473625/1444	9/38	3/19
6567	11611809248627741056203269125/6962	37/118	3/118
6568	19306712083890579376887625/722	13/38	13/38
6569	1789977544087114986317962625/1444	15/38	7/19
6570	2483550374202855852427325/98	3/14	3/14
6571	637690524135531378066114625/1444	6/19	9/38
6572	160478179659107822683557425/256	7/16	0
6573	13207126161250542624539262125/6962	35/118	17/118
6574	566936333603830872324443125/1682	3/58	3/58
6575	21128541411683859263694585625/4802	39/98	5/14
6576	7123479754944711966809373125/4802	43/98	17/98
6577	519686645010881091988180625/1682	23/58	3/58
6578	493205796857460399402795625/1682	15/58	15/58
6579	702678093474184257359476625/1444	5/19	3/38
6580	220274626432061676508223125/1682	21/58	19/58
6581	238774945004999420643218125/1682	27/58	1/58
6582	117372611164529214489783125/1682	21/58	7/58
6583	117372611164529214489783125/1682	27/58	15/58
6584	117372611164529214489783125/1682	5/58	1/58
6585	220274626432061676508223125/1682	17/58	7/58
6586	220274626432061676508223125/1682	13/58	13/58
6587	493205796857460399402795625/1682	25/58	17/58
6588	2692338245781553435817725/98	3/14	3/14
6589	11068867564573450015997640625/3698	33/86	17/86
6590	519686645010881091988180625/1682	1/2	25/58
6591	566936333603830872324443125/1682	13/58	9/58
6592	8214510444028845995011390625/3698	35/86	35/86
6593	11299351282361852976420578125/3698	27/86	1/86
6594	11523325566134645347747203125/3698	25/86	25/86
6595	7413094790952861019888328125/3698	31/86	5/86
6596	1792033056549491828482013825/1682	11/58	11/58
6597	8293858528491814804429515625/3698	41/86	5/86
6598	7413094790952861019888328125/3698	25/86	19/86
6599	1243812210442571103752718625/1444	2/19	3/38
6600	724881236082783203125/2	1/2	1/2
6601	7413094790952861019888328125/3698	39/86	29/86
6602	3181052794537404769625709625/3698	41/86	35/86
6603	18628660222272244096260953125/3698	21/86	11/86
6604	786164599629532881996246125/1444	17/38	0
6605	13189635339856990345527828125/3698	35/86	15/86
6606	18636901229163800506919328125/5618	41/106	31/106
6607	12520902772346918163060640625/3698	39/86	27/86
6608	1243812210442571103752718625/1444	1/2	7/19
6609	28822770973373393435493953125/5618	47/106	45/106
6610	2294226408462670186581968125/1682	13/58	13/58
6611	11068867564573450015997640625/3698	35/86	29/86
6612	14827899518093826680687640625/5618	27/106	19/106
6613	12938995120884422007988578125/5618	49/106	7/106
6614	12938995120884422007988578125/5618	27/106	5/106
6615	12191102500269290405640625/18	1/6	1/6
6616	1092281788865811172331067625/1444	3/19	1/38
6617	12938995120884422007988578125/5618	23/106	15/106
6618	14072337759210064811608015625/5618	41/106	35/106
6619	12938995120884422007988578125/5618	39/106	9/106
6620	1775062609106507633879539625/3698	1/2	23/86
6621	14827899518093826680687640625/5618	33/106	1/106
6622	14827899518093826680687640625/5618	11/106	11/106
6623	17687250211117237423764203125/5618	41/106	9/106
6624	468329651463721775723125/98	5/14	5/14
6625	26506047621264405774299078125/5618	11/106	1/106
6626	2218345488727472174734230125/1444	8/19	15/38
6627	36324245808290708670312015625/5618	35/106	13/106
6628	23534189143396623997788640625/5618	17/106	13/106
6629	30775478110595585227877453125/5618	47/106	39/106
6630	24622475346559473662426265625/5618	51/106	51/106
6631	32198621607039311712403578125/5618	27/106	23/106
6632	36226785535340870648281390625/5618	1/2	37/106
6633	72434141890667554547511203125/5618	15/106	13/106
6634	37902012612119639233173015625/5618	43/106	31/106
6635	1775062609106507633879539625/3698	17/86	5/86
6636	5390636896909292440403617925/3698	17/86	17/86
6637	33381340879824755043982614625/3698	25/86	13/86
6638	22311252028491539768049819125/3698	1/2	9/86
6639	54501434194069846196606453125/5618	31/106	5/106
6640	456416294069199058700828125/144	1/2	1/12
6641	3028047980240513022500391125/3698	37/86	33/86
6642	8911994134182046135169825/98	3/14	3/14
6643	94082984625810266081030140625/5618	49/106	7/106
6644	2218345488727472174734230125/1444	5/38	0
6645	24753151254252159963524828125/3698	19/86	13/86
6646	71271106253783645026331515625/5618	5/106	5/106
6647	5390636896909292440403617925/3698	15/86	3/86
6648	198285093653804780517578125/162	1/18	1/18
6649	20317102888097630299349965625/1682	5/58	3/58
6650	4000559740317758080821684625/3698	1/2	29/86
6651	22311252028491539768049819125/3698	27/86	13/86
6652	889147323819341454917104705/722	9/38	5/38
6653	1894007558373535181763433325/3698	19/86	11/86
6654	2345155709841444392205815125/3698	21/86	3/86
6655	101433410568386147162070576625/7396	21/86	3/43
6656	7673996716064453125/2	1/2	1/2
6657	440493681157416634033203125/242	9/22	7/22
6658	4481337148508898690056656625/3698	33/86	33/86
6659	25883320685673788992922999225/3698	17/86	11/86
6660	295009529582490039306640625/242	1/2	5/22
6661	5720011704594080115282490625/1682	11/58	3/58
6662	1718839229275404760328664925/3698	13/86	13/86
6663	3028047980240513022500391125/3698	7/86	1/86
6664	4481337148508898690056656625/3698	37/86	11/86
6665	3340486835482942787324974525/1682	19/58	7/58
6666	2610386189862511226293440625/3698	1/2	3/86
6667	4134265885498691568471503125/1682	13/58	7/58
6668	377533286937122430335333125/242	5/22	1/22
6669	1718839229275404760328664925/3698	29/86	23/86
6670	3396412842561346104069331525/3698	5/86	5/86
6671	17204957317663138605879415625/3698	37/86	13/86
6672	56343574651347436757078125/144	1/2	5/12
6673	77667671644867244160804421625/3698	29/86	1/86
6674	5340070157638958698582415725/3698	11/86	11/86
6675	3396412842561346104069331525/3698	31/86	11/86
6676	3080296044543052095242458925/3698	29/86	29/86
6677	3448758396825653517949728125/3698	37/86	1/86
6678	1193334241981013496024359725/3698	41/86	17/86
6679	2500635646405518053567526625/3698	35/86	13/86
6680	2044027959036785493190239925/3698	1/2	17/86
6681	2393988185579696373017286625/3698	25/86	15/86
6682	1257405879134356502522311925/3698	1/2	7/86
6683	2087985909388243366573747325/3698	25/86	23/86
6684	2044027959036785493190239925/3698	37/86	9/86
6685	2014074903746181654482641225/3698	33/86	17/86
6686	1193334241981013496024359725/3698	35/86	33/86
6687	1282966044205693636368380125/3698	31/86	21/86
6688	945836280764781439950411625/3698	1/2	9/86
6689	2814467551842012962321603125/3698	39/86	23/86
6690	825347582578185078173289125/3698	39/86	1/86
6691	1854984910802169493820044325/3698	27/86	15/86
6692	825347582578185078173289125/3698	41/86	23/86
6693	1213746444967919232607778125/3698	39/86	3/86
6694	945836280764781439950411625/3698	27/86	13/86
6695	1001119330520984476530503125/3698	25/86	23/86
6696	4164676430801552703578125/98	5/14	5/14
6697	2233266198854503832260353125/3698	37/86	27/86
6698	680761144754269444040742125/3698	19/86	11/86
6699	923408681498365483500808625/3698	35/86	1/86
6700	1004291193746397496654164125/3698	7/86	7/86
6701	923408681498365483500808625/3698	29/86	27/86
6702	680761144754269444040742125/3698	33/86	9/86
6703	680761144754269444040742125/3698	35/86	17/86
6704	32000550027556551955515625/256	1/2	3/16
6705	680761144754269444040742125/3698	39/86	37/86
6706	923408681498365483500808625/3698	39/86	7/86
6707	1001119330520984476530503125/3698	11/86	1/86
6708	680761144754269444040742125/3698	1/2	3/86
6709	980545869049727547838500125/3698	31/86	29/86
6710	930581748333817863872207125/3698	19/86	19/86
6711	1560514008744402264031855025/3698	29/86	11/86
6712	53573954540516025183953125/256	3/8	1/16
6713	825347582578185078173289125/3698	37/86	29/86
6714	15233659111021976048328125/162	1/2	1/18
6715	1257405879134356502522311925/3698	21/86	9/86
6716	1001119330520984476530503125/3698	1/2	37/86
6717	427727217368055142492703125/1058	7/46	3/46
6718	825347582578185078173289125/3698	1/2	19/86
6719	865710375196574482193328125/1058	15/46	11/46
6720	300711977283453125/2	1/2	1/2
6721	2393988185579696373017286625/3698	29/86	3/86
6722	1257405879134356502522311925/3698	13/86	3/86
6723	15233659111021976048328125/162	1/6	1/18
6724	1193334241981013496024359725/3698	29/86	21/86
6725	11273392930394715870875003125/3698	15/86	1/86
6726	427727217368055142492703125/1058	1/2	9/46
6727	4225093784064040020856889725/3698	11/86	9/86
6728	53573954540516025183953125/256	1/8	1/16
6729	1718839229275404760328664925/3698	33/86	25/86
6730	6744379264838131228313431625/3698	41/86	29/86
6731	2610386189862511226293440625/3698	27/86	21/86
6732	16602976783922827827953125/162	1/18	1/18
6733	154312359820538652730170265625/8978	35/134	27/134
6734	2087985909388243366573747325/3698	1/2	37/86
6735	22730022734119621805967913025/3698	31/86	15/86
6736	32000550027556551955515625/256	3/16	0
6737	9892261111691841523603491425/3698	23/86	7/86
6738	2500635646405518053567526625/3698	3/86	3/86
6739	4678018815496183484743690625/3698	19/86	13/86
6740	14431351741363659302695625/64	1/2	3/8
6741	1718839229275404760328664925/3698	37/86	1/86
6742	6555914171073574772271405625/1936	4/11	1/44
6743	57371838556779495001171140625/8978	61/134	41/134
6744	15379778649516120702175625/98	5/14	5/14
6745	57371838556779495001171140625/8978	63/134	19/134
6746	1894007558373535181763433325/3698	39/86	37/86
6747	10606988669282863168417127125/3698	17/86	11/86
6748	53323903983911130267985625/98	3/14	3/14
6749	9892261111691841523603491425/3698	41/86	31/86
6750	2885468047401015480625/4	1/2	0
6751	942200537921995787934923125/256	7/16	1/8
6752	49468361902882242440453125/144	1/2	5/12
6753	880312456223183217464433125/196	5/14	2/7
6754	1894007558373535181763433325/3698	1/2	3/86
6755	96830524218566425696280828125/8978	9/134	5/134
6756	15379778649516120702175625/98	1/2	1/14
6757	285420847356817488291015625/722	17/38	7/38
6758	253998368748727489580078125/722	17/38	3/38
6759	253998368748727489580078125/722	11/38	5/38
6760	14431351741363659302695625/64	3/8	0
6761	2345155709841444392205815125/3698	9/86	5/86
6762	641027148981704850751953125/722	17/38	7/38
6763	27685822193611296364228515625/1444	17/38	6/19
6764	3028047980240513022500391125/3698	5/86	5/86
6765	11791516242442241782978515625/722	15/38	11/38
6766	5390636896909292440403617925/3698	41/86	31/86
6767	195266029272864533650768830625/8978	55/134	1/134
6768	964167618809724568890625/98	3/14	3/14
6769	15243469054696978831519824625/2178	23/66	17/66
6770	3494328710201892091572265625/722	17/38	5/38
6771	8735557935621086364211373125/2738	29/74	23/74
6772	187449279367425955662843125/484	4/11	1/22
6773	165168830219835373526914710625/8978	65/134	9/134
6774	31642946882640025016564670125/4418	1/2	35/94
6775	147628777453127192267419343125/8978	61/134	17/134
6776	22817488110616053544603225/36	1/2	1/3
6777	147628777453127192267419343125/8978	49/134	1/134
6778	6759248921305928206206588125/1458	1/2	5/54
6779	147628777453127192267419343125/8978	57/134	15/134
6780	18746885903964397577620625/64	1/8	0
6781	31642946882640025016564670125/4418	7/94	1/94
6782	1490303287214398793931250625/1458	23/54	1/18
6783	7960349142477194341536458125/1936	9/22	1/44
6784	538979355722194393930625/242	3/22	3/22
6785	7960349142477194341536458125/1936	5/22	7/44
6786	63860864602192419462390625/144	5/12	0
6787	1132426771680036342238724125/1058	21/46	19/46
6788	3237034158884971089276295625/2738	1/2	15/74
6789	64508746622552688781300405625/2916	13/54	5/27
6790	6759248921305928206206588125/1458	23/54	1/18
6791	3181052794537404769625709625/3698	31/86	15/86
6792	858088426115997397953125/98	5/14	5/14
6793	7913665493632185952285830625/2116	7/23	3/46
6794	25058287415732274146065663625/4418	13/94	1/94
6795	9961886147341708611486203125/1922	11/62	7/62
6796	1139643690222775548300368125/1458	25/54	25/54
6797	3237034158884971089276295625/2738	19/74	7/74
6798	40103503513371607028078125/196	5/14	0
6799	10250586847456455629470908125/2116	7/23	1/46
6800	1446616014796630855328125/98	1/2	5/14
6801	4891787118354256603770828125/1922	13/62	11/62
6802	35206404080744503859078125/256	3/8	3/16
6803	779899647713234602005473125/1458	23/54	1/54
6804	1476970192768890625/2	1/2	1/2
6805	3009276103258092097182390625/1922	19/62	5/62
6806	35206404080744503859078125/256	3/16	1/8
6807	1018619581526551596268470625/1458	17/54	11/54
6808	1446616014796630855328125/98	3/14	3/14
6809	8430554193642068584529493125/2178	5/22	13/66
6810	40103503513371607028078125/196	1/2	1/7
6811	1895258341730578927918245625/2738	15/74	9/74
6812	4313810759454788171672048125/2116	1/2	1/23
6813	166428885028580290822135625/484	5/22	2/11
6814	409022808386660850993294125/1058	13/46	11/46
6815	4313810759454788171672048125/2116	10/23	15/46
6816	171312130552987894510625/242	1/2	9/22
6817	857669993672810464184813125/1458	7/54	1/54
6818	118138638595417097630220625/484	2/11	3/22
6819	7608264856252304263140363125/1458	7/18	19/54
6820	18601768665647614018281125/162	7/18	1/6
6821	431056939825194896507393125/1458	25/54	13/54
6822	329090602792289745354910625/1458	1/2	7/54
6823	329090602792289745354910625/1458	11/54	1/18
6824	136299432337778689793125/242	7/22	5/22
6825	133927822215101340590724625/1058	13/46	3/46
6826	311253701650777132788125/242	5/22	1/22
6827	862325829163628449855625/242	3/22	1/22
6828	152493424298702890560625/242	5/22	3/22
6829	251657519782339217036108125/1458	13/54	11/54
6830	133927822215101340590724625/1058	19/46	1/46
6831	329090602792289745354910625/1458	5/18	11/54
6832	136299432337778689793125/242	9/22	9/22
6833	3230432845837692726786855625/2116	9/23	1/46
6834	592944984590885133306750625/1458	25/54	25/54
6835	563689844386793326201975625/1458	5/18	7/54
6836	118138638595417097630220625/484	4/11	7/22
6837	1111013510669649716365868125/2738	31/74	27/74
6838	857669993672810464184813125/1458	5/54	5/54
6839	3696692013078455928711825625/2738	31/74	27/74
6840	964167618809724568890625/98	1/2	5/14
6841	409022808386660850993294125/1058	9/46	5/46
6842	596393848251297048592420625/1458	25/54	5/18
6843	76784211471729147080255933125/10082	47/142	33/142
6844	109750096209943694248193125/484	5/11	9/22
6845	4620116848883530527057045625/2116	10/23	1/46
6846	779899647713234602005473125/1458	19/54	13/54
6847	136945036954733427266848210625/10082	59/142	49/142
6848	277278396874423705548125/242	1/2	7/22
6849	65774664868409040764769258125/6962	45/118	37/118
6850	4415912789264368956800380625/2116	11/46	0
6851	3304122949742690697344198125/2738	27/74	21/74
6852	554813116326460758278032625/1058	1/2	1/46
6853	10250586847456455629470908125/2116	11/23	9/46
6854	134915723366363904394275625/484	4/11	1/22
6855	23034355900757384017904688125/2116	21/46	3/23
6856	1139643690222775548300368125/1458	19/54	5/54
6857	17220592755525740074785533125/1682	13/58	7/58
6858	3304122949742690697344198125/2738	17/74	17/74
6859	7913665493632185952285830625/2116	10/23	9/46
6860	1287554614647682565640625/2	1/2	1/2
6861	8572470331279855165586397925/1458	25/54	17/54
6862	13749081688986987898883554525/1444	1/2	6/19
6863	1490303287214398793931250625/1458	23/54	7/18
6864	6574868120284247302878125/144	5/12	1/6
6865	45481123305569537991769365625/3362	23/82	7/82
6866	6990560414459668127339123125/1936	19/44	7/22
6867	776974846459267520647383125/1058	21/46	7/46
6868	1132426771680036342238724125/1058	15/46	5/46
6869	7960349142477194341536458125/1936	21/44	9/22
6870	6990560414459668127339123125/1936	17/44	1/22
6871	31642946882640025016564670125/4418	21/94	19/94
6872	1151028020123281302563718625/1024	15/32	0
6873	190434832426511699235107640625/4802	25/98	3/98
6874	1490303287214398793931250625/1458	1/2	5/54
6875	154913309279597599895916578125/4802	41/98	17/98
6876	381623693238839770947331025/1058	1/2	9/46
6877	10939050394887457525389105425/1444	5/38	1/19
6878	42921621019026568586825344625/4418	21/94	9/94
6879	40716196921660206614513267825/4418	25/94	1/94
6880	4279363494809337717128125/256	5/16	1/8
6881	304971921726155578101168983125/7442	23/122	15/122
6882	18968743513859327079093678125/4418	25/94	1/94
6883	22858388397099715985500665625/3362	21/82	13/82
6884	871220103629223969343809125/1024	5/16	1/32
6885	59821923418338776030136125/162	5/18	1/6
6886	8735557935621086364211373125/2738	1/2	1/74
6887	9423527899193328784628054225/1444	4/19	7/38
6888	450963112130348547867879625/784	11/28	0
6889	31541845012008503165586876725/2116	10/23	7/46
6890	3438010204338267876055440625/882	19/42	1/42
6891	3850909800336959102079414025/1458	23/54	1/54
6892	992265534589035605658378125/1024	3/32	1/16
6893	18624431257565631015259131325/2116	21/46	5/23
6894	203346931433834330504782225/1058	9/46	3/46
6895	6261248012431371214764250625/1458	19/54	1/18
6896	8198253762640640722278125/256	3/8	3/16
6897	2421583035707605649235771025/1458	25/54	23/54
6898	3516601644788580588173903125/1024	7/32	3/16
6899	70290916976076472704326910625/6962	49/118	3/118
6900	181752567033781127265336325/1058	1/2	3/46
6901	22858388397099715985500665625/3362	37/82	15/82
6902	12069674625269846554126178125/4418	41/94	9/94
6903	530521924136527202226953125/1058	13/46	7/46
6904	412718332443036315939217325/1922	21/62	21/62
6905	10424256525656337151137228125/1444	7/19	9/38
6906	181752567033781127265336325/1058	11/46	7/46
6907	5905151098125087690696773725/1444	2/19	1/38
6908	376567821572113426951840625/1922	29/62	3/62
6909	491584535209075664448828125/1058	11/46	9/46
6910	502591487975660533231498925/1058	17/46	15/46
6911	1664827644608797081141015625/1058	13/46	1/46
6912	12677589915675425/2	1/2	1/2
6913	1664827644608797081141015625/1058	11/46	7/46
6914	502591487975660533231498925/1058	11/46	5/46
6915	491584535209075664448828125/1058	19/46	5/46
6916	376567821572113426951840625/1922	9/62	5/62
6917	5905151098125087690696773725/1444	9/19	15/38
6918	181752567033781127265336325/1058	13/46	1/46
6919	10424256525656337151137228125/1444	5/19	5/38
6920	412718332443036315939217325/1922	1/2	13/62
6921	530521924136527202226953125/1058	19/46	15/46
6922	12069674625269846554126178125/4418	29/94	13/94
6923	22858388397099715985500665625/3362	23/82	9/82
6924	181752567033781127265336325/1058	19/46	19/46
6925	41036893725917478284029005625/6962	45/118	39/118
6926	17476888857390737810374705925/4418	45/94	3/94
6927	3364500323947735282566513725/1458	5/18	5/54
6928	8198253762640640722278125/256	3/16	1/8
6929	27809082288693887406345826225/2116	9/46	2/23
6930	203346931433834330504782225/1058	15/46	7/46
6931	18624431257565631015259131325/2116	13/46	1/23
6932	992265534589035605658378125/1024	7/16	3/32
6933	3919469449547361720928000525/1458	17/54	7/54
6934	3438010204338267876055440625/882	5/42	1/42
6935	31541845012008503165586876725/2116	8/23	3/46
6936	450963112130348547867879625/784	3/28	0
6937	9423527899193328784628054225/1444	6/19	11/38
6938	3438010204338267876055440625/882	19/42	13/42
6939	2744072805732568532467578125/1058	9/46	7/46
6940	871220103629223969343809125/1024	3/16	1/32
6941	22858388397099715985500665625/3362	39/82	27/82
6942	3919469449547361720928000525/1458	13/54	13/54
6943	163028579637946735599473673125/6962	27/118	25/118
6944	4279363494809337717128125/256	3/8	5/16
6945	4308443638000756223118552325/1458	25/54	13/54
6946	46650659079423366902103606125/4096	29/64	13/32
6947	27711233107052649797254893125/3698	15/86	9/86
6948	381623693238839770947331025/1058	11/46	11/46
6949	174933132766779595560569010625/7442	37/122	31/122
6950	16337359682540786821375380625/3698	1/2	3/86
6951	16337359682540786821375380625/3698	33/86	9/86
6952	1151028020123281302563718625/1024	1/2	15/32
6953	264586448592587051149662828125/4802	13/98	5/98
6954	14850771333613850996318920625/3698	31/86	31/86
6955	31089449547898047217774338125/3698	37/86	29/86
6956	29124444618645527402970759625/4096	29/64	0
6957	116889634750558242644614219625/3698	37/86	15/86
6958	14850771333613850996318920625/3698	39/86	33/86
6959	45481123305569537991769365625/3362	13/82	9/82
6960	6574868120284247302878125/144	1/6	1/12
6961	9553680921624197137759305625/3698	35/86	11/86
6962	10948378866386853654220518125/3698	1/2	29/86
6963	134442117075532305600801495125/4802	11/98	9/98
6964	48362609871328811559061536625/4096	25/64	0
6965	29548441931829621054531460625/3698	19/86	3/86
6966	59821923418338776030136125/162	1/2	5/18
6967	9553680921624197137759305625/3698	31/86	27/86
6968	1216982645064091286711949125/784	5/14	1/28
6969	37205406836009138473729945625/3698	19/86	13/86
6970	14850771333613850996318920625/3698	29/86	7/86
6971	72160353830140433890060673125/3698	35/86	29/86
6972	9024769304311186666411673125/3698	19/86	15/86
6973	17005943259332458942243598125/3698	41/86	33/86
6974	8705308443981587138397100625/3698	17/86	11/86
6975	13467134257390444364666895625/3698	41/86	21/86
6976	5345158952876639365423825/144	5/12	0
6977	6905135715629370208479498125/3698	19/86	3/86
6978	7332400525194865291358695625/3698	5/86	5/86
6979	5090647498383696285083425625/3698	23/86	5/86
6980	5277460250617960368939698125/3698	31/86	29/86
6981	5277460250617960368939698125/3698	9/86	1/86
6982	5090647498383696285083425625/3698	31/86	25/86
6983	5090647498383696285083425625/3698	35/86	19/86
6984	5090647498383696285083425625/3698	27/86	13/86
6985	7332400525194865291358695625/3698	7/86	1/86
6986	5090647498383696285083425625/3698	1/2	9/86
6987	8705308443981587138397100625/3698	19/86	7/86
6988	11176353684059908481765785625/3698	33/86	19/86
6989	8705308443981587138397100625/3698	33/86	3/86
6990	2692520219382166334230190225/722	13/38	13/38
6991	2393436199098893762217945125/1682	15/58	13/58
6992	409425784362633040582321625/484	3/11	1/22
6993	16297455689829512764412933125/3698	7/86	1/86
6994	474792872847922069315582825/722	7/38	7/38
6995	10948378866386853654220518125/3698	37/86	17/86
6996	476172959316369113208588425/722	13/38	13/38
6997	265709772878194919525234425/722	13/38	7/38
6998	255186613556286209841066725/722	7/38	7/38
6999	255186613556286209841066725/722	15/38	5/38
7000	975400191272993078125/2	1/2	1/2
7001	57144326443521615277100070625/3698	15/86	7/86
7002	474792872847922069315582825/722	15/38	5/38
7003	19620362126891292192216968125/3698	17/86	11/86
7004	788417522802512794001105425/722	15/38	15/38
7005	4341294448713623381413506125/1682	11/58	7/58
7006	19620362126891292192216968125/3698	1/2	25/86
7007	1733304617736763830461665625/1682	11/58	5/58
7008	7534702882369538879940625/144	1/12	0
7009	14850771333613850996318920625/3698	23/86	19/86
7010	1344258687165132113026517125/1682	1/58	1/58
7011	17302422398573445552836418625/4802	13/98	1/98
7012	5486133931254994931387157125/4802	1/2	31/98
7013	129579570464775057273206392625/13778	31/166	7/166
7014	508450177010645825134382125/1682	21/58	7/58
7015	4396179121372391534497174625/1682	21/58	19/58
7016	411914744450383875003831125/1682	1/2	25/58
7017	18817963046623674360384134125/4802	37/98	19/98
7018	411914744450383875003831125/1682	7/58	5/58
7019	1207240898615216328126167125/1682	17/58	5/58
7020	2320121603379150390625/2	1/2	1/2
7021	189177032112241204530591625/1682	15/58	13/58
7022	189177032112241204530591625/1682	9/58	9/58
7023	258599796190127885092276625/1682	27/58	23/58
7024	272484349005705221204613625/1682	1/2	27/58
7025	101433410568386147162070576625/13778	63/166	1/166
7026	461214069493733238360452125/1682	1/2	5/58
7027	411914744450383875003831125/1682	15/58	9/58
7028	5966671209905067480121798625/4802	37/98	37/98
7029	17302422398573445552836418625/4802	11/98	1/14
7030	508450177010645825134382125/1682	19/58	19/58
7031	148024953135971927460638799125/13778	41/166	3/166
7032	1733304617736763830461665625/1682	23/58	9/58
7033	1344258687165132113026517125/1682	21/58	5/58
7034	117771678042488613819048387625/13778	9/166	9/166
7035	60004448205271716356696578625/4802	1/14	3/98
7036	9677786822550946114918917625/4802	1/2	9/98
7037	47387848330995359712465468125/3698	25/86	13/86
7038	1733304617736763830461665625/1682	1/2	1/58
7039	40600168001850077959487430125/3364	3/29	1/58
7040	11055587400126953125/2	1/2	1/2
7041	355142978900126365126953125/242	9/22	7/22
7042	44532464206164441832710126625/4802	33/98	1/14
7043	1847782350599664096220071625/1682	11/58	9/58
7044	267272551131022934580078125/242	3/22	3/22
7045	35271211590485208918517673125/3698	33/86	31/86
7046	29927824625943998367578485625/3698	33/86	33/86
7047	1432165803868540228661265625/98	1/14	1/14
7048	15423282184094231033522385125/4802	9/98	9/98
7049	77251248287351312708827125625/3698	37/86	21/86
7050	29927824625943998367578485625/3698	37/86	11/86
7051	26002864019262818253797700625/3698	37/86	23/86
7052	937120323345893545870578125/256	3/16	1/8
7053	36561036095253001036137070625/3698	5/86	3/86
7054	37453666523158371246295770625/3698	23/86	23/86
7055	40595168056973542340180718125/3698	15/86	5/86
7056	27807347182381203125/2	1/2	1/2
7057	38513735192382411808941258125/3698	9/86	5/86
7058	24623298657508542075191583125/3698	37/86	29/86
7059	26002864019262818253797700625/3698	13/86	3/86
7060	1390181873218979127917703125/484	5/22	2/11
7061	48992748875248954850638923125/3698	27/86	21/86
7062	18152942805900458026236130625/3698	19/86	17/86
7063	8639630990641672666110064625/1682	25/58	13/58
7064	825779294829549758242390625/256	1/16	0
7065	18152942805900458026236130625/3698	41/86	1/86
7066	12157475457162692072616858125/3698	1/2	33/86
7067	13120443810205281543715223125/3698	41/86	7/86
7068	12157475457162692072616858125/3698	23/86	1/86
7069	12157475457162692072616858125/3698	19/86	13/86
7070	12157475457162692072616858125/3698	39/86	27/86
7071	12157475457162692072616858125/3698	37/86	35/86
7072	25664111240283824242390625/98	1/2	3/14
7073	50164906891532199314175233125/5618	33/106	9/106
7074	202631993628736312126890625/98	1/2	1/14
7075	21618805425830008588026420625/5618	31/106	17/106
7076	16003248617509704318496275625/5618	39/106	39/106
7077	12673092835831384344705143125/5618	45/106	3/106
7078	13783144763057491002635520625/5618	1/2	41/106
7079	16003248617509704318496275625/5618	35/106	11/106
7080	13964618220374710137796113125/5618	35/106	15/106
7081	22492782961293097087935405625/5618	29/106	11/106
7082	12027330143559721448159658125/5618	29/106	1/106
7083	13783144763057491002635520625/5618	33/106	3/106
7084	10082971672303802142867595625/5618	35/106	5/106
7085	8798516682201406965432233125/5618	15/106	13/106
7086	9569189676262844071893450625/5618	1/2	7/106
7087	8798516682201406965432233125/5618	35/106	21/106
7088	8798516682201406965432233125/5618	49/106	31/106
7089	8798516682201406965432233125/5618	43/106	33/106
7090	9569189676262844071893450625/5618	45/106	41/106
7091	10082971672303802142867595625/5618	41/106	29/106
7092	8798516682201406965432233125/5618	47/106	27/106
7093	8798516682201406965432233125/5618	23/106	17/106
7094	10082971672303802142867595625/5618	25/106	25/106
7095	13783144763057491002635520625/5618	39/106	1/106
7096	628051709220757067942515625/484	1/2	3/11
7097	19599484261893907536135888125/5618	37/106	17/106
7098	12027330143559721448159658125/5618	47/106	45/106
7099	19466915799369858426402745625/5618	37/106	19/106
7100	12673092835831384344705143125/5618	47/106	39/106
7101	202631993628736312126890625/98	5/14	5/14
7102	23512423419333367004495888125/5618	1/2	19/106
7103	30747015240666710698186930625/5618	19/106	1/106
7104	2139127326955918381005625/98	1/2	5/14
7105	21618805425830008588026420625/5618	35/106	5/106
7106	16743283235660442090449860625/5618	19/106	19/106
7107	32545932581677039119638493125/5618	27/106	21/106
7108	25773368576241354678557650625/5618	11/106	3/106
7109	28679089106626301798493325625/5618	51/106	23/106
7110	32545932581677039119638493125/5618	1/2	51/106
7111	15100851608203866798253195625/1458	7/18	1/54
7112	32657691063614921701174480625/5618	1/2	29/106
7113	42023071220995409952006413125/5618	49/106	23/106
7114	788064883544516830475640625/484	4/11	1/22
7115	13497221348925580058615688125/1458	11/54	1/6
7116	2019862065696142653253328125/484	5/11	3/22
7117	28339954387999037689872435625/1458	25/54	13/54
7118	54953246981301689937239155625/5618	1/2	27/106
7119	55519532051096125557030370625/5618	39/106	1/106
7120	18493285045603392197265625/98	1/2	3/14
7121	41221243579151095854691155625/2738	25/74	5/74
7122	1497010425148152831845703125/256	7/16	1/8
7123	254012067444106013022000548125/5618	51/106	31/106
7124	524045016588550448798828125/256	3/8	5/16
7125	23534580002323011365576828125/1936	15/44	1/22
7126	887980850796267799111328125/256	5/16	1/8
7127	42534974866583791183657203125/1936	7/44	1/22
7128	22514789523916015625/2	1/2	1/2
7129	82674483254389028230544558125/5618	49/106	25/106
7130	887980850796267799111328125/256	3/8	5/16
7131	103378183778035732916416015625/1922	29/62	15/62
7132	315652931577271686997015625/484	5/11	3/22
7133	17430377394760380196353390625/1444	13/38	5/19
7134	1497010425148152831845703125/256	7/16	3/8
7135	12155479105703103495863078125/1458	23/54	19/54
7136	18493285045603392197265625/98	1/14	1/14
7137	206402634966766247739674829625/4802	23/98	15/98
7138	13867964496561178404397953125/1444	1/2	9/19
7139	350980380490215748076428944125/4802	5/14	31/98
7140	489803966989635096124015625/1058	1/2	7/46
7141	557972946743198047855015625/484	5/22	1/11
7142	5985185143417264157861515625/1458	23/54	7/18
7143	19849264794820305940812640625/1444	7/38	2/19
7144	239387793746521480742703125/484	1/2	2/11
7145	25614984864406813475241078125/1936	13/44	3/22
7146	5806787821564433034987248125/1058	19/46	19/46
7147	4993284209738965031212953125/1458	7/18	1/54
7148	2525290421798722038628188125/484	5/11	9/22
7149	33821297374423635073760140625/2116	7/46	1/23
7150	227189689606571341596578125/484	4/11	1/22
7151	383777717668067305980064890625/10082	61/142	55/142
7152	1281714845378194101265625/162	1/2	7/18
7153	7760970956791118189617203125/1444	13/38	5/19
7154	3850342034937220891363140625/1458	13/54	1/54
7155	239971071075458805483578125/1058	19/46	11/46
7156	239387793746521480742703125/484	5/11	9/22
7157	2509578074324764808433453125/1458	25/54	5/18
7158	176912979405995177765265625/1058	19/46	19/46
7159	300155721305032210430515625/484	4/11	1/22
7160	1758769720805278768216703125/1922	29/62	19/62
7161	2283008766045760555060578125/1458	19/54	1/18
7162	275982106166371898181078125/484	4/11	5/22
7163	1959750887667599768503328125/1458	19/54	11/54
7164	1906941599221215614078125/242	3/22	1/22
7165	956125203306558207922390625/1458	23/54	5/18
7166	780689386186088811973328125/1458	17/54	17/54
7167	3185650302130437097328125/242	5/22	3/22
7168	35852912657453125/2	1/2	1/2
7169	753054363666227261107015625/1458	25/54	7/18
7170	2057986478367450514203125/242	7/22	1/22
7171	445197412136994083927140625/484	9/22	2/11
7172	956125203306558207922390625/1458	23/54	7/18
7173	176912979405995177765265625/1058	11/46	7/46
7174	275982106166371898181078125/484	3/11	3/22
7175	2243074208024789784529015625/1458	23/54	1/18
7176	1906941599221215614078125/242	7/22	7/22
7177	300155721305032210430515625/484	5/11	3/22
7178	3980112627531104684486140625/1458	1/2	5/54
7179	23838534553494729366889703125/4418	7/94	1/94
7180	239387793746521480742703125/484	1/11	1/22
7181	191115321375686298839306703125/10082	67/142	55/142
7182	239971071075458805483578125/1058	17/46	3/46
7183	7760970956791118189617203125/1444	9/38	3/19
7184	22085931435677898859500625/256	7/16	0
7185	3850342034937220891363140625/1458	23/54	17/54
7186	227189689606571341596578125/484	5/11	3/22
7187	33821297374423635073760140625/2116	21/46	8/23
7188	61933101998611942626783125/144	5/12	1/6
7189	5985185143417264157861515625/1458	23/54	5/18
7190	4846591520446945646186168125/1922	1/2	21/62
7191	3731650587705763649507238125/1058	11/46	1/46
7192	19740522787641307830173125/256	1/8	1/16
7193	9906143386362373375755765625/1458	13/54	7/54
7194	489803966989635096124015625/1058	17/46	17/46
7195	557972946743198047855015625/484	9/22	3/11
7196	49346749360332842922863125/256	7/16	3/8
7197	906781700820276902084530625/1058	15/46	1/46
7198	944174760647917186706573125/1058	1/46	1/46
7199	944174760647917186706573125/1058	17/46	9/46
7200	348825893648805625/2	1/2	1/2
7201	944174760647917186706573125/1058	19/46	3/46
7202	944174760647917186706573125/1058	1/2	5/46
7203	906781700820276902084530625/1058	17/46	11/46
7204	49346749360332842922863125/256	7/16	1/8
7205	73137655229415871660008730625/8978	23/134	15/134
7206	1353961717663153182564573125/1058	1/2	11/46
7207	163359799773507383418628433125/8978	45/134	23/134
7208	19740522787641307830173125/256	3/8	1/16
7209	64419549921620571972458125/162	7/18	5/18
7210	5275019500154962940876658125/1922	1/2	11/62
7211	40467027512722487365182495625/8978	33/134	21/134
7212	61933101998611942626783125/144	1/6	1/12
7213	53463737078852337321883443125/8978	37/134	25/134
7214	5275019500154962940876658125/1922	13/62	13/62
7215	64818867077900621354849838125/8978	27/134	21/134
7216	22085931435677898859500625/256	1/2	7/16
7217	76153641012072196264545173125/8978	11/134	1/134
7218	64818867077900621354849838125/8978	25/134	3/134
7219	40467027512722487365182495625/8978	35/134	29/134
7220	501694772994673073704533125/144	5/12	1/6
7221	29833356049525337400608993125/8978	37/134	5/134
7222	788064883544516830475640625/484	5/11	3/22
7223	36169644060043993131711788125/8978	47/134	31/134
7224	27576052714710427009005625/144	5/12	0
7225	27430669656274974656935785625/8978	65/134	39/134
7226	27430669656274974656935785625/8978	29/134	9/134
7227	27430669656274974656935785625/8978	19/134	5/134
7228	31435146978358912563057798125/8978	33/134	21/134
7229	31435146978358912563057798125/8978	17/134	13/134
7230	27430669656274974656935785625/8978	59/134	11/134
7231	27430669656274974656935785625/8978	63/134	13/134
7232	832185382229321638155625/98	1/14	1/14
7233	27430669656274974656935785625/8978	37/134	25/134
7234	27430669656274974656935785625/8978	61/134	45/134
7235	29833356049525337400608993125/8978	43/134	9/134
7236	2044035351876616086048125/98	1/2	5/14
7237	37496970447568543338380110625/8978	59/134	19/134
7238	49157932750354162504013635625/8978	47/134	21/134
7239	53503385369170000073429205625/8978	19/134	13/134
7240	628051709220757067942515625/484	5/22	0
7241	53463737078852337321883443125/8978	53/134	49/134
7242	16229619906599725454892578125/1682	17/58	13/58
7243	138475771256893224751620668125/8978	57/134	13/134
7244	53503385369170000073429205625/8978	59/134	59/134
7245	40467027512722487365182495625/8978	17/134	13/134
7246	912079952832506835643703125/722	1/2	9/38
7247	40467027512722487365182495625/8978	63/134	43/134
7248	73213175616265718811870625/144	1/12	0
7249	4397901581381650376465036125/2738	31/74	27/74
7250	1770830964807697390435956625/1458	7/54	7/54
7251	1109311230793575450819953125/722	3/38	1/38
7252	226765279222996086631703125/722	3/38	3/38
7253	2522654206579322297160147625/2738	21/74	1/74
7254	136560306272412007971578125/722	3/38	1/38
7255	8000270615978830209582453125/1444	17/38	8/19
7256	76423657638689288864828125/722	1/2	7/38
7257	73396978128246148711765625/722	3/38	1/38
7258	73396978128246148711765625/722	9/38	9/38
7259	76423657638689288864828125/722	9/38	5/38
7260	4995544734276887462427925/36	1/2	1/3
7261	9412131588513183092667203125/1444	1/19	1/38
7262	136560306272412007971578125/722	9/38	9/38
7263	2836463757789320598839895125/1458	23/54	1/6
7264	433323751386517274454640625/722	1/2	3/38
7265	12221588709408770870626703125/1444	3/38	1/19
7266	1109311230793575450819953125/722	9/38	9/38
7267	2208956274154950612539196625/2738	15/74	1/74
7268	13673658655081100082978390625/1444	1/38	0
7269	12758474912792325610496916625/1458	23/54	5/54
7270	1072859348801141988162240125/1458	1/2	7/54
7271	2208956274154950612539196625/2738	21/74	9/74
7272	1269970870651676148970625/98	3/14	3/14
7273	700769401240052281285162625/1458	19/54	1/6
7274	557546457920917508467757125/1458	23/54	23/54
7275	557546457920917508467757125/1458	13/54	5/54
7276	675963404735979634160024125/1458	1/54	1/54
7277	1072859348801141988162240125/1458	1/6	7/54
7278	646086569167538545357371125/1458	5/18	7/54
7279	422010302404230379337473625/1458	19/54	5/18
7280	105607697325853759765625/2	1/2	1/2
7281	422010302404230379337473625/1458	7/18	19/54
7282	622569654041884421002807625/1458	13/54	1/18
7283	622569654041884421002807625/1458	5/18	13/54
7284	1678074577164091792180625/98	1/2	1/14
7285	458974708454235960009369125/1458	1/6	5/54
7286	422010302404230379337473625/1458	17/54	1/6
7287	65769745761929435526048125/196	5/14	2/7
7288	8648034304304990947210625/98	1/2	1/14
7289	111445148698334793859668125/256	5/16	1/8
7290	165952370859512550625/4	1/2	0
7291	111445148698334793859668125/256	3/8	5/16
7292	8648034304304990947210625/98	5/14	5/14
7293	65769745761929435526048125/196	3/14	1/7
7294	10370523874197062126248758125/1922	1/2	25/62
7295	15934017297751965209964765625/2738	23/74	11/74
7296	25553780048370361328125/2	1/2	1/2
7297	2208956274154950612539196625/2738	33/74	5/74
7298	2836463757789320598839895125/1458	1/2	23/54
7299	104731817947595567918320625/144	1/3	1/12
7300	12709836646062526926705425/64	1/2	1/8
7301	6147447359823838838845141625/1444	8/19	15/38
7302	2522654206579322297160147625/2738	27/74	3/74
7303	2715468540840162217962197125/2738	29/74	17/74
7304	121835758542590593679400625/256	1/2	7/16
7305	5735114350810333299207237425/144	1/3	1/12
7306	10479034135951115176550070625/1682	1/2	17/58
7307	257349024732522311323422228125/8978	59/134	17/134
7308	1269970870651676148970625/98	1/2	5/14
7309	2635342730219840924238255625/1682	23/58	21/58
7310	4402393347014647555519398125/1682	1/2	19/58
7311	200352723047729299248624353125/8978	49/134	27/134
7312	341979739930515944198886425/722	11/38	5/38
7313	1538552692209271291029270625/1682	7/58	1/58
7314	1166821840400319838163138125/1682	11/58	1/58
7315	1166821840400319838163138125/1682	19/58	15/58
7316	1538552692209271291029270625/1682	5/58	5/58
7317	623408495675026117753848125/144	1/6	1/12
7318	2635342730219840924238255625/1682	27/58	3/58
7319	146091341664266222691143260025/8978	55/134	31/134
7320	4995544734276887462427925/36	1/6	0
7321	19247519987355807495596438125/1682	13/58	3/58
7322	10479034135951115176550070625/1682	11/58	9/58
7323	56450169501429912603601409125/3362	37/82	9/82
7324	4397901581381650376465036125/2738	33/74	3/74
7325	57902280934739914452641265625/3698	33/86	25/86
7326	5198336741418667328429142325/1444	15/38	4/19
7327	100850481408368897614924398325/6962	17/118	3/118
7328	3971359798824249869342436625/1444	9/19	13/38
7329	8495371549385462037542559625/3362	19/82	15/82
7330	36541776597308710957282015625/3698	15/86	11/86
7331	33859811342460365198949390625/3698	33/86	7/86
7332	6915218600969786813047941625/1444	1/2	3/19
7333	1360841086308106686718661525/722	13/38	1/38
7334	5067031176528955899366252125/1458	1/2	25/54
7335	2956813759668597122552253125/1444	9/19	3/38
7336	3111807115105292206983535025/1444	9/38	2/19
7337	85826207673263678517437377525/6962	45/118	39/118
7338	698902977436838973443332025/722	1/2	7/38
7339	55962716250178469043895073725/6962	51/118	9/118
7340	13574366032739215954466549125/3362	15/82	1/82
7341	6915218600969786813047941625/1444	7/19	7/38
7342	8495371549385462037542559625/3362	29/82	27/82
7343	88564128343389945621228024925/6962	53/118	39/118
7344	9507934765167236328125/2	1/2	1/2
7345	2608162032891718901807009125/1444	6/19	1/38
7346	3111807115105292206983535025/1444	13/38	1/19
7347	50019772931575445782596481825/6962	33/118	17/118
7348	1931329218743072108950315625/1444	8/19	9/38
7349	15691450979453147528166845425/3362	13/82	7/82
7350	6099177396030025717515625/4	1/2	0
7351	6670432101820413828515271125/1444	13/38	6/19
7352	1097226786250998986277431425/1444	17/38	0
7353	4135127213208755018593671125/1444	6/19	9/38
7354	51385556777124157418485525/722	13/38	1/38
7355	2488600776694270815310989125/1444	4/19	5/38
7356	355383093049017632028175525/722	5/38	5/38
7357	12600517532981121545616816625/3362	35/82	5/82
7358	1459613614737567458809427125/1444	13/38	0
7359	33051336027901104131461199125/6962	55/118	9/118
7360	1186586953422745465605625/36	1/2	1/3
7361	1385549153441042515518216325/1444	13/38	1/19
7362	252266755169509925325699725/722	11/38	3/38
7363	855635567259953337922767625/1444	4/19	1/38
7364	18118606724881928338309925/722	1/2	13/38
7365	680761144754269444040742125/1444	13/38	6/19
7366	1407945876162786309825022625/1444	7/38	3/19
7367	17317784328202064102362525/722	9/38	5/38
7368	19904623539924197039441125/722	1/2	15/38
7369	7542870357113266530767160125/3362	37/82	19/82
7370	8508737964723557506941125/722	1/38	1/38
7371	106511879149786384462501625/722	3/38	1/38
7372	6024434909329818088856125/722	17/38	15/38
7373	6024434909329818088856125/722	7/38	3/38
7374	6024434909329818088856125/722	1/2	1/38
7375	8508737964723557506941125/722	17/38	13/38
7376	11241471325656670866834625/722	1/2	9/38
7377	119688606467285730993945125/722	11/38	5/38
7378	680761144754269444040742125/1444	3/38	0
7379	7542870357113266530767160125/3362	25/82	11/82
7380	17317784328202064102362525/722	1/2	7/38
7381	1407945876162786309825022625/1444	13/38	6/19
7382	1042227239314058529372109625/1444	1/2	9/19
7383	855635567259953337922767625/1444	9/19	11/38
7384	25524752539432205615283325/722	17/38	17/38
7385	1166056218242461522960875125/1444	15/38	7/19
7386	252266755169509925325699725/722	1/2	15/38
7387	23554335608497722763809677525/6962	25/118	1/118
7388	62741480926764855190526525/722	9/38	3/38
7389	17224560664350340461439501625/3362	23/82	17/82
7390	1679825079835600217929164925/1444	7/38	0
7391	1097226786250998986277431425/1444	15/38	4/19
7392	599296275482353515625/2	1/2	1/2
7393	4135127213208755018593671125/1444	5/19	7/38
7394	9635689878162034123118742125/3362	39/82	19/82
7395	74298765388749954380224853125/7442	49/122	27/122
7396	51385556777124157418485525/722	3/38	3/38
7397	8495371549385462037542559625/3362	25/82	17/82
7398	1931329218743072108950315625/1444	5/19	3/38
7399	5477977185203894479720893125/1682	11/58	9/58
7400	2608162032891718901807009125/1444	9/19	7/38
7401	698902977436838973443332025/722	9/38	5/38
7402	2307143895366777841501668125/1682	7/58	7/58
7403	3065656956857225351036463125/1682	15/58	13/58
7404	1575701337491954144964610625/1682	1/2	3/58
7405	1575701337491954144964610625/1682	19/58	5/58
7406	1575701337491954144964610625/1682	25/58	15/58
7407	1575701337491954144964610625/1682	27/58	11/58
7408	3642322227641413811083525625/3698	1/2	33/86
7409	90402708876333603845610155225/6962	41/118	11/118
7410	2439099330638230388780835625/1682	1/2	27/58
7411	3152982061556736844033763125/1682	23/58	1/58
7412	4961939610583344124873450625/1682	25/58	25/58
7413	48958482246411922130267888125/4802	41/98	5/98
7414	3642322227641413811083525625/3698	23/86	1/86
7415	66346311566625112210200195625/4802	31/98	3/14
7416	798155471274023206358361425/722	5/38	5/38
7417	25977213255406919241984535625/1682	19/58	1/58
7418	3305460056298855308324355625/3698	23/86	11/86
7419	8495371549385462037542559625/3362	39/82	7/82
7420	5661827621185168003367460625/3698	37/86	37/86
7421	16799849171057629649336235625/3698	25/86	23/86
7422	391593380956704785844320725/722	9/38	3/38
7423	7490813637979511422794420625/3698	33/86	1/86
7424	4015357518054314166487975625/3698	1/2	23/86
7425	5661827621185168003367460625/3698	39/86	23/86
7426	14509793885233576754386849625/3362	9/82	9/82
7427	3305460056298855308324355625/3698	19/86	17/86
7428	2294873542271179800046845625/3698	1/2	35/86
7429	6787004093642529188362945625/3698	13/86	11/86
7430	10564853602417684624840313125/3698	7/86	7/86
7431	2294873542271179800046845625/3698	27/86	25/86
7432	6787004093642529188362945625/3698	39/86	39/86
7433	2418088229104531735619830625/3698	33/86	29/86
7434	3567278674619556718884700625/3698	21/86	21/86
7435	4153680648529620837057528125/1444	13/38	1/19
7436	3567278674619556718884700625/3698	29/86	27/86
7437	2418088229104531735619830625/3698	27/86	13/86
7438	2110051512021151896687368125/3698	1/2	19/86
7439	2110051512021151896687368125/3698	11/86	5/86
7440	6991037782904710545765625/36	1/2	1/3
7441	4063399941819611939532488125/3698	21/86	5/86
7442	2931664490153281838760325625/3698	37/86	17/86
7443	2110051512021151896687368125/3698	39/86	1/86
7444	2972554319854615445698263125/3698	7/86	1/86
7445	2418088229104531735619830625/3698	35/86	19/86
7446	3112848270209422105014038125/3698	39/86	35/86
7447	2972554319854615445698263125/3698	15/86	13/86
7448	341979739930515944198886425/722	15/38	15/38
7449	2110051512021151896687368125/3698	21/86	7/86
7450	2294873542271179800046845625/3698	31/86	7/86
7451	3112848270209422105014038125/3698	17/86	7/86
7452	18157989238294769787600625/98	1/2	1/14
7453	2931664490153281838760325625/3698	31/86	3/86
7454	2110051512021151896687368125/3698	37/86	29/86
7455	7268921544078685107063273125/3698	27/86	11/86
7456	51936360431451362392703125/162	7/18	7/18
7457	3873220968742657027851233125/3698	19/86	15/86
7458	4333405638296240041061280625/3698	1/2	13/86
7459	10564853602417684624840313125/3698	31/86	13/86
7460	2294873542271179800046845625/3698	41/86	19/86
7461	25030279717151050363971600625/3698	39/86	15/86
7462	2418088229104531735619830625/3698	1/2	9/86
7463	4015357518054314166487975625/3698	17/86	5/86
7464	34442230654602378428640625/242	5/22	5/22
7465	5661827621185168003367460625/3698	41/86	5/86
7466	45765703746526448049015625/242	7/22	3/22
7467	81778060792973489136765625/242	9/22	1/22
7468	34442230654602378428640625/242	7/22	1/22
7469	9119744154679445985551140625/1058	17/46	9/46
7470	4015357518054314166487975625/3698	31/86	27/86
7471	28064487921593381321723538125/3698	39/86	5/86
7472	39086126922638654171828125/242	1/2	1/22
7473	3305460056298855308324355625/3698	25/86	5/86
7474	12162848920290077060333595625/3698	1/86	1/86
7475	117678620560831157614094074325/3698	41/86	13/86
7476	22920333981820525579072303625/3698	35/86	35/86
7477	998194749132478912043327130625/7396	39/86	4/43
7478	3305460056298855308324355625/3698	29/86	29/86
7479	44732889025924160375286480625/3698	39/86	1/86
7480	526596301391967426014890625/162	1/2	7/18
7481	103281056281365344232510714925/5618	37/106	13/106
7482	49369694352882133736369768125/3698	1/2	5/86
7483	36051831732508967361543271325/3698	31/86	9/86
7484	13442990077883041889699188625/3698	1/2	23/86
7485	3642322227641413811083525625/3698	37/86	35/86
7486	19023579060945849083852868125/3698	15/86	15/86
7487	215152092023041410232280520625/3698	17/86	13/86
7488	27802512692626953125/2	1/2	1/2
7489	50011397027521054367826878125/3698	39/86	7/86
7490	9411578701323222293099199125/1444	7/19	1/38
7491	136386602183451309816649779425/5618	41/106	39/106
7492	13442990077883041889699188625/3698	17/86	5/86
7493	152365122632905309808357391325/5618	41/106	21/106
7494	9808004429345783783716530625/3698	37/86	17/86
7495	23775910062264107814212778125/3698	41/86	27/86
7496	25581560908270434700300130125/3698	1/2	31/86
7497	11238079897457082755050395625/162	7/18	1/18
7498	35409529282259432654592753125/3698	1/2	27/86
7499	9374501471142655218690385625/3698	11/86	5/86
7500	1443592283084029755625/2	1/2	1/2
7501	29570603555878141768456840525/3698	23/86	1/86
7502	88953048473545874512393621525/5618	45/106	45/106
7503	54990111987282566575989113125/3698	15/86	11/86
7504	19538336057594422275390625/242	1/2	9/22
7505	70164205747555876148449886525/5618	17/106	5/106
7506	25688089950806208759524192125/3698	9/86	7/86
7507	67790242723508479014492315625/3698	37/86	27/86
7508	21085927032453386416015625/242	9/22	7/22
7509	79726870299891683603515625/242	9/22	5/22
7510	32639859652975789931640625/242	9/22	5/22
7511	25847440044402470745107865125/1444	2/19	3/38
7512	19538336057594422275390625/242	5/22	1/22
7513	8196945169440879201036090625/3698	33/86	19/86
7514	9393579500746117040603403125/3698	1/2	1/86
7515	28610899660065621584910944525/3698	41/86	5/86
7516	13442990077883041889699188625/3698	39/86	13/86
7517	38907422364786905370378381925/3698	41/86	13/86
7518	11747226070143371387469155825/3698	39/86	3/86
7519	87965323301752619940916129925/5618	17/106	5/106
7520	2913943593618353193015625/36	1/2	1/3
7521	8196945169440879201036090625/3698	7/86	5/86
7522	12377949617533619515655419225/3698	1/2	11/86
7523	14913458794110769976893590625/3698	25/86	15/86
7524	13601903117080377474793727725/3698	11/86	9/86
7525	6886304937670252192654332725/3698	41/86	29/86
7526	1953672965816251867061265625/722	5/38	3/38
7527	1953672965816251867061265625/722	17/38	7/38
7528	7256039430967983854004900925/3698	21/86	21/86
7529	8593608333192130746537838825/3698	35/86	13/86
7530	6886304937670252192654332725/3698	37/86	11/86
7531	15350315419017416213507139125/3698	17/86	11/86
7532	7163053107193153707649932625/3698	1/2	9/86
7533	5037632471181593885901491725/3698	33/86	1/86
7534	5397374140336143610458801325/3698	23/86	9/86
7535	5037632471181593885901491725/3698	7/86	3/86
7536	4403900745374147355203125/98	1/14	1/14
7537	3948414639574762775436304325/3698	41/86	17/86
7538	5572602291130081732191915625/3698	21/86	5/86
7539	3948414639574762775436304325/3698	35/86	33/86
7540	3948414639574762775436304325/3698	15/86	5/86
7541	3948414639574762775436304325/3698	13/86	9/86
7542	4367715309264118114420690625/3698	29/86	19/86
7543	3948414639574762775436304325/3698	29/86	21/86
7544	3948414639574762775436304325/3698	1/2	11/86
7545	5485850428435732351712387425/3698	37/86	35/86
7546	4367715309264118114420690625/3698	1/2	27/86
7547	5037632471181593885901491725/3698	27/86	19/86
7548	176926001930664244084328125/144	1/2	5/12
7549	7163053107193153707649932625/3698	23/86	5/86
7550	8593608333192130746537838825/3698	41/86	33/86
7551	13891602295619254866262816525/3698	39/86	7/86
7552	5000584276331157250140625/98	5/14	5/14
7553	10994593709526918012162428125/3698	35/86	33/86
7554	404791618960060525731078125/256	3/8	3/16
7555	10458171423079742428908115625/3698	9/86	7/86
7556	141701772485544041355203125/256	7/16	1/8
7557	16251377871830834042033654125/5618	13/106	5/106
7558	240110022055310812879703125/256	7/16	3/8
7559	17674856225567841403379667625/5618	11/106	5/106
7560	6087999087266890625/2	1/2	1/2
7561	15423282184094231033522385125/5618	31/106	3/106
7562	240110022055310812879703125/256	7/16	1/8
7563	17674856225567841403379667625/5618	51/106	47/106
7564	141701772485544041355203125/256	7/16	3/8
7565	15423282184094231033522385125/5618	11/106	1/106
7566	404791618960060525731078125/256	3/16	1/8
7567	16251377871830834042033654125/5618	35/106	33/106
7568	5000584276331157250140625/98	1/2	1/14
7569	32011201766705104777409551625/5618	47/106	13/106
7570	8196945169440879201036090625/3698	1/2	17/86
7571	22215186265163250204247839125/5618	21/106	19/106
7572	176926001930664244084328125/144	1/2	1/12
7573	47042309646511331735148961525/5618	9/106	1/106
7574	25793471301162699901576350125/5618	33/106	29/106
7575	59344919194887877119785815625/5618	15/106	13/106
7576	12741786055467505292699665625/3698	29/86	17/86
7577	46559680042990504153546099525/5618	17/106	9/106
7578	372154693716224789280828125/144	5/12	1/6
7579	47042309646511331735148961525/5618	51/106	5/106
7580	34077505879638311548797951625/5618	25/106	25/106
7581	42253582466760168509287500725/5618	33/106	3/106
7582	44562892304142407409966552125/5618	49/106	7/106
7583	15405470381223631946589581125/3698	25/86	1/86
7584	4403900745374147355203125/98	1/2	3/14
7585	29570603555878141768456840525/3698	37/86	35/86
7586	85095143094283680505092765625/8978	17/134	13/134
7587	43253667258872835219566494825/5618	31/106	5/106
7588	23775910062264107814212778125/3698	1/86	1/86
7589	85095143094283680505092765625/8978	39/134	3/134
7590	15405470381223631946589581125/3698	1/2	29/86
7591	36051831732508967361543271325/3698	23/86	13/86
7592	85095143094283680505092765625/8978	35/134	29/134
7593	85095143094283680505092765625/8978	33/134	21/134
7594	85095143094283680505092765625/8978	1/2	49/134
7595	13442990077883041889699188625/3698	35/86	11/86
7596	578497890232151405119703125/144	1/2	5/12
7597	116322718541727232984025890625/8978	59/134	31/134
7598	65073035460513424978865132525/5618	1/2	51/106
7599	6593076781649476841793583825/1058	15/46	7/46
7600	2913943593618353193015625/36	1/6	0
7601	2306761930277229864384765625/722	17/38	15/38
7602	1290940162815697447041015625/722	7/38	7/38
7603	1239813819733887647158203125/722	7/38	3/38
7604	1239813819733887647158203125/722	1/2	1/38
7605	14439225221579059085869140625/722	17/38	1/38
7606	2306761930277229864384765625/722	1/2	1/38
7607	61860749446069973645674752025/5618	33/106	9/106
7608	427075162270114806200910625/484	2/11	1/22
7609	9517701956516755807431640625/722	11/38	7/38
7610	125634717947173039259772434525/5618	1/2	25/106
7611	41075053967420941879327593625/3698	27/86	15/86
7612	10972637287449253510478515625/722	1/2	13/38
7613	126490282412009241812850201425/5618	31/106	17/106
7614	49292002954546715349390625/98	1/2	1/14
7615	343412848158424778099025765625/8978	31/134	7/134
7616	9809617857332174151570625/256	1/2	1/16
7617	273226280651593436589735828125/8978	17/134	7/134
7618	88953048473545874512393621525/5618	43/106	9/106
7619	550346363834959552674553390625/8978	63/134	3/134
7620	126490282412009241812850201425/5618	25/106	25/106
7621	360156498407368202087845578125/6962	55/118	1/118
7622	41075053967420941879327593625/3698	41/86	41/86
7623	705466721447403189728349025/36	1/6	0
7624	1971810643866659481166458125/882	1/2	13/42
7625	250464163867053013634694640625/6962	25/118	7/118
7626	1721758904761965289895139725/1058	19/46	19/46
7627	7390060630413668246195170625/1458	5/18	7/54
7628	46374622770054237345501108125/4096	13/32	11/64
7629	103546847434426730262928390625/6962	39/118	17/118
7630	88313953733469559720903890625/6962	51/118	37/118
7631	31089957975340712914187184125/3698	33/86	19/86
7632	5526063151331692590310625/162	1/2	5/18
7633	172255929559341616485327390625/6962	35/118	17/118
7634	15291077769573674527111908125/1458	1/2	11/54
7635	88313953733469559720903890625/6962	21/118	15/118
7636	98270574953691610249530765625/6962	53/118	43/118
7637	52751287800528797417184203125/6962	43/118	5/118
7638	1967701410090511800574390625/256	1/2	1/16
7639	65072756483863990974482703125/6962	57/118	51/118
7640	1623203237216200346374598125/882	13/42	5/42
7641	15437719299206155021890625/98	1/14	1/14
7642	60452205727613293390495765625/6962	31/118	25/118
7643	57371838556779495001171140625/6962	55/118	35/118
7644	263861724459879848417123125/484	9/22	3/11
7645	52751287800528797417184203125/6962	47/118	45/118
7646	52751287800528797417184203125/6962	1/2	35/118
7647	52751287800528797417184203125/6962	53/118	3/118
7648	5295434323904609989885625/144	1/3	1/12
7649	57371838556779495001171140625/6962	37/118	7/118
7650	15437719299206155021890625/64	1/2	1/8
7651	57371838556779495001171140625/6962	47/118	25/118
7652	715435720341000342724113125/882	17/42	3/14
7653	843546309044452793035873825/1058	21/46	19/46
7654	1559209649219821657210953125/256	3/8	1/16
7655	1559209649219821657210953125/256	1/8	1/16
7656	154488988932468512285673125/484	3/22	0
7657	18789920465333707706990423125/2116	11/23	7/46
7658	8374896137614219795791795625/1936	21/44	1/11
7659	15437719299206155021890625/64	1/8	0
7660	2911110566216727177782805625/1458	13/54	13/54
7661	5161956189728692674757523125/1458	19/54	5/54
7662	217637772729681918767408125/484	9/22	4/11
7663	153963264473393834203699703125/6962	7/118	1/118
7664	65687859397002635614908125/256	3/8	5/16
7665	2168391506069744760489205625/1458	5/54	1/18
7666	3360468123514652278197850625/1458	1/2	11/54
7667	281639647857001472467746630625/10082	43/142	31/142
7668	2717235472201771494683125/162	7/18	5/18
7669	2601966081308756150053658125/1458	23/54	11/54
7670	1699550099351962109572620625/1458	5/54	5/54
7671	375055516340709776862363125/1058	15/46	5/46
7672	863209314065306163320373125/1922	7/62	7/62
7673	2085821460235082475260655625/1458	13/54	7/54
7674	132924458320534059666963125/1058	1/2	17/46
7675	27667407987157032870227700625/4418	35/94	7/94
7676	793689100851992915267725625/1922	13/62	1/62
7677	3416167123722488465858125/162	7/18	5/18
7678	514098776655196538656345625/1058	17/46	17/46
7679	873543061852823622884138125/1458	23/54	5/54
7680	18643514581875625/2	1/2	1/2
7681	514098776655196538656345625/1058	5/46	1/46
7682	514098776655196538656345625/1058	15/46	13/46
7683	132924458320534059666963125/1058	21/46	3/46
7684	793689100851992915267725625/1922	11/62	7/62
7685	1567253266763280866492198125/1458	19/54	5/54
7686	2932462044257357355648125/162	1/6	1/18
7687	1961891794653062890739785625/1458	5/18	7/54
7688	863209314065306163320373125/1922	1/2	25/62
7689	375055516340709776862363125/1058	21/46	19/46
7690	1699550099351962109572620625/1458	7/54	1/54
7691	12584075174030831767066980625/2116	9/46	2/23
7692	154488988932468512285673125/484	7/22	1/11
7693	281639647857001472467746630625/10082	53/142	1/142
7694	2601966081308756150053658125/1458	1/54	1/54
7695	180011176056056495729873125/1058	13/46	5/46
7696	65687859397002635614908125/256	5/16	1/8
7697	6686292245755957625692630625/1458	7/18	1/54
7698	217637772729681918767408125/484	3/22	1/11
7699	8232450060534261261645180625/1458	17/54	11/54
7700	2784503924411078212890625/2	1/2	1/2
7701	14250073909951066918724280625/2116	9/46	1/23
7702	4972073798936534029310455625/1458	1/2	7/54
7703	3714175550000651916481510625/1458	7/18	13/54
7704	2717235472201771494683125/162	1/18	1/18
7705	87534793893584048829437868625/8978	45/134	3/134
7706	62879535058230326521283570125/8978	23/134	23/134
7707	843546309044452793035873825/1058	15/46	5/46
7708	715435720341000342724113125/882	11/42	3/14
7709	62879535058230326521283570125/8978	37/134	15/134
7710	3714175550000651916481510625/1458	1/2	23/54
7711	66255617477464169555983359125/8978	37/134	17/134
7712	5295434323904609989885625/144	5/12	1/3
7713	62879535058230326521283570125/8978	61/134	33/134
7714	76383864735165698660082726125/8978	65/134	29/134
7715	5792209683297199436207025625/1458	23/54	1/54
7716	263861724459879848417123125/484	5/22	1/11
7717	105214271533078467149474488625/8978	63/134	3/134
7718	18797312162596937476003810625/1458	1/2	7/54
7719	105214271533078467149474488625/8978	15/134	1/134
7720	1623203237216200346374598125/882	19/42	1/42
7721	424009753853601886894835484625/8978	21/134	19/134
7722	3541632835558729692690430625/1058	11/46	1/46
7723	7390060630413668246195170625/1458	7/54	1/18
7724	77401987209098502980053545625/4096	5/64	0
7725	65318782877716798482193036025/2116	19/46	6/23
7726	104561822074569615470232220625/4096	31/64	1/16
7727	441424412436441948473658063625/8978	53/134	11/134
7728	50755358906518885301767825/144	1/12	0
7729	230966803020532372451152308125/4418	43/94	7/94
7730	73664499718029397695146457725/2116	7/46	1/23
7731	497136753139366104409290030125/8978	49/134	41/134
7732	46374622770054237345501108125/4096	11/64	3/32
7733	707060342044212324546301854125/8978	61/134	57/134
7734	1721758904761965289895139725/1058	1/2	3/46
7735	656682177499558708760513187625/8978	61/134	31/134
7736	1971810643866659481166458125/882	1/2	1/42
7737	212688842129458542216995606825/4418	29/94	13/94
7738	13628959492172819224221979525/1922	17/62	17/62
7739	234543361997604862678832110625/2916	5/54	2/27
7740	49767432414122368270690625/144	1/3	1/12
7741	508903303509528615756255474625/8978	53/134	3/134
7742	13628959492172819224221979525/1922	1/2	19/62
7743	761103170735489699670859957625/8978	49/134	7/134
7744	732914037224924453391025/98	1/14	1/14
7745	542642749046071949397554180125/8978	25/134	23/134
7746	32285175735602105728096850425/1922	1/2	17/62
7747	23390094077480917423718453125/3698	39/86	21/86
7748	8634881937102414432183428125/882	13/42	13/42
7749	1338352495049203132097676025/36	1/6	0
7750	31405921579049835595229774725/882	19/42	19/42
7751	242341737434998288320514848125/2916	19/54	1/27
7752	37177595223967310391642025/256	1/2	3/16
7753	672845307324678773852230392625/8978	61/134	17/134
7754	150860316039761330264440563125/4096	5/32	9/64
7755	828383009032549562625190119625/8978	65/134	33/134
7756	5882325517204614391554915625/1024	1/2	13/32
7757	926804752679981193828183005125/8978	63/134	43/134
7758	13051930949312556131467203125/3698	1/86	1/86
7759	525133532538538259281943603125/4096	23/64	3/32
7760	15311169982272323256681025/256	1/16	0
7761	6593076781649476841793583825/1058	9/46	3/46
7762	8361374104742671435515024725/1922	25/62	25/62
7763	366987694570732272063385653125/4096	13/32	15/64
7764	36978261074870742028619425/196	3/7	5/14
7765	1168610227025601351386119180625/13778	55/166	23/166
7766	8361374104742671435515024725/1922	1/2	17/62
7767	254660096447960864597898530725/4418	45/94	7/94
7768	14769181664315780840515325/256	5/16	1/8
7769	270552971909809923200014240625/4096	7/16	15/64
7770	3020429341334327858624143325/1922	19/62	1/62
7771	288996289227461205891997209025/4418	41/94	23/94
7772	27973942607369286867503125/196	2/7	1/14
7773	13051930949312556131467203125/3698	35/86	29/86
7774	1485183488280415355898059425/1922	13/62	3/62
7775	161885000222565273792888477325/3844	5/62	1/31
7776	186343205198900425/2	1/2	1/2
7777	161885000222565273792888477325/3844	10/31	1/62
7778	1485183488280415355898059425/1922	25/62	7/62
7779	52816817766580944194500360225/1458	13/54	5/54
7780	27973942607369286867503125/196	3/7	3/14
7781	17243791984128267589748640625/3698	31/86	27/86
7782	3020429341334327858624143325/1922	21/62	13/62
7783	747751641753847027296872250625/13778	55/166	13/166
7784	14769181664315780840515325/256	3/8	5/16
7785	840256999496590989436691498125/13778	49/166	41/166
7786	6553509433446958692700965325/1922	9/62	9/62
7787	450303474868338817543420305625/13778	29/166	13/166
7788	36978261074870742028619425/196	1/7	1/14
7789	159620946166570377850898265625/3698	35/86	23/86
7790	6553509433446958692700965325/1922	1/2	21/62
7791	63568831331477505193438890625/3698	23/86	11/86
7792	15311169982272323256681025/256	1/2	1/16
7793	356598705531574670540165213125/13778	49/166	23/166
7794	6693065254551604307180115925/882	11/42	11/42
7795	513632997875754341970696683125/13778	47/166	1/166
7796	13051930949312556131467203125/3698	37/86	3/86
7797	21393298251928723018173640625/3698	35/86	5/86
7798	314397675291151632606417850625/13778	39/166	5/166
7799	314397675291151632606417850625/13778	43/166	19/166
7800	18122030902069580078125/2	1/2	1/2
7801	57159830273672525760244203125/3698	31/86	21/86
7802	6842512855395719587295640625/3698	41/86	17/86
7803	331278087387320847779916795625/13778	51/166	35/166
7804	6954678535035157646694203125/3698	37/86	37/86
7805	17602854305733061566303578125/3698	41/86	21/86
7806	11720343801816430580219265625/3698	37/86	9/86
7807	9433573854453629679179265625/3698	37/86	21/86
7808	732914037224924453391025/98	1/2	3/14
7809	6068732224839596163038890625/3698	31/86	29/86
7810	5005596652604922382652515625/3698	23/86	9/86
7811	10636381369278494804014015625/3698	27/86	15/86
7812	49767432414122368270690625/144	5/12	1/3
7813	7384494071664687475398265625/3698	33/86	21/86
7814	7780976974841314990855890625/3698	35/86	33/86
7815	5005596652604922382652515625/3698	27/86	15/86
7816	6545780238021821577314828125/3698	11/86	11/86
7817	6545780238021821577314828125/3698	35/86	7/86
7818	6789769716899746202211828125/3698	1/2	15/86
7819	5005596652604922382652515625/3698	37/86	31/86
7820	6545780238021821577314828125/3698	33/86	23/86
7821	6545780238021821577314828125/3698	41/86	25/86
7822	5005596652604922382652515625/3698	39/86	11/86
7823	6068732224839596163038890625/3698	33/86	5/86
7824	50755358906518885301767825/144	5/12	0
7825	6068732224839596163038890625/3698	9/86	1/86
7826	8947901426286710229540453125/3698	29/86	11/86
7827	5005596652604922382652515625/3698	21/86	13/86
7828	7209896095953879028224265625/3698	21/86	9/86
7829	39927227593454372591365765625/3698	17/86	11/86
7830	5005596652604922382652515625/3698	41/86	41/86
7831	14072337759210064811608015625/3698	29/86	11/86
7832	6954678535035157646694203125/3698	27/86	17/86
7833	9433573854453629679179265625/3698	29/86	25/86
7834	6068732224839596163038890625/3698	27/86	27/86
7835	6842512855395719587295640625/3698	29/86	21/86
7836	22549574133090811463517453125/3698	41/86	23/86
7837	33357901589785225497547140625/3698	17/86	1/86
7838	6842512855395719587295640625/3698	1/2	11/86
7839	16044730402658110403650765625/3698	23/86	15/86
7840	277114597783040265625/2	1/2	1/2
7841	177685157932461872608404555625/3698	41/86	7/86
7842	19474844280741663440764515625/3698	7/86	1/86
7843	82914792816139929903619083125/3698	25/86	1/86
7844	127956109046469082184932725625/3698	39/86	33/86
7845	63568831331477505193438890625/3698	25/86	5/86
7846	17067909702947188787303265625/3698	27/86	27/86
7847	16044730402658110403650765625/3698	33/86	3/86
7848	62507895112137694547987425/144	5/12	0
7849	105476168307882823381661160625/3698	31/86	11/86
7850	63568831331477505193438890625/3698	29/86	29/86
7851	19405815147269827682002390625/3698	37/86	13/86
7852	55530090601634998926277000625/3698	5/86	5/86
7853	50112520786841340494445098125/3698	21/86	15/86
7854	50112520786841340494445098125/3698	29/86	13/86
7855	50112520786841340494445098125/3698	31/86	7/86
7856	19405815147269827682002390625/3698	9/86	9/86
7857	45719778746908892967315203125/3698	39/86	3/86
7858	82617939675603291085436513125/3698	1/2	25/86
7859	17243791984128267589748640625/3698	17/86	5/86
7860	74825544736516522108144050625/3698	41/86	5/86
7861	13051930949312556131467203125/3698	33/86	17/86
7862	74825544736516522108144050625/3698	37/86	37/86
7863	101496035929730331968472623125/3698	37/86	21/86
7864	82914792816139929903619083125/3698	37/86	17/86
7865	46539053164472340853377953125/3698	35/86	21/86
7866	32125578920480813022459945325/1682	7/58	7/58
7867	82914792816139929903619083125/3698	31/86	3/86
7868	125985452309147291426774658125/5618	3/106	3/106
7869	109980602286304832025709338625/4802	39/98	9/98
7870	9074359469327763583005190625/1682	1/2	13/58
7871	119565811427152524984646013125/5618	17/106	15/106
7872	851094209849206816206025/98	1/2	1/14
7873	11714907115114871055899692025/722	7/38	3/38
7874	13051930949312556131467203125/3698	41/86	27/86
7875	60666965696606350480140625/18	1/6	1/6
7876	17243791984128267589748640625/3698	1/2	23/86
7877	95129003252260038126470185625/5618	35/106	1/106
7878	87467607017178692774002788125/5618	5/106	1/106
7879	87467607017178692774002788125/5618	21/106	3/106
7880	9947514285021977636396226725/1682	19/58	5/58
7881	5403832043532263706733428125/1682	15/58	11/58
7882	62685825411225106019292598625/4802	29/98	17/98
7883	100151977825319287032111532625/4802	47/98	23/98
7884	3762531309878779105994427725/1682	1/2	1/58
7885	109980602286304832025709338625/4802	37/98	25/98
7886	14327443872244737177195455125/1682	1/2	7/58
7887	44986298236290958437374688425/4802	1/14	1/98
7888	37041415229276425631628615625/4802	3/98	3/98
7889	62685825411225106019292598625/4802	39/98	1/98
7890	3097332404264851308249556525/1682	15/58	7/58
7891	107372750456850924171659599625/4802	27/98	9/98
7892	1325468237092819399764803125/1682	7/58	7/58
7893	41045892551360363537750628125/4802	15/98	9/98
7894	4381029607393098959034607625/1682	11/58	7/58
7895	1325468237092819399764803125/1682	21/58	11/58
7896	1728730601836195805456899225/1682	1/2	19/58
7897	1070978335570998075009960925/1682	11/58	5/58
7898	586863055822646072448915625/1682	23/58	23/58
7899	586863055822646072448915625/1682	19/58	1/58
7900	586863055822646072448915625/1682	11/58	3/58
7901	773828277146674909689278125/1682	23/58	19/58
7902	1070978335570998075009960925/1682	1/2	1/58
7903	1728730601836195805456899225/1682	15/58	7/58
7904	94911653995132486103515625/98	1/2	5/14
7905	42964442135783499631200545125/4802	17/98	1/98
7906	1325468237092819399764803125/1682	25/58	13/58
7907	107372750456850924171659599625/4802	41/98	33/98
7908	13861290397161772116289824125/1682	15/58	1/58
7909	88309228499025149355645777625/4802	43/98	3/98
7910	3097332404264851308249556525/1682	1/2	19/58
7911	69688012251463764283037453125/3698	17/86	7/86
7912	5403832043532263706733428125/1682	23/58	7/58
7913	3762531309878779105994427725/1682	21/58	13/58
7914	44986298236290958437374688425/4802	5/98	5/98
7915	62685825411225106019292598625/4802	45/98	43/98
7916	40597391091286962492264962725/4802	37/98	15/98
7917	79357851944917758142335124525/4802	29/98	15/98
7918	119785785191746984769539322125/4802	1/2	37/98
7919	71837040799725121496561591125/4802	25/98	3/98
7920	102837822420048828125/2	1/2	1/2
7921	107372750456850924171659599625/4802	43/98	23/98
7922	9947514285021977636396226725/1682	1/2	3/58
7923	122545540187766383729428596625/4802	33/98	31/98
7924	195355206426507307744890625/36	1/6	0
7925	156351206446460558551339933625/4802	33/98	27/98
7926	9074359469327763583005190625/1682	27/58	7/58
7927	32125578920480813022459945325/1682	27/58	23/58
7928	3053917510464311236103515625/256	1/2	3/16
7929	139837610532732928812268104625/4802	19/98	1/14
7930	139837610532732928812268104625/4802	3/98	3/98
7931	214400020042963078255948544125/4802	31/98	5/98
7932	224842784755036712687515625/98	1/2	3/14
7933	238166744673382912684975965625/3364	9/58	3/29
7934	187613968606049419337974754125/4802	43/98	13/98
7935	106099759991252260465506340625/4802	23/98	15/98
7936	2105955795258581144328125/98	5/14	5/14
7937	13774385026714298283823703125/256	7/16	1/8
7938	42183745675672285140625/4	1/2	0
7939	160251860245540655646175857125/4802	31/98	1/98
7940	779562264124652336962765625/98	5/14	5/14
7941	169784986970438969485924569625/4802	5/14	3/98
7942	13673589394437514312028530025/1682	11/58	11/58
7943	335276363562171624614539701625/4802	31/98	3/14
7944	224842784755036712687515625/98	1/14	1/14
7945	366187644852140478791133354125/4802	25/98	1/98
7946	169784986970438969485924569625/4802	15/98	15/98
7947	273544853158263237774830901125/4802	29/98	5/98
7948	176583260015786837113302059125/4802	15/98	9/98
7949	83983987329597088841993640625/2738	11/74	1/74
7950	39049879458984633665385578125/2738	1/2	9/74
7951	62963750889246713077332190625/1682	21/58	1/58
7952	195355206426507307744890625/36	1/2	1/3
7953	323451699548027740394419788125/5618	25/106	19/106
7954	40482902558396913799895140625/2738	25/74	21/74
7955	17711427873331813840412793925/1682	13/58	3/58
7956	243695498768358791257390625/98	1/2	5/14
7957	12431289762647720286024015625/1458	11/54	7/54
7958	12431289762647720286024015625/1458	25/54	25/54
7959	22863400926763023855899328125/2738	29/74	13/74
7960	14022241551812721161149515625/1458	25/54	25/54
7961	9505009374047549243463765625/1458	25/54	17/54
7962	7486246321152494536887390625/1458	23/54	19/54
7963	7486246321152494536887390625/1458	5/54	1/54
7964	9505009374047549243463765625/1458	19/54	11/54
7965	8375701329606256264042328125/1458	7/54	5/54
7966	8375701329606256264042328125/1458	13/54	11/54
7967	9505009374047549243463765625/1458	23/54	13/54
7968	64345029039704469195953125/144	1/2	5/12
7969	12533153953390131303328328125/1458	13/54	5/54
7970	9505009374047549243463765625/1458	5/54	5/54
7971	35540138074275195498774203125/2738	35/74	7/74
7972	28736568137307653837231265625/2738	13/74	13/74
7973	31012731950163705626318890625/2738	19/74	11/74
7974	28736568137307653837231265625/2738	17/74	7/74
7975	68911010218993501269407198125/5618	9/106	3/106
7976	22863400926763023855899328125/2738	31/74	7/74
7977	86612921100936785999163175625/5618	27/106	25/106
7978	35540138074275195498774203125/2738	1/2	33/74
7979	113610043874556853444157813125/5618	29/106	11/106
7980	187844219493768685731203125/36	1/2	1/3
7981	155301803094577717093390038125/5618	49/106	9/106
7982	142794275328571457998620370625/5618	49/106	7/106
7983	142794275328571457998620370625/5618	27/106	5/106
7984	369926358318553740605760625/256	7/16	0
7985	7135521183920437207275390625/722	9/38	3/38
7986	6349959218718187239501953125/722	1/38	1/38
7987	6349959218718187239501953125/722	15/38	9/38
7988	6349959218718187239501953125/722	17/38	13/38
7989	323451699548027740394419788125/5618	21/106	11/106
7990	7135521183920437207275390625/722	11/38	11/38
7991	32298267212363472230103188125/1058	3/46	1/46
7992	28153212672218496276188125/98	1/14	1/14
7993	16025678724542621268798828125/722	9/38	3/38
7994	10007611937272401014154873125/1058	1/2	15/46
7995	5148424638249963527513200625/1058	15/46	9/46
7996	10007611937272401014154873125/1058	3/46	3/46
7997	19333857607920425489368418125/1058	11/46	1/46
7998	84039042797229803365883125/242	5/22	3/22
7999	10719468208742964956047238125/484	3/11	3/22
8000	3476230457396718125/2	1/2	1/2
8001	111668317141524533239598125/242	7/22	1/22
8002	10007611937272401014154873125/1058	11/46	9/46
8003	10007611937272401014154873125/1058	19/46	5/46
8004	84039042797229803365883125/242	1/2	1/22
8005	530935251676052768048318108125/2116	9/23	1/46
8006	20865252269933924538031263125/1058	1/2	7/46
8007	7382923328389646599267200625/1058	15/46	7/46
8008	619314914488365251126498125/256	3/16	1/8
8009	32298267212363472230103188125/1058	13/46	5/46
8010	182048576641582016767578125/98	5/14	5/14
8011	925100975561154817599068708125/8978	35/134	25/134
8012	16846758648035203772041015625/256	3/16	0
8013	171844728794563641574940918125/1058	19/46	9/46
8014	500818626461921050651861722125/4802	41/98	41/98
8015	944085651072029532869012029625/4802	27/98	15/98
8016	32874340601421236514390625/144	1/12	0
8017	130238091725958040542225015625/1058	21/46	3/46
8018	3652041513642310366220703125/98	1/2	5/14
8019	2593005794679883603515625/18	1/6	1/6
8020	3835870516737759860928953125/324	2/9	1/6
8021	11166899656854678913437015625/1058	7/46	3/46
8022	235331086878142607041015625/64	1/2	3/8
8023	1517604193291683887581147328125/4418	13/94	5/94
8024	3953352309081464219026890625/784	3/7	11/28
8025	725079143007391613793864663125/8978	65/134	21/134
8026	354714910667835558099102390625/4096	1/2	15/64
8027	109152500192836497889247640625/1458	25/54	1/54
8028	182048576641582016767578125/98	1/2	1/14
8029	110488385450813915369656203125/1444	15/38	7/19
8030	267361421576668119155065203125/3844	4/31	1/62
8031	720400385583129947891991453125/4096	17/64	3/32
8032	21396817474046688585640625/256	1/2	7/16
8033	46220158603152850482641515625/1458	23/54	7/18
8034	62723912814721660122643953125/1444	17/38	0
8035	227405616527847689958846828125/3362	29/82	9/82
8036	4961327672945178028291890625/1024	1/32	0
8037	10566196368813896433270578125/484	5/22	2/11
8038	208459525307451773961472140625/4096	31/64	1/16
8039	62723912814721660122643953125/1444	11/38	2/19
8040	4312636518555162725663125/36	1/6	0
8041	431847131559075920470108015625/3844	15/31	25/62
8042	15602983477497459080127390625/1458	23/54	23/54
8043	188413363985439911080148140625/4418	27/94	3/94
8044	3755259067367344695447453125/1024	15/32	5/16
8045	258169696763673755120056140625/4418	29/94	5/94
8046	65240554654349464105015625/162	1/2	7/18
8047	66763082722387073532754843625/1444	5/19	3/38
8048	24484717613255604841703125/256	7/16	1/8
8049	42990546985371025477317765625/1444	5/38	1/19
8050	5575100168567261908080578125/1024	7/16	3/32
8051	10157646961860761951492328125/1458	23/54	7/18
8052	817551218803209280343890625/484	5/22	1/11
8053	52121282628281685755686140625/1444	7/19	7/38
8054	9412131588513183092667203125/1458	13/54	13/54
8055	1740984002002006254321765625/1058	15/46	7/46
8056	88159304159902780369703125/256	7/16	3/8
8057	9078958788919796080537390625/1458	19/54	5/18
8058	1124706479169437668721140625/1058	1/2	21/46
8059	12610732593070243046303078125/1058	21/46	13/46
8060	1882839107860567134759203125/1922	27/62	7/62
8061	1042159214643240408631515625/1058	21/46	17/46
8062	1815720693553686897512640625/1058	3/46	3/46
8063	1815720693553686897512640625/1058	19/46	5/46
8064	108541009552015625/2	1/2	1/2
8065	1815720693553686897512640625/1058	11/46	9/46
8066	1815720693553686897512640625/1058	1/2	15/46
8067	1042159214643240408631515625/1058	13/46	3/46
8068	1882839107860567134759203125/1922	19/62	13/62
8069	9078958788919796080537390625/1458	19/54	1/18
8070	1124706479169437668721140625/1058	5/46	5/46
8071	47822620143474948786145015625/1444	5/19	1/38
8072	88159304159902780369703125/256	7/16	1/8
8073	65240554654349464105015625/162	7/18	1/6
8074	12610732593070243046303078125/1058	11/46	11/46
8075	10157646961860761951492328125/1458	23/54	5/18
8076	817551218803209280343890625/484	9/22	3/11
8077	159455747068198895678588453125/2116	8/23	3/46
8078	5575100168567261908080578125/1024	3/32	1/16
8079	42990546985371025477317765625/1444	17/38	7/19
8080	3375368063700599636775625/36	1/6	0
8081	47414105814600968836207953125/1458	25/54	5/18
8082	431699444710820755565760625/144	5/12	0
8083	431847131559075920470108015625/3844	3/31	1/62
8084	989809493731913139077404625/484	3/22	1/11
8085	162763467608982944678351118625/4418	11/94	1/94
8086	125536399218299687081770515625/4096	3/16	5/64
8087	433100964615153380051368825625/8978	55/134	53/134
8088	5800677760544142410163125/98	1/14	1/14
8089	62723912814721660122643953125/1444	15/38	4/19
8090	2350456701151775942298048125/144	1/6	1/12
8091	68680538355235577812252206125/4418	43/94	29/94
8092	8308201614410444590138140625/1922	1/2	3/62
8093	34090846733120928346498938425/2116	4/23	3/46
8094	271099683750392063509808125/196	1/2	3/7
8095	951648313241666235242405873125/8978	29/134	25/134
8096	21396817474046688585640625/256	7/16	0
8097	33068480920074774641490798125/1922	21/62	9/62
8098	237995291585832846087368125/256	5/16	1/8
8099	20342706458024702576952960625/1922	17/62	3/62
8100	9984318503117700625/2	1/2	1/2
8101	20342706458024702576952960625/1922	25/62	13/62
8102	237995291585832846087368125/256	3/8	5/16
8103	28731451389168909825180985625/1922	25/62	7/62
8104	9779124260025224582018125/98	5/14	5/14
8105	54373804138152959548818543125/1922	17/62	13/62
8106	271099683750392063509808125/196	1/14	0
8107	11166899656854678913437015625/1058	21/46	13/46
8108	37807677376313027803935206125/4418	1/2	23/94
8109	61563384121532409127044723625/4418	27/94	15/94
8110	2350456701151775942298048125/144	5/12	1/6
8111	3138978379695440783415427825/1058	15/46	5/46
8112	5800677760544142410163125/98	1/2	3/14
8113	263568750932954342771946805625/8978	53/134	43/134
8114	145622223093227637014853798125/8978	31/134	31/134
8115	26906462678349432237771824125/2116	7/46	1/23
8116	23100584244417652635285228125/2116	1/2	1/23
8117	25507829172013572183497209525/2738	35/74	17/74
8118	431699444710820755565760625/144	1/12	0
8119	133894258817262995107617250625/8978	49/134	39/134
8120	3375368063700599636775625/36	1/2	1/3
8121	170830606077197614447649595625/8978	9/134	5/134
8122	21472085611340181127095033625/1444	1/2	3/19
8123	169078151645156920829326893125/8978	37/134	29/134
8124	98710365989369069385907608125/8978	1/2	41/134
8125	134934353508403590261470033125/8978	61/134	9/134
8126	22079563946321844784001903125/2116	15/46	7/23
8127	134934353508403590261470033125/8978	57/134	33/134
8128	233858045842755491237640625/196	3/14	0
8129	98710365989369069385907608125/8978	15/134	7/134
8130	98710365989369069385907608125/8978	27/134	9/134
8131	119675399473836836335126923125/8978	51/134	27/134
8132	6020825280346171127482252525/1458	7/54	5/54
8133	39420190653596751762061917125/4418	29/94	13/94
8134	98710365989369069385907608125/8978	49/134	33/134
8135	98710365989369069385907608125/8978	35/134	11/134
8136	6517773103153738085700625/98	1/2	1/14
8137	130157916216070719809736580625/8978	57/134	1/134
8138	611538349630545060449097125/484	2/11	1/22
8139	133894258817262995107617250625/8978	11/134	7/134
8140	14631394398160069323528856225/2738	3/74	3/74
8141	134934353508403590261470033125/8978	53/134	51/134
8142	15014103483498854453121294125/2116	2/23	3/46
8143	170830606077197614447649595625/8978	39/134	27/134
8144	2674714680302271629020116625/882	11/42	5/42
8145	32992531822036705443775349125/4418	17/94	9/94
8146	133894258817262995107617250625/8978	1/2	61/134
8147	19325424228502587986075299625/2178	9/22	19/66
8148	26127033870630223386111114625/4418	1/2	41/94
8149	277720093264925045739568110625/8978	29/134	21/134
8150	3874788546757436864221251625/1458	17/54	17/54
8151	286045516721946896136425125/1058	17/46	5/46
8152	14631394398160069323528856225/2738	17/74	5/74
8153	113110535935462568022044175625/6962	41/118	11/118
8154	27982207873278523271515454125/4418	15/94	1/94
8155	240656115020142485724065110625/8978	49/134	3/134
8156	285350250145853605045302125/484	3/22	1/11
8157	15708397286204003791993955125/2116	10/23	5/46
8158	57990680860313296295565795625/6962	47/118	17/118
8159	19253379761192648651649659525/2116	19/46	7/23
8160	1855923096107625058632625/162	5/18	5/18
8161	82298112132615395652786873125/6962	29/118	7/118
8162	2722436197522488929561828125/722	1/2	9/38
8163	19261535919223741328446880125/4418	27/94	17/94
8164	1644243644048235888151203125/722	11/38	3/38
8165	504407543855851035260934125/484	5/22	2/11
8166	193896625428970714830731125/1058	7/46	7/46
8167	3463306577190275427312800125/1458	23/54	1/54
8168	346633525344963104115434125/484	1/2	4/11
8169	20988218152858356112054798625/2116	19/46	5/23
8170	2027739084054409965214230125/1458	1/2	1/54
8171	8754786464076839764963040825/2738	23/74	1/74
8172	520229436939108899742072125/484	1/22	0
8173	18808214911222876428490129825/2116	5/23	7/46
8174	328970670550315302631845125/484	9/22	3/11
8175	2027739084054409965214230125/1458	17/54	5/18
8176	2272502494275813143968716625/1024	3/8	1/32
8177	10692747415770467464376688625/2178	19/66	17/66
8178	193896625428970714830731125/1058	19/46	17/46
8179	29833356049525337400608993125/6962	51/118	9/118
8180	346633525344963104115434125/484	7/22	1/11
8181	19261535919223741328446880125/4418	37/94	5/94
8182	4472898950609157859946104625/1458	1/2	23/54
8183	463440433694969732904716125/484	3/11	1/22
8184	1662853074520900015476125/242	1/2	5/22
8185	1465593595405662648125136625/1458	17/54	11/54
8186	1309955337486477234164945125/1458	19/54	19/54
8187	366187948948182726536146625/1058	7/46	3/46
8188	855635567259953337922767625/1458	25/54	19/54
8189	1413714176099267510138406125/1458	7/18	17/54
8190	1860419776444175264839625/242	3/22	1/22
8191	680761144754269444040742125/1458	7/18	5/54
8192	25527273812106625/2	1/2	1/2
8193	3797295160139481020015125/242	9/22	5/22
8194	825347582578185078173289125/1458	1/2	17/54
8195	855635567259953337922767625/1458	11/54	1/54
8196	1662853074520900015476125/242	7/22	3/22
8197	2340739865344688828261951125/1458	17/54	13/54
8198	1465593595405662648125136625/1458	19/54	7/54
8199	3453170692439194410010205125/1458	23/54	11/54
8200	1465593595405662648125136625/1458	23/54	23/54
8201	463440433694969732904716125/484	5/11	5/22
8202	366187948948182726536146625/1058	1/2	9/46
8203	2027739084054409965214230125/1458	1/6	1/54
8204	346633525344963104115434125/484	9/22	2/11
8205	193896625428970714830731125/1058	21/46	5/46
8206	2916077978487555578228364625/1458	25/54	25/54
8207	5907993572853999258357129625/1458	23/54	11/54
8208	1117655345169785256303625/162	5/18	5/18
8209	72950882050439150405696985625/6962	19/118	7/118
8210	328970670550315302631845125/484	5/22	1/11
8211	60053488538759300610214645625/6962	57/118	31/118
8212	6767566674321855061346201125/1444	3/38	0
8213	2027739084054409965214230125/1458	7/18	17/54
8214	15614381188956524035486524125/4418	17/94	7/94
8215	124955471234910623962233450625/6962	5/118	3/118
8216	346633525344963104115434125/484	3/22	0
8217	19261535919223741328446880125/4418	35/94	13/94
8218	3899498238566173010027365625/1458	7/54	1/18
8219	504407543855851035260934125/484	7/22	3/11
8220	193896625428970714830731125/1058	1/2	11/46
8221	78660626513494273192995188125/6962	17/118	1/118
8222	22092809615053898507478011125/4418	37/94	3/94
8223	15708397286204003791993955125/2116	9/23	3/46
8224	2504095105157424674564254625/1024	1/2	15/32
8225	14934635732836961951995775525/2738	21/74	17/74
8226	3899498238566173010027365625/1458	1/2	25/54
8227	9581679637620115267895160625/1682	11/58	5/58
8228	285350250145853605045302125/484	9/22	4/11
8229	6494964049661957329244370625/1682	15/58	5/58
8230	6494964049661957329244370625/1682	3/58	3/58
8231	3874788546757436864221251625/1458	25/54	13/54
8232	56646279122430743078125/2	1/2	1/2
8233	13725108670104489437795770625/1682	23/58	5/58
8234	14934635732836961951995775525/2738	1/2	29/74
8235	32992531822036705443775349125/4418	19/94	3/94
8236	18625062666385167880290593125/1682	23/58	23/58
8237	19325424228502587986075299625/2178	9/22	25/66
8238	27982207873278523271515454125/4418	45/94	9/94
8239	233402842605614154884133263125/6962	57/118	35/118
8240	2674714680302271629020116625/882	19/42	17/42
8241	6020825280346171127482252525/1458	13/54	11/54
8242	23660323635425804681448667625/1444	9/38	3/19
8243	50598343438099346695055977025/1444	15/38	1/19
8244	764390956572457365098306125/324	1/2	4/9
8245	1382512819226093461115473781725/10082	43/142	31/142
8246	611538349630545060449097125/484	5/11	7/22
8247	39420190653596751762061917125/4418	41/94	9/94
8248	1243382985065286294226009025/722	15/38	15/38
8249	8867750911831844266143831025/1444	6/19	11/38
8250	22556129423187964931640625/4	1/2	0
8251	417208476182205305385002951125/3362	21/82	17/82
8252	26837574096139299529218255125/4418	1/2	13/94
8253	25507829172013572183497209525/2738	5/74	3/74
8254	25927667476400357427235653125/1444	1/2	1/19
8255	134468396061264058881970065625/3362	31/82	9/82
8256	6575548139810771605953625/242	1/2	9/22
8257	69330581785385554723990915625/1444	8/19	5/38
8258	11197962830269409182794764725/1444	3/38	0
8259	77464720484877760869421982525/1444	7/19	7/38
8260	27213958201135602005102270225/1444	5/38	0
8261	82412969728460104834388153125/3362	19/82	15/82
8262	14423537038758697509765625/4	1/2	0
8263	66452111235598429674898482125/1444	9/19	13/38
8264	487368126355307484723392125/484	1/2	1/11
8265	382717742635905398356376340625/3362	35/82	5/82
8266	55341646133475265045132854125/3362	1/2	27/82
8267	19482567375350619396542928125/1444	9/19	13/38
8268	1287535468259555683249619525/722	1/2	13/38
8269	28187975400333340356690269825/1444	13/38	5/19
8270	4962686290107729359952052225/1444	1/2	2/19
8271	26906462678349432237771824125/2116	21/46	8/23
8272	25507829172013572183497209525/2738	1/2	21/74
8273	3138978379695440783415427825/1058	21/46	19/46
8274	615193782538981680731763625/1058	1/2	13/46
8275	26104550062960030681666440625/3362	19/82	15/82
8276	37807677376313027803935206125/4418	37/94	37/94
8277	913950047417404811425895725/722	3/38	1/38
8278	4787015978953473453405076925/1444	1/2	1/19
8279	53863302417022916223869835125/3362	35/82	5/82
8280	146433985497816240504701525/722	9/38	9/38
8281	18530172842619296390612965625/3362	31/82	3/82
8282	6970065014196249101056253125/1444	8/19	5/38
8283	4787015978953473453405076925/1444	15/38	4/19
8284	3948414639574762775436304325/1444	3/19	1/38
8285	139961765144321600040405325/722	17/38	13/38
8286	406941261988771485379413425/722	9/38	9/38
8287	4527998439879315109445303125/1444	9/19	9/38
8288	115446816531560342828758525/722	15/38	15/38
8289	4367715309264118114420690625/1444	5/19	5/38
8290	49350680195396633540258525/722	1/2	17/38
8291	9190616700134877133251165625/1444	3/19	3/38
8292	58022493282701312198909725/722	13/38	13/38
8293	34941722474112944915365525/722	17/38	13/38
8294	36223987519034520875562425/722	11/38	1/38
8295	34941722474112944915365525/722	15/38	9/38
8296	34941722474112944915365525/722	1/38	1/38
8297	4367715309264118114420690625/1444	11/38	1/19
8298	49350680195396633540258525/722	15/38	11/38
8299	4367715309264118114420690625/1444	7/19	9/38
8300	65200533688808691027640825/722	9/38	9/38
8301	406941261988771485379413425/722	3/38	1/38
8302	4527998439879315109445303125/1444	5/19	1/38
8303	6044917988021539470358235825/1444	13/38	1/19
8304	720547372145255932827768725/722	15/38	15/38
8305	37725464101607299561405809025/3362	13/82	11/82
8306	139961765144321600040405325/722	1/38	1/38
8307	6970065014196249101056253125/1444	7/19	3/38
8308	4787015978953473453405076925/1444	17/38	0
8309	28720606417959344969363538125/3698	39/86	9/86
8310	6763126065806276833173075725/1444	1/2	7/19
8311	39283966426352908348099487125/3362	33/82	7/82
8312	206290213146558645382535725/722	1/2	13/38
8313	24323980339068104447038312325/1444	13/38	1/19
8314	4962686290107729359952052225/1444	4/19	3/38
8315	26104550062960030681666440625/3362	39/82	7/82
8316	15684022038843056640625/2	1/2	1/2
8317	55341646133475265045132854125/3362	33/82	3/82
8318	64759685010912413961195947125/4418	35/94	5/94
8319	3282028502272492597380301325/722	9/38	5/38
8320	276389685003173828125/2	1/2	1/2
8321	62865749465452419077814941225/3362	25/82	13/82
8322	26064365361963104972196968125/3698	5/86	5/86
8323	15905263972687023848128548125/3698	41/86	11/86
8324	55341646133475265045132854125/3362	37/82	37/82
8325	779267194402848388450027223825/6962	53/118	1/118
8326	72093749386986719125934565625/3362	23/82	23/82
8327	25927667476400357427235653125/1444	7/19	13/38
8328	11197962830269409182794764725/1444	1/2	8/19
8329	52739722705916458957898440625/3362	23/82	17/82
8330	27213958201135602005102270225/1444	1/2	7/19
8331	26064365361963104972196968125/3698	31/86	11/86
8332	1114535007338313621249220525/722	13/38	13/38
8333	46736169028545759180464093125/1682	27/58	23/58
8334	25927667476400357427235653125/1444	17/38	0
8335	50438043803084037135352338125/1682	27/58	11/58
8336	31662081412854510066896988125/3698	35/86	25/86
8337	108589779028625112989375340125/3698	33/86	1/86
8338	103403641238298324235254093125/3698	1/2	3/86
8339	8867750911831844266143831025/1444	4/19	7/38
8340	5452184765627966633678619325/722	17/38	13/38
8341	30004568876281320702482700625/3698	29/86	27/86
8342	8875313045532538169397698125/3698	39/86	7/86
8343	166906704399123775219913073125/3698	39/86	27/86
8344	10126919025985664989197548125/3698	39/86	15/86
8345	159764394060509829916605060625/3698	7/86	1/86
8346	44644903045738783764258173125/3698	13/86	11/86
8347	41965399936029444495628840625/1444	8/19	1/38
8348	17346108826688317258724513125/3698	27/86	27/86
8349	969141001965273584271268380625/7396	11/43	19/86
8350	10670646222011740961771913125/3698	1/86	1/86
8351	16959756611760196699938175625/3698	15/86	9/86
8352	184197251504142633836828125/242	5/22	5/22
8353	855981834092127203155122520625/7396	15/43	27/86
8354	17720698096531620796073560625/3698	1/2	35/86
8355	10126919025985664989197548125/3698	31/86	21/86
8356	10910416673807515074482520625/3698	1/2	9/86
8357	22406685742544493450283283125/3698	27/86	23/86
8358	15140239901202565112501955625/3698	41/86	17/86
8359	20827059883630895921179863125/3698	37/86	27/86
8360	114921939165661874533015625/242	1/2	1/22
8361	7408283045855285126325723125/3698	41/86	23/86
8362	171595772178864990741078125/242	7/22	3/22
8363	317874135347733507438390625/242	9/22	5/22
8364	114921939165661874533015625/242	5/22	3/22
8365	7937314912259034721262943125/3698	25/86	3/86
8366	10929051226063737463589433125/3698	29/86	23/86
8367	7408283045855285126325723125/3698	37/86	29/86
8368	119660988203421127091078125/242	7/22	7/22
8369	4652908741669089319361035625/3698	13/86	1/86
8370	4902729345248637739192500625/3698	1/2	25/86
8371	4126737912890925390866445625/3698	37/86	7/86
8372	4126737912890925390866445625/3698	27/86	1/86
8373	3403805723771347220203710625/3698	33/86	17/86
8374	5021455968731987483270820625/3698	1/2	19/86
8375	4729181403823907199752058125/3698	19/86	1/86
8376	3403805723771347220203710625/3698	35/86	29/86
8377	4652908741669089319361035625/3698	29/86	19/86
8378	3403805723771347220203710625/3698	37/86	3/86
8379	3403805723771347220203710625/3698	41/86	27/86
8380	5291064342892094193782005625/3698	1/2	27/86
8381	4126737912890925390866445625/3698	19/86	5/86
8382	3403805723771347220203710625/3698	15/86	11/86
8383	4126737912890925390866445625/3698	21/86	17/86
8384	43887148807349261574265625/98	3/14	3/14
8385	7039729380813931549125113125/3698	15/86	7/86
8386	4652908741669089319361035625/3698	11/86	7/86
8387	8475067664278487159951708125/3698	37/86	11/86
8388	4126737912890925390866445625/3698	35/86	35/86
8389	19149712778908944571823095625/3698	23/86	11/86
8390	7853044349469056909680023125/3698	21/86	21/86
8391	19122643229545793208719963125/3698	41/86	25/86
8392	7937314912259034721262943125/3698	39/86	39/86
8393	7408283045855285126325723125/3698	11/86	5/86
8394	11725778549207221961029075625/3698	41/86	15/86
8395	19492019197000274032999710625/3698	15/86	3/86
8396	7408283045855285126325723125/3698	1/2	19/86
8397	840932215870235599162203125/162	1/6	1/18
8398	12503178232027590267837633125/3698	1/2	41/86
8399	10910416673807515074482520625/3698	23/86	5/86
8400	47552209087030578125/2	1/2	1/2
8401	67541214313675264098564265625/1058	21/46	9/46
8402	15741844426532172309940743125/3698	1/2	19/86
8403	33721896324190656141567158125/3698	39/86	9/86
8404	20307661322302660328347073125/3698	1/2	3/86
8405	10670646222011740961771913125/3698	33/86	17/86
8406	16959756611760196699938175625/3698	29/86	29/86
8407	730506672442047023139682593125/7396	20/43	7/86
8408	10126919025985664989197548125/3698	5/86	1/86
8409	8875313045532538169397698125/3698	13/86	5/86
8410	15140239901202565112501955625/3698	1/2	11/86
8411	166906704399123775219913073125/3698	19/86	13/86
8412	1763159122688343673805890625/144	1/3	1/12
8413	31646556151841191780297008125/3698	39/86	11/86
8414	10126919025985664989197548125/3698	23/86	23/86
8415	26064365361963104972196968125/3698	27/86	3/86
8416	43887148807349261574265625/98	1/2	5/14
8417	103403641238298324235254093125/3698	39/86	37/86
8418	507167052841930735810352883125/7396	39/86	1/43
8419	44644903045738783764258173125/3698	17/86	1/86
8420	8875313045532538169397698125/3698	35/86	1/86
8421	908883530340489734472018533125/7396	27/86	5/43
8422	31662081412854510066896988125/3698	1/2	1/86
8423	1147471082156057108173798953125/8978	35/134	11/134
8424	562869738097900390625/2	1/2	1/2
8425	845945834290231882668275140625/8978	57/134	13/134
8426	22199521269906694977783203125/256	7/16	3/8
8427	15905263972687023848128548125/3698	9/86	1/86
8428	44644903045738783764258173125/3698	39/86	39/86
8429	572107424120372075355368342225/5618	11/106	3/106
8430	71910146444907971676293455625/3698	27/86	27/86
8431	845945834290231882668275140625/8978	39/134	17/134
8432	462332126140084804931640625/98	1/2	1/14
8433	68601820143314213311689453125/1058	21/46	7/46
8434	15905263972687023848128548125/3698	27/86	27/86
8435	379291284484356176056846925125/3698	11/86	3/86
8436	16200607060871278553447265625/484	3/22	1/11
8437	845945834290231882668275140625/8978	37/134	21/134
8438	226305039540059918488642450625/3698	1/2	11/86
8439	28720606417959344969363538125/3698	15/86	1/86
8440	108589779028625112989375340125/3698	1/2	31/86
8441	1156384672561876610252963265625/8978	51/134	47/134
8442	420364398546066134697265625/162	1/6	1/18
8443	308790628851663643080554250625/3698	11/86	7/86
8444	94756686158736563563977207625/3698	13/86	9/86
8445	12289613380226891611220703125/1058	9/46	1/46
8446	41620691115219927028525390625/1058	19/46	5/46
8447	41620691115219927028525390625/1058	11/46	9/46
8448	3990478292353515625/2	1/2	1/2
8449	135139706350993753540244140625/1458	13/54	1/18
8450	28720606417959344969363538125/3698	1/2	21/86
8451	472368241665167099814453125/162	7/18	1/6
8452	41620691115219927028525390625/1058	1/2	15/46
8453	147295046801204361183608134625/3698	27/86	15/86
8454	12289613380226891611220703125/1058	15/46	15/46
8455	202847663545542739066103515625/1458	17/54	5/18
8456	23334819344557713145791015625/484	5/11	9/22
8457	58022202404193963004697265625/1058	21/46	1/46
8458	176356057952426044592588365625/3698	1/2	39/86
8459	557696006297529446689234169225/3698	23/86	7/86
8460	67801759698934259346765625/36	1/6	0
8461	149639123129719991837892428125/3698	25/86	17/86
8462	225069122647830836853506008825/5618	51/106	51/106
8463	317234941035006382696331947625/3698	39/86	13/86
8464	2392783017427462435673828125/256	5/16	1/8
8465	258464775364025962977806002325/5618	31/106	23/106
8466	21611248374441631477904515625/722	1/2	1/38
8467	21611248374441631477904515625/722	7/38	3/38
8468	21611248374441631477904515625/722	17/38	15/38
8469	197649534101902206983028119425/5618	33/106	15/106
8470	178351710547590174375618942325/5618	51/106	39/106
8471	176356057952426044592588365625/3698	37/86	25/86
8472	129431405154727777390704228125/3698	41/86	41/86
8473	129431405154727777390704228125/3698	27/86	15/86
8474	104580575365020044131689016325/3698	1/2	23/86
8475	90764714029502290131180653125/3698	41/86	35/86
8476	90764714029502290131180653125/3698	39/86	3/86
8477	104580575365020044131689016325/3698	17/86	5/86
8478	76425215590077017376578125/98	1/2	3/14
8479	125872586435942812950758540825/3698	37/86	31/86
8480	175270040705444815930418125/162	5/18	5/18
8481	53006592993229337436609501425/3698	13/86	3/86
8482	53006592993229337436609501425/3698	37/86	23/86
8483	53006592993229337436609501425/3698	21/86	9/86
8484	289125705511230815462438125/36	1/2	1/3
8485	54951789066375368168228198725/3698	29/86	27/86
8486	53006592993229337436609501425/3698	1/2	7/86
8487	87697802423953179665359590425/5618	39/106	35/106
8488	94377592402579064216402283025/3698	9/86	1/86
8489	104580575365020044131689016325/3698	31/86	27/86
8490	42770074779767872109828125/36	1/6	0
8491	175619141158554320002009690625/5618	51/106	39/106
8492	75531633301555050694442653025/5618	21/106	9/106
8493	75531633301555050694442653025/5618	29/106	23/106
8494	107405173755178613298024666925/5618	29/106	11/106
8495	135822025214167565370995426425/5618	39/106	5/106
8496	49225935123883777333953125/98	1/2	5/14
8497	134056986449306858644095017525/5618	19/106	9/106
8498	55254684764224835742914424025/5618	41/106	9/106
8499	69758514832646384399326017125/5618	31/106	19/106
8500	108817094572453141495765625/64	3/8	0
8501	90347419439949910290051228125/5618	43/106	15/106
8502	63633525891849760943890625/64	1/2	1/8
8503	52439159425920385513976109425/5618	39/106	9/106
8504	43992583411007034827161165625/5618	23/106	13/106
8505	701148766881440526390625/18	1/6	1/6
8506	43992583411007034827161165625/5618	43/106	11/106
8507	43992583411007034827161165625/5618	41/106	17/106
8508	63633525891849760943890625/64	1/8	0
8509	43992583411007034827161165625/5618	49/106	29/106
8510	108817094572453141495765625/64	1/2	3/8
8511	50414858361519010714337978125/5618	47/106	15/106
8512	6844726268911335742575625/242	3/22	3/22
8513	52439159425920385513976109425/5618	49/106	7/106
8514	49225935123883777333953125/98	3/14	3/14
8515	55254684764224835742914424025/5618	25/106	17/106
8516	2133813817462356604099825625/484	5/11	7/22
8517	97111042766830564124609191625/5618	47/106	31/106
8518	26553918032109550892462193125/2738	31/74	5/74
8519	2774065581632303791390163125/1058	19/46	9/46
8520	86182506203229771369100625/162	7/18	1/6
8521	99789968084536234859081169325/5618	29/106	11/106
8522	27528373739709901383928695625/2738	5/74	5/74
8523	21600855601249738290759400625/2738	21/74	17/74
8524	1535802301740422269192868125/484	2/11	1/22
8525	15547112630198856222011543125/2738	21/74	3/74
8526	2045114041933304254966470625/1058	9/46	9/46
8527	60640077626349295351666455625/2178	31/66	5/66
8528	2747246356386236527298125/242	1/22	1/22
8529	2029052676022017742510285625/484	2/11	1/22
8530	669639111075506702953623125/1058	13/46	13/46
8531	4854509965413982016924145625/1058	17/46	15/46
8532	2964850028179205757183125/242	3/22	1/22
8533	11210235779127169848123125/242	9/22	7/22
8534	4589425386085619870708125/242	9/22	7/22
8535	669639111075506702953623125/1058	17/46	7/46
8536	2747246356386236527298125/242	9/22	3/22
8537	2045114041933304254966470625/1058	19/46	13/46
8538	2029052676022017742510285625/484	5/11	7/22
8539	27528373739709901383928695625/2738	35/74	3/74
8540	93008843328238070091405625/162	7/18	5/18
8541	163645140991654947729839613125/2178	25/66	7/22
8542	1535802301740422269192868125/484	5/11	7/22
8543	27528373739709901383928695625/2738	7/74	1/74
8544	3880131451803241280823125/242	5/22	5/22
8545	56079539872912246231736625625/2116	21/46	9/23
8546	2774065581632303791390163125/1058	21/46	1/46
8547	7370084534038904160607548125/1058	3/46	1/46
8548	56079539872912246231736625625/2116	1/2	6/23
8549	36848518378602494731295448125/2738	13/74	7/74
8550	67801759698934259346765625/36	1/2	1/3
8551	178914636563325446809520275625/2116	8/23	11/46
8552	2133813817462356604099825625/484	2/11	1/22
8553	19389665613776366605556640625/722	15/38	7/38
8554	36848518378602494731295448125/2738	1/2	25/74
8555	32104200442482180773134765625/722	11/38	9/38
8556	15062564168897391669037328125/722	11/38	5/38
8557	45297860172422175051847270625/2738	11/74	9/74
8558	79576483059937258423647945625/1936	21/44	3/11
8559	304247035640006768052526431025/5618	41/106	31/106
8560	86182506203229771369100625/162	1/2	7/18
8561	283533335928606164752386400625/4418	29/94	15/94
8562	5662133858400181711193620625/1058	21/46	21/46
8563	97421425302332623056712623125/2738	35/74	19/74
8564	1107447344334572358157015625/722	1/2	17/38
8565	504134264818941729768591905525/5618	43/106	17/106
8566	23928853622060296301067203125/1444	1/2	6/19
8567	316311756267173351428962863125/4418	43/94	41/94
8568	80213391067467817095113125/144	1/2	1/12
8569	59305479106153519122230140625/1444	11/38	3/19
8570	241813049356644057795307683125/4096	5/32	9/64
8571	447842272849799899098380543125/4096	15/32	23/64
8572	97421425302332623056712623125/2738	33/74	33/74
8573	11242077727981546990547453125/1444	7/19	7/38
8574	23928853622060296301067203125/1444	11/38	1/19
8575	80912293181572945778015890625/3362	19/82	9/82
8576	733701905042419669143125/98	3/14	3/14
8577	1352187088938897741175140625/722	17/38	15/38
8578	17211322539299182560749640625/1444	17/38	0
8579	503983783648179904741284640625/6962	41/118	17/118
8580	2584700360343339398828890625/722	1/2	7/38
8581	295078588353597560807073390625/6962	51/118	27/118
8582	13416756077108952261292015625/1444	7/38	0
8583	33503981261011362786469890625/1444	3/19	1/38
8584	261524103887625057533640625/722	13/38	13/38
8585	99811514946611882018136390625/3362	29/82	7/82
8586	299109617091693880150680625/162	7/18	7/18
8587	17211322539299182560749640625/1444	11/38	2/19
8588	10021415762635178167039515625/1444	5/19	3/38
8589	6545780238021821577314828125/1444	9/19	7/38
8590	177436314838135902688140625/722	1/2	17/38
8591	70850660868838486199402515625/3362	33/82	27/82
8592	25617989800056432191798125/144	1/2	5/12
8593	6068732224839596163038890625/1444	7/38	2/19
8594	6842512855395719587295640625/1444	13/38	2/19
8595	1150851985262362798018703125/722	9/38	5/38
8596	82657877394534344609078125/722	1/2	1/38
8597	6600300010956933053232078125/1444	7/19	11/38
8598	62564249740614393433390625/722	15/38	7/38
8599	5005596652604922382652515625/1444	2/19	1/38
8600	44297315509778074182765625/722	1/2	17/38
8601	44297315509778074182765625/722	13/38	5/38
8602	45922905069769930116078125/722	9/38	7/38
8603	44297315509778074182765625/722	15/38	11/38
8604	73557927589631480982390625/722	1/2	7/38
8605	103168447822273134771661140625/6962	21/118	15/118
8606	62564249740614393433390625/722	17/38	17/38
8607	6600300010956933053232078125/1444	4/19	5/38
8608	146357526028854389995890625/722	1/2	11/38
8609	6842512855395719587295640625/1444	15/38	3/19
8610	1150851985262362798018703125/722	1/2	7/38
8611	177436314838135902688140625/722	15/38	11/38
8612	5005596652604922382652515625/1444	6/19	5/38
8613	10021415762635178167039515625/1444	8/19	9/38
8614	6545780238021821577314828125/1444	6/19	1/38
8615	172720210399086484055927078125/6962	55/118	25/118
8616	22354551608966440829785625/144	5/12	1/3
8617	22507114089852777194826453125/1444	8/19	9/38
8618	8611820440032385541326245625/1058	21/46	13/46
8619	2584700360343339398828890625/722	9/38	5/38
8620	14188019289369951164407230625/1922	23/62	3/62
8621	229604413999135988877849923125/4096	5/32	9/64
8622	6119906963837452385191870525/1058	21/46	17/46
8623	229604413999135988877849923125/4096	7/64	1/32
8624	12732053158892914517685625/256	1/2	5/16
8625	93573447439310059828993758125/1458	13/54	1/18
8626	9117177612975183982546233125/1922	23/62	17/62
8627	14196200342633632331129265625/1444	6/19	11/38
8628	1076852419528050170675970625/484	2/11	1/22
8629	23928853622060296301067203125/1444	17/38	4/19
8630	80912293181572945778015890625/3362	33/82	3/82
8631	15966529689423976209487890625/1058	3/46	1/46
8632	21315459782865665877923125/256	7/16	3/8
8633	245394672312678167885398268125/4418	29/94	27/94
8634	1450562332067532804972743125/882	19/42	17/42
8635	445048577432123128466579000125/8978	47/134	17/134
8636	1280330593345185651636258125/1922	9/62	9/62
8637	10693180434201378562317578125/1058	15/46	11/46
8638	1552259214940623312160773125/1922	5/62	3/62
8639	14079248672547298567908075625/1058	9/46	1/46
8640	125907571080338125/2	1/2	1/2
8641	14079248672547298567908075625/1058	21/46	3/46
8642	1552259214940623312160773125/1922	23/62	1/62
8643	10693180434201378562317578125/1058	19/46	13/46
8644	1280330593345185651636258125/1922	1/2	21/62
8645	479659616376464598025888802125/8978	57/134	7/134
8646	1450562332067532804972743125/882	11/42	5/42
8647	29806976728318046607965265625/1444	17/38	8/19
8648	21315459782865665877923125/256	7/16	1/8
8649	15966529689423976209487890625/1058	13/46	5/46
8650	5649577097799102321293935625/1922	23/62	9/62
8651	310089675057343556466923970125/8978	53/134	41/134
8652	1076852419528050170675970625/484	5/11	7/22
8653	310319635141186000425889392625/8978	59/134	53/134
8654	5649577097799102321293935625/1922	27/62	25/62
8655	260572483159740484542608430125/8978	49/134	35/134
8656	12732053158892914517685625/256	5/16	0
8657	137587893543256457041620485125/8978	41/134	29/134
8658	6119906963837452385191870525/1058	13/46	3/46
8659	217482428595897551362604641625/8978	65/134	7/134
8660	14188019289369951164407230625/1922	13/62	11/62
8661	220384148064862112606489449625/8978	57/134	27/134
8662	8611820440032385541326245625/1058	7/46	3/46
8663	137587893543256457041620485125/8978	25/134	17/134
8664	22354551608966440829785625/144	1/3	1/12
8665	127489699521733047350492376125/8978	29/134	1/134
8666	101433410568386147162070576625/8978	11/134	3/134
8667	299109617091693880150680625/162	5/18	1/18
8668	19438510759739543208070270625/1922	1/2	5/62
8669	93264276831334913833581671125/8978	49/134	29/134
8670	101433410568386147162070576625/8978	63/134	39/134
8671	93264276831334913833581671125/8978	63/134	55/134
8672	34294161423323571149843125/144	1/2	5/12
8673	101433410568386147162070576625/8978	65/134	27/134
8674	93264276831334913833581671125/8978	5/134	1/134
8675	117771678042488613819048387625/8978	39/134	31/134
8676	4742616221808872412750038125/484	5/22	1/11
8677	93264276831334913833581671125/8978	65/134	25/134
8678	106879499726420302714396513625/8978	51/134	51/134
8679	93264276831334913833581671125/8978	57/134	23/134
8680	1116911720900549543648778125/144	1/6	1/12
8681	159097884006394853010227556625/8978	27/134	3/134
8682	167136971351204152513646361125/8978	41/134	19/134
8683	127489699521733047350492376125/8978	45/134	31/134
8684	127489699521733047350492376125/8978	47/134	43/134
8685	202986955456434812461324813625/8978	55/134	35/134
8686	137587893543256457041620485125/8978	37/134	9/134
8687	167136971351204152513646361125/8978	53/134	29/134
8688	25617989800056432191798125/144	1/2	1/12
8689	181776706068097946894403706625/8978	21/134	11/134
8690	181911510255178000249659299125/8978	1/2	23/134
8691	277477581312007220704012818625/8978	9/134	7/134
8692	239865619717004619798223323625/8978	63/134	49/134
8693	137587893543256457041620485125/8978	49/134	11/134
8694	3837782132248218202269784225/256	1/2	1/16
8695	479659616376464598025888802125/8978	25/134	23/134
8696	137587893543256457041620485125/8978	57/134	55/134
8697	234708759573790426718058474625/8978	63/134	9/134
8698	310319635141186000425889392625/8978	1/2	27/134
8699	248668027780013963644029684125/8978	27/134	21/134
8700	12572784556268968536723765625/722	11/38	5/38
8701	234708759573790426718058474625/8978	59/134	57/134
8702	159876332438754871525961435125/6962	37/118	37/118
8703	159876332438754871525961435125/6962	25/118	15/118
8704	4796247947540283203125/2	1/2	1/2
8705	225804716949581622670687800125/6962	39/118	5/118
8706	159876332438754871525961435125/6962	57/118	43/118
8707	749434132981554490941130440625/8978	7/134	5/134
8708	48192161306180428455469435625/1682	11/58	9/58
8709	194776427706827946513350038625/6962	55/118	3/118
8710	234708759573790426718058474625/8978	17/134	3/134
8711	299456003594146406502350467625/8978	37/134	29/134
8712	5740268335345576193347225/98	1/2	1/14
8713	865259609942673200978240474125/6962	41/118	13/118
8714	123074271158157555966760122625/6962	47/118	47/118
8715	424198400330612055628050637625/8978	55/134	13/134
8716	238402206510128797215693108625/6962	17/118	3/118
8717	338627549548255674434107154125/6962	29/118	19/118
8718	139182791083948026120144531625/6962	1/2	23/118
8719	125625033254699681479024581125/6962	55/118	7/118
8720	1514430243298465454973267425/196	1/14	0
8721	175453395734549713274945946625/6962	43/118	31/118
8722	107769698578904802893173371625/6962	57/118	41/118
8723	127878605006063922475868833625/6962	39/118	15/118
8724	107704550149246004833485719125/6962	31/118	31/118
8725	72059029227315045721470952625/6962	55/118	37/118
8726	66255617477464169555983359125/6962	43/118	43/118
8727	73007782315931855625382937125/6962	55/118	13/118
8728	100718547305660965489843594625/6962	1/2	47/118
8729	113487344788131696368169516125/6962	49/118	31/118
8730	473387817123131966990809225/144	5/12	0
8731	62879535058230326521283570125/6962	51/118	13/118
8732	71319741106314934108033042625/6962	41/118	39/118
8733	62879535058230326521283570125/6962	53/118	43/118
8734	73007782315931855625382937125/6962	57/118	57/118
8735	62879535058230326521283570125/6962	49/118	29/118
8736	14982406887058837890625/2	1/2	1/2
8737	62879535058230326521283570125/6962	17/118	11/118
8738	76383864735165698660082726125/6962	1/2	13/118
8739	76383864735165698660082726125/6962	23/118	17/118
8740	62879535058230326521283570125/6962	19/118	7/118
8741	62879535058230326521283570125/6962	27/118	25/118
8742	255186613556286209841066725/196	1/2	2/7
8743	66255617477464169555983359125/6962	29/118	5/118
8744	18333832725126580808086525/98	5/14	5/14
8745	71319741106314934108033042625/6962	17/118	9/118
8746	325419834199137598070230925/256	3/16	1/8
8747	73007782315931855625382937125/6962	19/118	1/118
8748	6638094834380502025/2	1/2	1/2
8749	25773847969184907193947739225/1922	23/62	1/62
8750	325419834199137598070230925/256	3/8	3/16
8751	79402624562582821081620858625/6962	53/118	51/118
8752	18333832725126580808086525/98	1/2	1/14
8753	135453657846880348590502311125/6962	29/118	17/118
8754	255186613556286209841066725/196	3/14	0
8755	113487344788131696368169516125/6962	7/118	3/118
8756	77566725728765877241583382125/6962	49/118	49/118
8757	118167235294858776630774444625/6962	57/118	23/118
8758	83665852727016798052446139625/6962	53/118	33/118
8759	46967897503730585203017015625/3698	19/86	17/86
8760	3914101942905068845940425/64	1/2	3/8
8761	21980895606861957672485873125/1682	23/58	1/58
8762	40984725847204396005180453125/3698	39/86	15/86
8763	222662321030822209163550633125/4802	37/98	3/98
8764	8830562062258063222267193125/1682	1/2	3/58
8765	74567293970553849884467953125/3698	11/86	1/86
8766	473387817123131966990809225/144	1/12	0
8767	466321384156674569167908355625/13778	71/166	33/166
8768	1775686412843463739542113125/484	1/22	0
8769	6721293435825660565132585625/1682	3/58	1/58
8770	2542250885053229125671910625/1682	23/58	23/58
8771	534397498632101513571982568125/13778	37/166	25/166
8772	27430669656274974656935785625/4802	27/98	3/98
8773	2092792165043818451519970625/1682	19/58	13/58
8774	2059573722251919375019155625/1682	1/2	15/58
8775	2034300961754922541870060625/1682	25/58	9/58
8776	945885160561206022652958125/1682	17/58	17/58
8777	945885160561206022652958125/1682	15/58	11/58
8778	945885160561206022652958125/1682	23/58	7/58
8779	1362421745028526106023068125/1682	27/58	25/58
8780	2034300961754922541870060625/1682	11/58	11/58
8781	86512111992867227764182093125/4802	25/98	15/98
8782	2092792165043818451519970625/1682	27/58	27/58
8783	2542250885053229125671910625/1682	19/58	1/58
8784	5740268335345576193347225/98	5/14	5/14
8785	47945895981913808575622453125/3698	23/86	7/86
8786	7370172336849801340217760625/1682	1/58	1/58
8787	21980895606861957672485873125/1682	19/58	13/58
8788	6721293435825660565132585625/1682	11/58	11/58
8789	8830562062258063222267193125/1682	19/58	5/58
8790	21838576546320590572103453125/3698	25/86	15/86
8791	21838576546320590572103453125/3698	39/86	19/86
8792	27863011455650408660959578125/3698	27/86	15/86
8793	28885507288885286043013140625/3698	7/86	3/86
8794	22639992199396575547226515625/3698	41/86	17/86
8795	24433258908259670640076140625/3698	41/86	35/86
8796	9238911752998320481100358125/1682	1/2	13/58
8797	21838576546320590572103453125/3698	37/86	13/86
8798	24433258908259670640076140625/3698	29/86	1/86
8799	22639992199396575547226515625/3698	29/86	21/86
8800	1024832092392900390625/2	1/2	1/2
8801	58270143857463317392042015625/3698	41/86	19/86
8802	11967180995494468811089725625/1682	27/58	9/58
8803	21838576546320590572103453125/3698	29/86	3/86
8804	43311809886506080789808453125/3698	1/2	11/86
8805	56450660129168319026003265625/3698	13/86	9/86
8806	21838576546320590572103453125/3698	9/86	9/86
8807	29622623632137830776021515625/3698	33/86	9/86
8808	29622623632137830776021515625/3698	1/2	3/86
8809	89750536814059435090913703125/3698	15/86	13/86
8810	63344577903112404030566890625/3698	1/2	39/86
8811	47945895981913808575622453125/3698	29/86	9/86
8812	57737606485477725759122828125/3698	21/86	5/86
8813	52290857115398712144540578125/3698	23/86	11/86
8814	42787306125479439724991903125/1682	7/58	7/58
8815	168206936571497486103851515625/5618	39/106	15/106
8816	32294995289211100764173643125/1682	1/2	13/58
8817	187270340949487785569860515625/5618	21/106	13/106
8818	54972968547634590060812140625/3698	25/86	25/86
8819	40984725847204396005180453125/3698	17/86	9/86
8820	7252291790761029390625/2	1/2	1/2
8821	156263248767604173481092828125/5618	37/106	23/106
8822	84170192556190454670753265625/3698	21/86	11/86
8823	52290857115398712144540578125/3698	15/86	9/86
8824	2240674648076055516092828125/98	3/14	3/14
8825	74567293970553849884467953125/3698	25/86	23/86
8826	89750536814059435090913703125/3698	5/86	5/86
8827	169950540630460013494035265625/5618	37/106	19/106
8828	46967897503730585203017015625/3698	23/86	11/86
8829	78317347410994538900988390625/3698	41/86	27/86
8830	156263248767604173481092828125/5618	11/106	9/106
8831	77992563744726935061890640625/3698	39/86	33/86
8832	2442908722499954127420625/98	1/2	3/14
8833	54077897507135881083637063625/3698	27/86	13/86
8834	197325124356171693519920140625/5618	1/2	49/106
8835	206449985598075586861881765625/5618	29/106	21/106
8836	98845515278551778600729328125/3698	41/86	27/86
8837	213607560241954328886998453125/5618	37/106	31/106
8838	77992563744726935061890640625/3698	31/86	31/86
8839	120691393333783035380015140625/3698	25/86	15/86
8840	1931843730347550725986515625/64	1/2	3/8
8841	18899196014604581278364510125/3698	39/86	1/86
8842	266970642448340046751984515625/5618	29/106	29/106
8843	242279715979129406589951265625/5618	41/106	21/106
8844	282211448202873967361654890625/5618	1/106	1/106
8845	248014147126564422130541828125/5618	9/106	7/106
8846	452088954558994047348259578125/5618	1/2	1/106
8847	84170192556190454670753265625/3698	37/86	15/86
8848	4835513496541001900171295425/196	5/14	0
8849	1879492514265428193049890863125/5618	27/106	9/106
8850	40984725847204396005180453125/3698	23/86	23/86
8851	3356577308915403606191386255625/13778	15/166	13/166
8852	327668325765752995661518765625/5618	51/106	5/106
8853	782736896113918575574568078125/5618	47/106	45/106
8854	48192161306180428455469435625/1682	1/2	17/58
8855	470948211959431318427658078125/5618	33/106	15/106
8856	11201313728283856151543725/98	3/14	3/14
8857	607690154985424688839489530625/5618	25/106	13/106
8858	39867647067304554667498857125/3698	27/86	27/86
8859	484511575949090961096442410625/5618	51/106	39/106
8860	39867647067304554667498857125/3698	9/86	1/86
8861	314755695324591938230535580625/5618	3/106	1/106
8862	63708930277337526463498328125/3698	39/86	1/86
8863	314755695324591938230535580625/5618	41/106	5/106
8864	689884546363514394775390625/242	1/2	5/22
8865	453363707944595727543065010625/5618	27/106	17/106
8866	395610369352927481996177748125/5618	49/106	23/106
8867	697874471779883310937077600625/5618	47/106	5/106
8868	75853462705788204186594844025/1682	1/2	7/58
8869	436946239538782376166645890125/4802	31/98	29/98
8870	118879550311320539071063890625/3698	41/86	7/86
8871	419297892506399135076056665625/4802	29/98	27/98
8872	488458401439860556884765625/242	5/22	3/22
8873	436946239538782376166645890125/4802	41/98	11/98
8874	815996491324394748291015625/242	3/22	1/22
8875	1993171757497292090087890625/242	3/22	1/22
8876	527148175811334660400390625/242	9/22	1/22
8877	18899196014604581278364510125/3698	41/86	23/86
8878	27389885926019472398604465625/1682	1/2	13/58
8879	331731557833125561051000978125/4802	45/98	43/98
8880	488458401439860556884765625/242	1/2	1/22
8881	14488863662903364844630475825/1682	11/58	7/58
8882	13750577616385995935349942025/1682	3/58	3/58
8883	206542931318445349321961160725/4802	41/98	5/98
8884	12195496653191151943904178125/1682	13/58	5/58
8885	8951718314023098025026472325/1682	23/58	3/58
8886	7122170045463632735240040025/1682	11/58	3/58
8887	7122170045463632735240040025/1682	9/58	7/58
8888	7122170045463632735240040025/1682	23/58	23/58
8889	12195496653191151943904178125/1682	27/58	25/58
8890	20152181385738586666985361625/3698	25/86	17/86
8891	13750577616385995935349942025/1682	15/58	5/58
8892	901240749882983695478515625/98	1/2	1/14
8893	449972509139982196673139940625/4802	45/98	11/98
8894	14488863662903364844630475825/1682	1/2	5/58
8895	27389885926019472398604465625/1682	9/58	1/58
8896	293900267775947440381515625/144	1/12	0
8897	488860644236459490166643421625/4802	27/98	1/14
8898	25500811516299037837662979625/3698	33/86	33/86
8899	15880524912516564216324171725/3698	13/86	3/86
8900	24714333249867529364015128625/3698	33/86	9/86
8901	488860644236459490166643421625/4802	19/98	5/98
8902	154721630003673213536079825125/3698	35/86	35/86
8903	48148750680012192353254028125/1682	21/58	19/58
8904	831519174389928671181640625/98	3/14	3/14
8905	223664445129620801876432403125/3698	27/86	1/86
8906	9470037791867675908817166625/3698	1/86	1/86
8907	817433955756994244776686411625/7396	12/43	9/86
8908	2882996538922530831962890625/98	1/14	1/14
8909	49461305558459207618017457125/3698	19/86	11/86
8910	156004976611214072265625/4	1/2	0
8911	9470037791867675908817166625/3698	15/86	11/86
8912	28815230058546856343835807625/3698	1/2	11/86
8913	42159744955656373620966984125/3698	41/86	29/86
8914	8594196146377023801643324625/3698	31/86	27/86
8915	70591338385227330741534673625/3698	11/86	9/86
8916	14720751815081436808755397625/3698	1/2	27/86
8917	26700350788194793492912078625/3698	21/86	9/86
8918	11474367711355899000234228125/3698	41/86	31/86
8919	7622327674398532780776846625/3698	37/86	11/86
8920	10439929546941216832868736625/3698	41/86	41/86
8921	8594196146377023801643324625/3698	17/86	5/86
8922	5966671209905067480121798625/3698	25/86	25/86
8923	125151398585755251819858003125/3698	35/86	25/86
8924	5966671209905067480121798625/3698	31/86	17/86
8925	27178807048051847058372724625/3698	19/86	1/86
8926	7622327674398532780776846625/3698	33/86	33/86
8927	6287029395671782512611559625/3698	11/86	9/86
8928	11708241286593044393078125/98	3/14	3/14
8929	7622327674398532780776846625/3698	17/86	13/86
8930	5486133931254994931387157125/3698	35/86	7/86
8931	5486133931254994931387157125/3698	39/86	21/86
8932	5486133931254994931387157125/3698	11/86	11/86
8933	7802570043722011320159275125/3698	33/86	25/86
8934	6287029395671782512611559625/3698	29/86	7/86
8935	7174175140871916448737051625/3698	25/86	3/86
8936	7174175140871916448737051625/3698	31/86	19/86
8937	8527950764426081229978056125/3698	31/86	1/86
8938	7174175140871916448737051625/3698	39/86	39/86
8939	5486133931254994931387157125/3698	33/86	23/86
8940	8221499978955407901107424125/3698	31/86	21/86
8941	7802570043722011320159275125/3698	29/86	23/86
8942	5486133931254994931387157125/3698	19/86	15/86
8943	9274924554010847469100221625/3698	39/86	29/86
8944	5486133931254994931387157125/3698	41/86	25/86
8945	9370122555152336475732047125/3698	29/86	13/86
8946	6287029395671782512611559625/3698	31/86	31/86
8947	5966671209905067480121798625/3698	37/86	15/86
8948	10220139795183927465951199625/3698	5/86	1/86
8949	43194714808971163213924747625/3698	41/86	7/86
8950	10220139795183927465951199625/3698	23/86	23/86
8951	5966671209905067480121798625/3698	35/86	5/86
8952	27880470448474182579015625/162	1/18	1/18
8953	10439929546941216832868736625/3698	23/86	9/86
8954	15401480222715260476212294625/3698	1/2	5/86
8955	7622327674398532780776846625/3698	31/86	23/86
8956	11474367711355899000234228125/3698	17/86	17/86
8957	8594196146377023801643324625/3698	41/86	3/86
8958	41480699935534759446828125/242	9/22	5/22
8959	24685568428367332494682128325/3698	29/86	23/86
8960	1079025330252390625/2	1/2	1/2
8961	61936935520182038078140625/242	3/22	1/22
8962	13659814941248855775451576625/3698	19/86	19/86
8963	24714333249867529364015128625/3698	19/86	11/86
8964	41480699935534759446828125/242	3/22	3/22
8965	61176682168528066658820453125/1458	7/18	11/54
8966	9470037791867675908817166625/3698	33/86	17/86
8967	6132833443018254457743578125/1058	13/46	11/46
8968	6309735150768405634621890625/484	1/22	0
8969	8137341502503593865418578125/484	7/22	3/11
8970	3848295205494766391587015625/1058	11/46	11/46
8971	59194563329464440338007015625/1458	13/54	11/54
8972	25500811516299037837662979625/3698	41/86	29/86
8973	7222143056887438296540015625/1058	21/46	19/46
8974	90927731299898985673845828125/1458	7/18	7/54
8975	433957431437721815571773990125/3698	41/86	27/86
8976	31639635003324634162703125/162	5/18	5/18
8977	1555549502494241308097441757125/7396	21/43	37/86
8978	18899196014604581278364510125/3698	21/86	7/86
8979	782401222099569520090373778125/4802	31/98	1/14
8980	55423054616933368380330453125/1024	15/32	5/16
8981	350336001796238402348716203125/1936	19/44	9/22
8982	76182731524651277730963162625/3698	37/86	15/86
8983	681239125779435181233653082625/3698	35/86	1/86
8984	20152181385738586666985361625/3698	1/2	21/86
8985	30995345493347191178955078125/722	9/38	1/38
8986	39867647067304554667498857125/3698	31/86	29/86
8987	32273504070392436176025390625/722	13/38	1/38
8988	2045264582318478661614833125/144	1/2	1/12
8989	5614653940160685273936147105625/8978	63/134	15/134
8990	251562611158514915493015666625/3698	25/86	1/86
8991	2531117667764344661560650625/98	1/14	1/14
8992	57806754234388177811625625/98	3/14	3/14
8993	113380531203237260539763094025/3698	31/86	1/86
8994	4679391115178299677451263125/256	7/16	3/8
8995	2963870562808745077297879018625/7396	37/86	10/43
8996	22873783589588078733604540925/3698	39/86	15/86
8997	323142007929794766807723175625/1922	29/62	23/62
8998	2775671854959392996889368125/256	3/8	5/16
8999	158893031523490244452416368125/1922	17/62	1/62
9000	70377269448805255625/2	1/2	1/2
9001	158893031523490244452416368125/1922	23/62	3/62
9002	2775671854959392996889368125/256	5/16	1/8
9003	1272738429306246875367075858125/8978	23/134	15/134
9004	1638072489932889118066148125/256	3/8	5/16
9005	2123677397055595984442169630625/8978	45/134	25/134
9006	4679391115178299677451263125/256	7/16	1/8
9007	113380531203237260539763094025/3698	29/86	11/86
9008	57806754234388177811625625/98	1/2	5/14
9009	3007896622144922761220703125/722	13/38	7/38
9010	2129678630277792028017578125/722	11/38	11/38
9011	2129678630277792028017578125/722	15/38	13/38
9012	2129678630277792028017578125/722	9/38	3/38
9013	291765972348057507838408203125/1444	13/38	6/19
9014	3007896622144922761220703125/722	1/2	3/38
9015	2525633694113721811008955223125/8978	63/134	39/134
9016	7036419520617999519033203125/722	13/38	13/38
9017	8333352936762163059775390625/722	17/38	1/38
9018	4335523955683861234255983125/162	1/2	5/18
9019	1092527678254034928412445648125/8978	53/134	35/134
9020	8925070305052967537392578125/722	15/38	15/38
9021	1758562251164129565198327213125/8978	61/134	47/134
9022	18899196014604581278364510125/3698	37/86	29/86
9023	848626058715705884672768685625/8978	7/134	5/134
9024	3570026048025196376703125/98	5/14	5/14
9025	848626058715705884672768685625/8978	41/134	1/134
9026	1028865221628776161063445220625/8978	57/134	57/134
9027	786341577342076094972015020625/8978	65/134	15/134
9028	780280335866118833558183288125/8978	41/134	7/134
9029	758506477259170746477430418125/8978	49/134	25/134
9030	18899196014604581278364510125/3698	1/2	19/86
9031	799231657246240316758097823125/8978	37/134	29/134
9032	7679726093949658950713890625/484	5/11	9/22
9033	575243167317357680214427095625/8978	21/134	19/134
9034	697418707278566391056429310625/8978	39/134	7/134
9035	575243167317357680214427095625/8978	43/134	5/134
9036	248837162070611841353453125/144	1/2	5/12
9037	723012054334660570544738643125/8978	29/134	7/134
9038	43174409685512072160917140625/882	5/14	11/42
9039	575243167317357680214427095625/8978	59/134	1/134
9040	44352388602062111342175625/64	3/8	0
9041	799231657246240316758097823125/8978	47/134	1/134
9042	575243167317357680214427095625/8978	1/2	47/134
9043	758506477259170746477430418125/8978	63/134	53/134
9044	32201183126695846090005953125/784	1/2	13/28
9045	197981138320888037292555625/36	1/6	0
9046	913000623356907143826567775625/8978	31/134	31/134
9047	1268505290858711695405054343125/8978	9/134	3/134
9048	238501922308356008394015625/256	3/16	0
9049	1447656217809145332677075993125/8978	61/134	21/134
9050	25335155882644779496831260625/1458	19/54	19/54
9051	102427587993661502944469703125/1922	29/62	3/62
9052	23291288897602085885636515625/1024	13/32	0
9053	47061324213303933785296890625/1922	13/62	11/62
9054	29543687735328077623352770925/324	7/18	2/9
9055	47061324213303933785296890625/1922	23/62	3/62
9056	3343585936245093309265625/98	1/2	1/14
9057	102427587993661502944469703125/1922	27/62	11/62
9058	18218103508915498657496828125/882	17/42	5/42
9059	103600061015051786961004328125/1922	21/62	17/62
9060	118299634427012186872953125/144	5/12	1/6
9061	183200189611985634987910578125/1024	7/16	3/32
9062	11932418112938054642489515625/784	1/7	1/28
9063	400283202842176751946861390625/1458	19/54	13/54
9064	84685674680709752525890625/256	1/16	0
9065	20791590842154056766183265625/1922	29/62	23/62
9066	10327459950913881404568265625/882	5/14	11/42
9067	20791590842154056766183265625/1922	9/62	7/62
9068	73396978128246148711765625/196	3/14	1/7
9069	43942975574844426813942828125/1024	11/32	3/16
9070	8214510444028845995011390625/1922	29/62	5/62
9071	8854154824038486952179783125/1458	5/18	7/54
9072	1909254151628078125/2	1/2	1/2
9073	21959544946784890190989953125/784	5/14	1/28
9074	8214510444028845995011390625/1922	19/62	3/62
9075	28872148151735743907165140625/1922	23/62	9/62
9076	73396978128246148711765625/196	5/14	2/7
9077	20791590842154056766183265625/1922	11/62	3/62
9078	28716431564014357963009556125/2738	27/74	27/74
9079	20791590842154056766183265625/1922	25/62	1/62
9080	84685674680709752525890625/256	1/2	1/16
9081	13577342704200811089810985625/2738	31/74	29/74
9082	12613271032896611485800738125/2738	21/74	17/74
9083	80684476950995060605503998125/1458	25/54	11/54
9084	118299634427012186872953125/144	1/6	1/12
9085	19066663705495555703800845625/1458	23/54	1/54
9086	14182318788946602994199475625/1458	11/54	11/54
9087	11044781370774753062695983125/2738	31/74	13/74
9088	3343585936245093309265625/98	5/14	5/14
9089	35301091030922108833508562625/2738	29/74	23/74
9090	104358982462633607947980625/36	1/2	1/3
9091	21370289215489374744787230625/1458	17/54	13/54
9092	3348980840180360349788208125/1458	1/2	17/54
9093	36967176484595137106572117625/2738	23/74	21/74
9094	11044781370774753062695983125/2738	11/74	11/74
9095	5364296744005709940811200625/1458	23/54	11/54
9096	238501922308356008394015625/256	1/2	3/16
9097	24595993248016072819472095625/1458	5/18	5/54
9098	2110051512021151896687368125/1458	23/54	5/54
9099	104358982462633607947980625/98	3/14	3/14
9100	2110051512021151896687368125/1458	13/54	13/54
9101	3112848270209422105014038125/1458	5/54	1/54
9102	3112848270209422105014038125/1458	17/54	13/54
9103	2110051512021151896687368125/1458	25/54	19/54
9104	2110051512021151896687368125/1458	17/54	7/54
9105	2110051512021151896687368125/1458	11/54	1/54
9106	3230432845837692726786855625/1458	7/54	5/54
9107	5364296744005709940811200625/1458	19/54	17/54
9108	104358982462633607947980625/64	1/2	1/8
9109	2787732289604587542338785625/1458	1/6	5/54
9110	2787732289604587542338785625/1458	1/2	5/54
9111	3503847006200261406425813125/1458	23/54	13/54
9112	7391326896291062382898248125/1458	1/2	23/54
9113	11044781370774753062695983125/2738	29/74	17/74
9114	5364296744005709940811200625/1458	1/54	1/54
9115	1082968957788872679412980625/64	1/8	0
9116	56011257605057708106068144125/2738	9/74	7/74
9117	104358982462633607947980625/64	1/8	0
9118	50063159452308216979760022625/2738	29/74	27/74
9119	1443190004830652271966015758125/10082	23/142	17/142
9120	3570026048025196376703125/98	1/2	1/14
9121	14182318788946602994199475625/1458	25/54	7/54
9122	12874685976583587889651530625/2738	11/74	7/74
9123	2264694074146426678151803337125/10082	61/142	13/142
9124	149384642266344590506396945625/1458	17/54	1/18
9125	11999652760044868744047460225/64	1/8	0
9126	104358982462633607947980625/98	1/2	5/14
9127	49046648600484699883724286125/2738	33/74	9/74
9128	13577342704200811089810985625/2738	1/2	27/74
9129	79432961800969940089114800625/1458	13/54	1/54
9130	50063159452308216979760022625/2738	1/2	33/74
9131	12613271032896611485800738125/2738	27/74	1/74
9132	118391123310639248321239853125/4418	35/94	29/94
9133	761054056974740102905399583125/2916	5/18	5/27
9134	8854154824038486952179783125/1458	1/2	25/54
9135	104358982462633607947980625/36	1/6	0
9136	9275931691581737555954673625/1024	1/2	5/32
9137	132358764031445012014981977625/2738	31/74	13/74
9138	9116869140055319618930963125/144	1/2	5/12
9139	1916544828763888565007572470625/8978	25/134	23/134
9140	74840686899249008443829768125/1682	19/58	11/58
9141	123682145293727222598982080625/1682	7/58	1/58
9142	50730935414927180220314138125/1682	5/58	3/58
9143	50730935414927180220314138125/1682	27/58	1/58
9144	660651436773995391645578125/144	1/2	5/12
9145	28673435246005032795237262025/1458	5/18	11/54
9146	74840686899249008443829768125/1682	3/58	3/58
9147	118783842509817233585161008125/1682	21/58	3/58
9148	21989507906908251882325180625/2738	9/74	9/74
9149	1811463843117241118819911860625/8978	37/134	3/134
9150	102492495699351554581360984525/4418	17/94	9/94
9151	176466758425609807408065138625/3362	39/82	33/82
9152	26477171619523049949428125/144	1/2	5/12
9153	333213939972735795761880625/98	1/14	1/14
9154	134272176910548600783180742525/2738	1/2	3/74
9155	1188338867415709666394210175625/7442	25/122	19/122
9156	89610960737887165856408065625/4418	29/94	27/94
9157	1482610150553196814439820213125/8978	23/134	11/134
9158	216936432139898093075050736125/1444	3/38	0
9159	153210431715525519735024152125/4418	25/94	5/94
9160	9275931691581737555954673625/1024	1/8	3/32
9161	80757844113447583885091940625/1444	8/19	9/38
9162	1072866609294096714550043825/1058	1/2	3/46
9163	2341648382566189738962325088125/8978	29/134	13/134
9164	87081800204293355828103505925/2116	21/46	8/23
9165	2027166303238563548554829123125/7442	41/122	1/122
9166	22473773571193133812483259425/1458	11/54	11/54
9167	840532369635501959156880368125/7442	53/122	47/122
9168	1244935162140759533516229625/484	5/11	7/22
9169	54709380358948528214180542025/1458	19/54	5/18
9170	106560287202731429613469178125/2116	17/46	7/23
9171	137333703040341528052638229625/4418	35/94	31/94
9172	62920375870154158835334903125/2116	1/2	9/23
9173	408753741678628820058931176025/2116	6/23	5/46
9174	108755591425010343024343569125/4418	43/94	13/94
9175	299905468515113230377025665325/2116	11/46	3/23
9176	3233769455941321549112991325/882	19/42	1/42
9177	168440057659173184184356880525/2116	9/46	2/23
9178	15005269222002633742585302925/1458	23/54	11/54
9179	924138017426564992482536828125/4802	37/98	23/98
9180	52714368160714366996852625/162	1/2	1/18
9181	51677582899985575206148532525/1444	11/38	2/19
9182	93949602326668538534952115625/2116	4/23	5/46
9183	166982155914673881059520705125/4418	31/94	23/94
9184	132464467844784320438903125/256	7/16	1/8
9185	82267606145469600111655140625/722	17/38	3/38
9186	51265318677318573074174004025/4418	33/94	31/94
9187	20087178147703597478414240725/1458	7/54	1/54
9188	75331417488753180217132353125/4418	33/94	25/94
9189	525632634083684967531229525/1058	15/46	5/46
9190	11760886687515577798242534725/1458	1/2	7/54
9191	39412700176595199476077579225/1444	8/19	9/38
9192	896036135808317371256904125/484	2/11	1/22
9193	490715429671593629334363683125/7442	39/122	1/122
9194	62920375870154158835334903125/2116	9/46	3/23
9195	165256680139505520657305995625/6962	27/118	13/118
9196	10841957530348723802446028125/1458	19/54	5/54
9197	80277720937782892307151428125/2116	5/23	9/46
9198	387510190090891837377037825/1058	5/46	5/46
9199	13009830406543780750268290625/1458	7/18	1/54
9200	1161298423404341992775383625/882	1/2	5/42
9201	42968041665960653732689194125/4418	31/94	23/94
9202	8433789193326488640441823225/1458	17/54	17/54
9203	165256680139505520657305995625/6962	45/118	17/118
9204	771615473580825951966429125/484	9/22	4/11
9205	8433789193326488640441823225/1458	11/54	5/54
9206	98710365989369069385907608125/6962	37/118	37/118
9207	56889763658592732699573625/162	7/18	1/18
9208	1161298423404341992775383625/882	17/42	1/14
9209	58726654914217015177714803125/2116	11/23	3/46
9210	919837251578095692895384825/1058	1/2	3/46
9211	4962686290107729359952052225/1458	25/54	13/54
9212	1281306428606692635834162125/484	4/11	5/22
9213	919837251578095692895384825/1058	11/46	7/46
9214	3948414639574762775436304325/1458	19/54	1/18
9215	4051098360042948724612003525/1058	17/46	15/46
9216	63387949578377125/2	1/2	1/2
9217	3948414639574762775436304325/1458	17/54	1/6
9218	4051098360042948724612003525/1058	21/46	21/46
9219	919837251578095692895384825/1058	13/46	1/46
9220	1281306428606692635834162125/484	3/11	3/22
9221	98710365989369069385907608125/6962	51/118	45/118
9222	919837251578095692895384825/1058	19/46	19/46
9223	6331703197723654700628480425/1458	7/18	17/54
9224	1161298423404341992775383625/882	11/42	1/14
9225	387510190090891837377037825/1058	15/46	3/46
9226	7075326504468530738625690625/1458	5/54	5/54
9227	283530747763047007246884160625/6962	37/118	5/118
9228	771615473580825951966429125/484	3/22	1/11
9229	8433789193326488640441823225/1458	23/54	7/54
9230	53088896042452181720654182025/2116	8/23	15/46
9231	42968041665960653732689194125/4418	19/94	1/94
9232	1161298423404341992775383625/882	1/2	19/42
9233	612762592432282557942849323125/6962	45/118	35/118
9234	52714368160714366996852625/162	1/6	1/18
9235	80277720937782892307151428125/2116	7/23	13/46
9236	57018807712481688893630565625/4418	5/94	1/94
9237	165256680139505520657305995625/6962	35/118	33/118
9238	10841957530348723802446028125/1458	25/54	25/54
9239	70002172657746682091836045325/2116	8/23	13/46
9240	122504928897990361328125/2	1/2	1/2
9241	11760886687515577798242534725/1458	5/18	11/54
9242	191875205799560101165865350625/6962	9/118	9/118
9243	525632634083684967531229525/1058	21/46	19/46
9244	75331417488753180217132353125/4418	19/94	15/94
9245	609249876187749625917843795625/7442	17/122	1/122
9246	51265318677318573074174004025/4418	11/94	7/94
9247	15005269222002633742585302925/1458	25/54	5/54
9248	132464467844784320438903125/256	7/16	3/8
9249	166982155914673881059520705125/4418	19/94	1/94
9250	20087178147703597478414240725/1458	5/54	5/54
9251	51677582899985575206148532525/1444	15/38	4/19
9252	2055304229547089577205749925/1058	15/46	15/46
9253	54709380358948528214180542025/1458	19/54	1/18
9254	116311708602634910255252353225/4418	15/94	3/94
9255	200431309215840638461559125625/1682	15/58	1/58
9256	3233769455941321549112991325/882	13/42	5/42
9257	129482173210233332811449700625/1682	11/58	5/58
9258	108755591425010343024343569125/4418	39/94	11/94
9259	139738186929855775014336805625/1682	11/58	3/58
9260	62920375870154158835334903125/2116	5/46	0
9261	137333703040341528052638229625/4418	43/94	33/94
9262	22473773571193133812483259425/1458	17/54	13/54
9263	216936432139898093075050736125/1444	17/38	5/19
9264	1244935162140759533516229625/484	2/11	1/22
9265	763446513884821197310292440625/2916	17/54	7/27
9266	67487500302389040198762978125/1444	9/38	4/19
9267	1084983305866335171403393755625/6962	53/118	1/118
9268	54709380358948528214180542025/1458	1/2	17/54
9269	358147749254534911349343355625/1682	11/58	3/58
9270	1072866609294096714550043825/1058	19/46	19/46
9271	80757844113447583885091940625/1444	5/19	3/38
9272	9275931691581737555954673625/1024	3/8	3/32
9273	153210431715525519735024152125/4418	23/94	11/94
9274	28673435246005032795237262025/1458	11/54	1/18
9275	2917882622937626260902665148625/4802	47/98	1/14
9276	89610960737887165856408065625/4418	39/94	7/94
9277	158117035963771001784336743125/3698	19/86	3/86
9278	252557016395498917366560902125/4096	11/32	3/64
9279	363087735435423491974783264625/4418	43/94	19/94
9280	26477171619523049949428125/144	1/2	1/12
9281	176466758425609807408065138625/3362	31/82	3/82
9282	102492495699351554581360984525/4418	19/94	3/94
9283	1235681470926978638945524878125/2916	19/54	5/27
9284	88231053217352879448718293125/3698	37/86	37/86
9285	333546156157151967267688458125/3698	37/86	21/86
9286	88231053217352879448718293125/3698	41/86	5/86
9287	1410060432590280310091208841625/1444	3/19	5/38
9288	107205625135834836252026125/162	7/18	7/18
9289	362350943169562662387487757225/2738	19/74	7/74
9290	212385675873030228677879948125/3698	33/86	19/86
9291	314603999391833024168834963125/3698	35/86	23/86
9292	28673435246005032795237262025/1458	1/2	7/54
9293	103437740487874370253487638125/3698	39/86	3/86
9294	131183310395544035130336160625/3698	11/86	11/86
9295	780149191521221949072301150625/3698	19/86	13/86
9296	9275931691581737555954673625/1024	5/32	0
9297	4108294089248126443520899525/1058	15/46	7/46
9298	88231053217352879448718293125/3698	25/86	7/86
9299	284131670514341583548240153125/1444	7/38	1/19
9300	118391123310639248321239853125/4418	21/94	11/94
9301	75669219551532257433759413125/3698	35/86	13/86
9302	46255386902475064410118530625/3698	1/2	23/86
9303	46255386902475064410118530625/3698	41/86	3/86
9304	41024629839915670062142900625/3698	31/86	23/86
9305	48738897608648222230796035625/3698	11/86	3/86
9306	33837833371609275306731005625/3698	35/86	3/86
9307	33837833371609275306731005625/3698	23/86	19/86
9308	41024629839915670062142900625/3698	41/86	29/86
9309	45898843286242284326951958125/3698	15/86	7/86
9310	33837833371609275306731005625/3698	29/86	7/86
9311	41024629839915670062142900625/3698	17/86	13/86
9312	271168600858507268362063085/144	5/12	1/6
9313	95129003252260038126470185625/3698	11/86	5/86
9314	41024629839915670062142900625/3698	37/86	11/86
9315	78068499709427683396230818125/3698	41/86	5/86
9316	46255386902475064410118530625/3698	31/86	27/86
9317	105133340438854552363718830625/3698	39/86	19/86
9318	7158163510064783669050993525/722	15/38	15/38
9319	116568033812707088906700810625/3698	35/86	19/86
9320	2871029847186508853626666925/722	11/38	11/38
9321	137047895678149816181610173125/3698	25/86	17/86
9322	108462377521968826328679175625/3698	25/86	17/86
9323	103437740487874370253487638125/3698	33/86	21/86
9324	1227294784531421198042166925/722	1/2	15/38
9325	88231053217352879448718293125/3698	27/86	17/86
9326	103437740487874370253487638125/3698	1/2	5/86
9327	4005944716641759668001014725/722	17/38	15/38
9328	907423941338741140265423225/722	1/2	5/38
9329	546459721579683891099067025/722	11/38	3/38
9330	486299018286507682904674325/722	1/2	9/38
9331	486299018286507682904674325/722	13/38	11/38
9332	486299018286507682904674325/722	17/38	1/38
9333	3847293440735155324713845825/722	11/38	5/38
9334	546459721579683891099067025/722	1/2	15/38
9335	88231053217352879448718293125/3698	33/86	31/86
9336	1733988323548287525457689925/722	7/38	7/38
9337	1227294784531421198042166925/722	11/38	3/38
9338	124293479878708369448450603125/1444	9/38	0
9339	108383914454233698159048925925/1444	17/38	6/19
9340	1621462452556111217851330025/722	1/38	1/38
9341	24021170557795633250860931125/1682	23/58	3/58
9342	7158163510064783669050993525/722	11/38	5/38
9343	165932895580375484792172249425/1444	7/38	2/19
9344	39302639359387054157528125/144	1/2	5/12
9345	682875270578406196979041602625/4802	15/98	9/98
9346	22959461361870964377894702125/1682	1/2	21/58
9347	1253921983864143476543985774125/13778	81/166	57/166
9348	66255617477464169555983359125/4802	1/2	29/98
9349	1782993527657873352700826065625/13778	45/166	3/166
9350	13380577740034008281627382325/722	1/2	1/38
9351	17475362933146717469344722625/1682	21/58	7/58
9352	22959461361870964377894702125/1682	11/58	1/58
9353	1413312502751767540401199170125/13778	59/166	9/166
9354	6609852301138395726746967625/1682	13/58	13/58
9355	1087656085451218374681799815125/13778	23/166	15/166
9356	77566725728765877241583382125/4802	33/98	3/98
9357	5441259629113927973951923625/1682	25/58	17/58
9358	5570046839270470647891614125/1682	25/58	25/58
9359	817433955756994244776686411625/13778	65/166	39/166
9360	2570945560501220703125/2	1/2	1/2
9361	2738021536640786933848995125/1682	17/58	11/58
9362	2168259829594149190389088625/1682	9/58	3/58
9363	2168259829594149190389088625/1682	23/58	5/58
9364	2738021536640786933848995125/1682	19/58	7/58
9365	15694131681997812265640172625/1682	25/58	21/58
9366	5441259629113927973951923625/1682	21/58	3/58
9367	817433955756994244776686411625/13778	41/166	9/166
9368	5441259629113927973951923625/1682	15/58	15/58
9369	57150328577841089948463270125/1682	13/58	7/58
9370	6609852301138395726746967625/1682	17/58	7/58
9371	949101170107114123129978182625/13778	17/166	1/166
9372	62879535058230326521283570125/4802	43/98	17/98
9373	1520241697251218197225894257125/13778	45/166	19/166
9374	17475362933146717469344722625/1682	19/58	19/58
9375	1715347986340380571161520201625/13778	15/166	5/166
9376	681202853195793764189453125/242	9/22	9/22
9377	22959461361870964377894702125/1682	23/58	17/58
9378	1253921983864143476543985774125/13778	47/166	31/166
9379	56436827833277103958375579625/1682	23/58	17/58
9380	253189500963707486090451417125/4802	1/2	9/98
9381	682875270578406196979041602625/4802	41/98	37/98
9382	155449789876703564570935920625/3698	31/86	21/86
9383	340416793246281422891086914125/3364	11/58	5/29
9384	425007171470643027119140625/242	1/2	7/22
9385	95991845050961396638994140625/1058	13/46	3/46
9386	634599749182193013095703125/242	5/22	1/22
9387	1175570027173570663603515625/242	9/22	3/22
9388	425007171470643027119140625/242	9/22	1/22
9389	787263846972557462759277261625/4802	31/98	1/98
9390	114601669909102627895361518125/3698	1/2	9/86
9391	540294543409235652845486570125/3364	4/29	3/58
9392	442533240397267481845703125/242	5/22	5/22
9393	31114670588285618908833286625/1682	15/58	5/58
9394	67214950389415209448495943125/3698	21/86	21/86
9395	741373918851384896718517508125/5618	51/106	13/106
9396	1484722347129771062740578125/98	1/2	5/14
9397	284723201622034675375145830625/3698	35/86	23/86
9398	271793211499745394100591470625/3698	29/86	29/86
9399	67214950389415209448495943125/3698	39/86	7/86
9400	9053998317347208256088078125/256	3/16	1/8
9401	140002016267188321040817563125/3698	31/86	5/86
9402	127907804541352173501500650625/3698	39/86	39/86
9403	546299925872940329376083370625/5618	27/106	7/106
9404	155449789876703564570935920625/3698	17/86	9/86
9405	2574488389762713952167453125/162	5/18	1/6
9406	86498061005842465865982825625/3698	33/86	33/86
9407	184966167477088219769255320625/3698	35/86	29/86
9408	50820324160903578125/2	1/2	1/2
9409	146305053408221087490672453125/1058	11/46	5/46
9410	63768643515256124470542083125/3698	1/2	17/86
9411	60657394253862506087667070625/3698	33/86	3/86
9412	143883809248400354242491338125/3698	1/2	23/86
9413	67214950389415209448495943125/3698	23/86	3/86
9414	2574488389762713952167453125/162	1/2	5/18
9415	63768643515256124470542083125/3698	35/86	15/86
9416	94689674636183470244961438125/3698	27/86	7/86
9417	72279201662416307093492498125/3698	5/86	3/86
9418	48581102756706042472675285625/3698	1/2	1/86
9419	82830909934301899369914760625/3698	29/86	3/86
9420	468672147599109939440515625/64	3/8	0
9421	33507188455106931809895243125/3698	39/86	15/86
9422	32321093288554474046713110625/3698	39/86	9/86
9423	33507188455106931809895243125/3698	31/86	21/86
9424	32321093288554474046713110625/3698	25/86	17/86
9425	33507188455106931809895243125/3698	17/86	9/86
9426	32321093288554474046713110625/3698	33/86	13/86
9427	32321093288554474046713110625/3698	15/86	1/86
9428	35815265535965768538249663125/3698	35/86	13/86
9429	33507188455106931809895243125/3698	5/86	1/86
9430	32321093288554474046713110625/3698	1/2	21/86
9431	80811454509375541423864998125/3698	15/86	11/86
9432	416733722745891660789265625/98	5/14	5/14
9433	72279201662416307093492498125/3698	35/86	23/86
9434	72279201662416307093492498125/3698	19/86	19/86
9435	140263767294643879026820298125/5618	7/106	1/106
9436	63768643515256124470542083125/3698	7/86	5/86
9437	77027351906118159732947905625/3698	29/86	15/86
9438	60657394253862506087667070625/3698	17/86	11/86
9439	157948784934086196026506863125/5618	43/106	17/106
9440	360783793534091482567390625/64	1/8	0
9441	107353992510999305168178518125/5618	43/106	19/106
9442	60657394253862506087667070625/3698	1/2	25/86
9443	102609064665209280630358473125/5618	33/106	3/106
9444	384494466237903017554390625/98	1/2	5/14
9445	81256889359154170210168270625/5618	33/106	27/106
9446	77116410920471155167611925625/5618	27/106	27/106
9447	111075931325816251021239195625/5618	31/106	9/106
9448	1333097599597778256699640625/98	1/2	3/14
9449	81256889359154170210168270625/5618	31/106	3/106
9450	72136701185025387015625/4	1/2	0
9451	77116410920471155167611925625/5618	49/106	45/106
9452	1333097599597778256699640625/98	1/14	1/14
9453	97380577293733648496327468125/5618	41/106	29/106
9454	77116410920471155167611925625/5618	23/106	9/106
9455	88374281127839207016898338125/5618	21/106	17/106
9456	384494466237903017554390625/98	3/14	3/14
9457	77116410920471155167611925625/5618	39/106	19/106
9458	97380577293733648496327468125/5618	31/106	17/106
9459	88374281127839207016898338125/5618	51/106	39/106
9460	360783793534091482567390625/64	1/2	1/8
9461	117087952770834108078444333125/5618	41/106	23/106
9462	81256889359154170210168270625/5618	1/2	49/106
9463	102609064665209280630358473125/5618	39/106	1/106
9464	107353992510999305168178518125/5618	1/2	39/106
9465	157948784934086196026506863125/5618	19/106	9/106
9466	134181084562196751593545695625/5618	1/2	15/106
9467	111075931325816251021239195625/5618	29/106	25/106
9468	416733722745891660789265625/98	1/2	1/14
9469	312896096272667114752137588125/5618	21/106	15/106
9470	181540036864871231791349470625/5618	13/106	5/106
9471	128967356505813499507881750625/5618	43/106	13/106
9472	14236261175948008535658125/98	1/14	1/14
9473	128967356505813499507881750625/5618	33/106	9/106
9474	181540036864871231791349470625/5618	37/106	37/106
9475	155449789876703564570935920625/3698	19/86	3/86
9476	168649620046063807048768443125/5618	47/106	13/106
9477	64825144866997090087890625/18	1/6	1/6
9478	168649620046063807048768443125/5618	1/2	29/106
9479	320244784132413296530807493125/5618	33/106	5/106
9480	468672147599109939440515625/64	1/2	3/8
9481	170387529398191557743989758125/5618	17/106	5/106
9482	194025105730888652459918973125/5618	27/106	27/106
9483	327365279915333802139519673125/5618	31/106	5/106
9484	465509922582267514285870030625/5618	39/106	39/106
9485	3690719436328179806685483578125/8978	27/134	19/134
9486	222814461520712037049832760625/5618	1/2	31/106
9487	253725138263469776293740195625/5618	33/106	19/106
9488	2041968512914006921181640625/256	7/16	0
9489	907974799492145547666498970625/5618	49/106	43/106
9490	287696410666814729671428520625/5618	41/106	9/106
9491	3690719436328179806685483578125/8978	65/134	9/134
9492	5726063424427879310908203125/144	1/6	1/12
9493	638524357854660980410746293125/5618	47/106	31/106
9494	301000290928863965725598625625/5618	1/2	9/106
9495	571562350190764159636249075625/5618	35/106	19/106
9496	1825122299153227425126953125/256	1/8	1/16
9497	342984058745365719953113350625/5618	17/106	13/106
9498	724201309609568112621182138125/5618	23/106	23/106
9499	5189938013788405085593420953125/8978	49/134	15/134
9500	4562384371332548347158203125/256	7/16	3/8
9501	380095257888273474967361768125/5618	11/106	5/106
9502	377149924622963335680516655625/5618	1/2	39/106
9503	1260232674959657975322701995625/5618	37/106	11/106
9504	32250914723447265625/2	1/2	1/2
9505	956791511235998747331634795625/5618	29/106	3/106
9506	177036863017863060237314453125/1922	29/62	1/62
9507	1090248455199958985218625943125/3698	17/86	15/86
9508	4562384371332548347158203125/256	7/16	1/8
9509	3511816466346070673820395640625/2916	4/27	1/18
9510	156531200310784280369106265625/1458	1/2	23/54
9511	585090453153859169331781598125/5618	7/106	3/106
9512	1825122299153227425126953125/256	3/8	1/16
9513	1084891630337450233886014578125/4418	15/94	11/94
9514	174764010361491703183478078125/1936	5/22	3/44
9515	199008728561929858538411453125/1936	17/44	1/22
9516	5726063424427879310908203125/144	5/12	1/6
9517	19424371161481688016184578125/1058	13/46	11/46
9518	174764010361491703183478078125/1936	9/22	7/44
9519	4981167470691135128350145485625/5618	41/106	31/106
9520	2743752405248592356204828125/484	1/2	1/11
9521	137461409409978073623631390625/1458	7/18	11/54
9522	1866217106074175774498337175625/5618	31/106	23/106
9523	666259070932429227504976733125/5618	25/106	21/106
9524	770104421534874000219606203125/4418	23/94	23/94
9525	197841637340804648807145765625/2116	11/23	15/46
9526	77807406864424434052199703125/1458	1/2	1/54
9527	4041981517357577870755290015625/10082	19/142	15/142
9528	2549561086789055751572265625/144	1/12	0
9529	575858897518934600447617203125/2116	5/23	7/46
9530	3372893084159097609856890625/484	5/22	2/11
9531	256264671186411390736772703125/2116	11/23	5/46
9532	37257582180359969848281265625/1458	1/2	25/54
9533	77807406864424434052199703125/1458	17/54	1/18
9534	110397819731609223920009515625/2116	1/2	7/23
9535	761370488665973934820003953125/2116	7/23	1/46
9536	6931959921860592638703125/242	1/2	9/22
9537	2411714306902492673587099758125/5618	11/106	5/106
9538	37257582180359969848281265625/1458	7/54	1/18
9539	115502921222088263176426140625/2116	9/23	15/46
9540	2743752405248592356204828125/484	3/11	1/22
9541	504249500936269157904908328125/2116	4/23	5/46
9542	28491092255569388707509203125/1458	25/54	13/54
9543	134107418600142748520280015625/2116	11/23	5/46
9544	4160722125714507270553390625/484	9/22	4/11
9545	82603073743567267433604953125/2738	31/74	13/74
9546	25465489538163789906711765625/1458	7/54	7/54
9547	19497491192830865050136828125/1458	13/54	11/54
9548	2953465964885427440755515625/484	9/22	2/11
9549	14909846206282426214810515625/1458	7/18	17/54
9550	27775337766741242909146703125/2738	1/2	25/74
9551	80760821145942318169671390625/2116	21/46	9/23
9552	3407485808444467244828125/242	1/22	1/22
9553	10958665791744397921572015625/1458	25/54	5/54
9554	10776423495629872412684828125/1458	23/54	23/54
9555	8227265069807243633872765625/1458	7/18	1/54
9556	3812335607467572264015625/242	7/22	3/22
9557	21558145729090711246390625/242	7/22	5/22
9558	7781342541269428319703125/242	5/22	3/22
9559	6291437994558480425902703125/1458	25/54	19/54
9560	3407485808444467244828125/242	9/22	3/22
9561	10958665791744397921572015625/1458	13/54	7/54
9562	10958665791744397921572015625/1458	1/54	1/54
9563	16987657405249811300941578125/1458	25/54	7/18
9564	27775337766741242909146703125/2738	17/74	15/74
9565	622583040432571556873984815925/5618	51/106	5/106
9566	2953465964885427440755515625/484	7/22	1/11
9567	25465489538163789906711765625/1458	23/54	1/54
9568	4282803263824697362765625/242	1/2	1/22
9569	107845268986369704291801203125/2116	15/46	3/23
9570	19497491192830865050136828125/1458	7/54	5/54
9571	4160722125714507270553390625/484	3/22	1/11
9572	107845268986369704291801203125/2116	13/46	0
9573	80925853972124277231907390625/2738	35/74	21/74
9574	28491092255569388707509203125/1458	17/54	17/54
9575	516213009761583244555012526725/5618	25/106	13/106
9576	67076026207048224424930625/162	1/2	5/18
9577	115502921222088263176426140625/2116	4/23	5/46
9578	80925853972124277231907390625/2738	1/2	1/74
9579	713471075532217039629311066425/5618	51/106	25/106
9580	38336884819248237877192110625/882	11/42	5/42
9581	37257582180359969848281265625/1458	5/18	7/54
9582	15310943280601369188664833125/1058	9/46	9/46
9583	975295323433948063346489439425/5618	25/106	23/106
9584	102105924916630500006318125/144	1/6	1/12
9585	9645964726711124905330030625/1058	17/46	3/46
9586	289656959084204183588417868125/2738	9/74	9/74
9587	77807406864424434052199703125/1458	17/54	5/18
9588	6700447210248036979752955625/484	5/22	1/11
9589	553364706136381697559769113125/4418	45/94	17/94
9590	163588645285897699539572785625/2738	35/74	23/74
9591	8158385835648904750164473125/1058	17/46	11/46
9592	797327221520523704121288125/256	5/16	1/8
9593	105476168307882823381661160625/1458	19/54	11/54
9594	59106597350765267067513125/162	1/6	1/18
9595	68665693462178750792088138125/1458	7/18	5/54
9596	12727992369137433830972213125/1922	29/62	19/62
9597	1728017958166942775670520625/1058	11/46	5/46
9598	6683284096517555002532493125/1058	21/46	9/46
9599	6683284096517555002532493125/1058	17/46	7/46
9600	733737224571625625/2	1/2	1/2
9601	7902948410019381585984430625/484	3/11	1/22
9602	6683284096517555002532493125/1058	13/46	13/46
9603	66418753724055815570710625/162	7/18	1/6
9604	6683284096517555002532493125/1058	1/2	19/46
9605	185551766156682801290242660625/2116	6/23	9/46
9606	1728017958166942775670520625/1058	1/2	13/46
9607	169591898323912294018089218125/2738	27/74	25/74
9608	797327221520523704121288125/256	3/8	5/16
9609	8158385835648904750164473125/1058	15/46	1/46
9610	163588645285897699539572785625/2738	27/74	27/74
9611	289656959084204183588417868125/2738	17/74	13/74
9612	59106597350765267067513125/162	1/2	1/18
9613	273505690887894517622276890625/1458	19/54	1/18
9614	982972685526312679478113770625/8978	23/134	9/134
9615	243387984449750235900339998125/2738	19/74	5/74
9616	102105924916630500006318125/144	5/12	1/6
9617	1241272077343445938319077973125/8978	29/134	11/134
9618	15310943280601369188664833125/1058	1/2	1/46
9619	982972685526312679478113770625/8978	41/134	1/134
9620	56163442913414605429333830625/1922	25/62	25/62
9621	1083148245834726710507730460625/8978	65/134	29/134
9622	437673969467920244147189343125/8978	59/134	49/134
9623	939526378983713224031567305625/8978	57/134	33/134
9624	542825423399598791258275625/144	5/12	1/3
9625	437673969467920244147189343125/8978	65/134	7/134
9626	670067227592479665818263330625/8978	59/134	37/134
9627	55642208507551317295391710625/1058	11/46	1/46
9628	56163442913414605429333830625/1922	1/2	17/62
9629	530631272717744012815618938125/8978	23/134	3/134
9630	4386774894958457966421250625/162	1/2	7/18
9631	331278087387320847779916795625/8978	63/134	57/134
9632	144642486124555614838930625/256	1/2	1/16
9633	331278087387320847779916795625/8978	55/134	21/134
9634	314397675291151632606417850625/8978	37/134	13/134
9635	360295146136575228607354763125/8978	65/134	43/134
9636	314397675291151632606417850625/8978	55/134	11/134
9637	314397675291151632606417850625/8978	45/134	7/134
9638	314397675291151632606417850625/8978	1/2	59/134
9639	314397675291151632606417850625/8978	39/134	33/134
9640	4397207128012134587175025625/144	1/3	1/12
9641	314397675291151632606417850625/8978	43/134	15/134
9642	19697199297788896797971890625/722	1/2	13/38
9643	331278087387320847779916795625/8978	43/134	3/134
9644	381919323675828493300413630625/8978	61/134	13/134
9645	50847195595366079507705453125/1444	7/19	9/38
9646	418329263635083990262230698125/8978	57/134	1/134
9647	888360220617346718084575525625/8978	35/134	5/134
9648	5283638551077290637520625/98	3/14	3/14
9649	40455068028429946469634265625/1444	17/38	7/19
9650	670067227592479665818263330625/8978	65/134	25/134
9651	939526378983713224031567305625/8978	19/134	15/134
9652	437673969467920244147189343125/8978	21/134	9/134
9653	939526378983713224031567305625/8978	7/134	1/134
9654	49047294866326572268494640625/1444	13/38	0
9655	49047294866326572268494640625/1444	6/19	5/38
9656	69294324444736442962838890625/1444	1/2	2/19
9657	34850325070981245505281265625/1444	6/19	11/38
9658	3848532483903016647960015625/722	1/2	15/38
9659	97412836876753096982714640625/1444	5/19	3/38
9660	7382657501488278000284515625/722	7/38	7/38
9661	360468746934933595629672828125/3362	27/82	25/82
9662	22639992199396575547226515625/1444	7/38	0
9663	156617832554805357858976140625/1444	9/19	9/38
9664	1580880389897027120766450625/196	1/2	1/7
9665	61935635123171510966785203125/1444	3/19	1/38
9666	4169480143327576694461203125/722	9/38	3/38
9667	24433258908259670640076140625/1444	3/38	1/19
9668	668038255008285768725828125/722	11/38	11/38
9669	24433258908259670640076140625/1444	7/19	11/38
9670	21838576546320590572103453125/1444	6/19	5/38
9671	505642215116768786273140625/722	7/38	5/38
9672	714398617150744695722515625/722	1/38	1/38
9673	92650864213096481953064828125/3362	25/82	17/82
9674	225139964395057634763953125/722	1/2	13/38
9675	2240967754389069970126890625/722	9/38	3/38
9676	200353913268996243780765625/722	11/38	3/38
9677	200353913268996243780765625/722	9/38	7/38
9678	200353913268996243780765625/722	1/2	15/38
9679	225139964395057634763953125/722	7/38	5/38
9680	13096428087158326590689425/36	1/6	0
9681	2333378795807175948276453125/722	15/38	11/38
9682	22639992199396575547226515625/1444	17/38	4/19
9683	92650864213096481953064828125/3362	29/82	27/82
9684	505642215116768786273140625/722	1/2	13/38
9685	21838576546320590572103453125/1444	7/19	7/38
9686	21838576546320590572103453125/1444	1/2	3/19
9687	24433258908259670640076140625/1444	17/38	8/19
9688	1182856726757790397835640625/722	7/38	7/38
9689	22639992199396575547226515625/1444	5/19	5/38
9690	4169480143327576694461203125/722	11/38	11/38
9691	465959455787032672012128953125/3362	21/82	3/82
9692	3848532483903016647960015625/722	11/38	3/38
9693	560332606621629450632263703125/3362	33/82	3/82
9694	87476103215201000025253328125/1444	7/19	7/38
9695	40455068028429946469634265625/1444	9/19	3/38
9696	3878559686044308238748125/98	1/2	3/14
9697	34850325070981245505281265625/1444	4/19	7/38
9698	263698613529582294789492203125/3362	29/82	25/82
9699	2766898384927203272291448475625/4418	29/94	15/94
9700	4026499303967896030524640625/722	1/2	17/38
9701	2950681430938328316898766800625/4096	15/64	1/16
9702	288651108001909735970005625/144	5/12	1/3
9703	143123730043198175081078783125/1024	5/16	7/32
9704	40455068028429946469634265625/1444	5/38	1/19
9705	19697199297788896797971890625/722	7/38	5/38
9706	28743470087824976192438094625/1444	11/38	0
9707	634892443108639487860379890625/3698	29/86	3/86
9708	181267835880439663766913125/196	1/2	3/7
9709	371487827819046590469868578125/3362	19/82	9/82
9710	65607686512589908404540818125/1922	9/62	5/62
9711	626002102279053911041294490125/3362	7/82	1/82
9712	6307245824513310529230625/98	1/2	5/14
9713	48235069241077838010750308125/1024	5/32	1/16
9714	155601593631881835268943125/196	5/14	2/7
9715	2622101491240215884277615128125/8978	49/134	3/134
9716	125334798527450433738318125/256	3/16	1/8
9717	31208633144383651338670998125/1922	29/62	5/62
9718	229386329380428152313525625/196	3/7	5/14
9719	16490833045854344692559500625/1922	17/62	1/62
9720	3131176808670048125/2	1/2	1/2
9721	16490833045854344692559500625/1922	13/62	11/62
9722	229386329380428152313525625/196	1/7	1/14
9723	31208633144383651338670998125/1922	19/62	3/62
9724	125334798527450433738318125/256	3/8	3/16
9725	371269283340346274907973015625/3698	29/86	9/86
9726	155601593631881835268943125/196	3/14	1/7
9727	48235069241077838010750308125/1024	7/16	5/32
9728	119906198688507080078125/2	1/2	1/2
9729	532131212821877548510892828125/3362	31/82	3/82
9730	28743470087824976192438094625/1444	9/19	5/38
9731	1671814604343467710560983290625/8978	59/134	47/134
9732	181267835880439663766913125/196	1/14	0
9733	1354420273136827324822557619625/8978	61/134	43/134
9734	238842023040604928443982640625/3698	1/2	29/86
9735	408433992063519670534384515625/3698	31/86	9/86
9736	14486817824657604441895335625/484	5/11	5/22
9737	143123730043198175081078783125/1024	7/32	3/16
9738	288651108001909735970005625/144	1/3	1/12
9739	990817515247746163796367654625/8978	57/134	35/134
9740	37711873308367026970481912125/1444	1/2	4/19
9741	238842023040604928443982640625/3698	25/86	1/86
9742	187961639556587601841659745625/1922	17/62	17/62
9743	990817515247746163796367654625/8978	47/134	11/134
9744	3878559686044308238748125/98	1/14	1/14
9745	998514215962186567934878245125/8978	51/134	39/134
9746	1195962251343174329918949378125/8978	29/134	29/134
9747	728111115466138185074268990625/8978	29/134	27/134
9748	884483972479000077170756290625/8978	61/134	29/134
9749	845390758225784604146634465625/8978	43/134	25/134
9750	674671767542017951307350165625/8978	13/134	9/134
9751	273709471659671341355512953125/3698	13/86	1/86
9752	730456708321331113455716300125/8978	33/134	9/134
9753	669471294086314975538086253125/8978	25/134	15/134
9754	629704058897699235737686465625/8978	57/134	57/134
9755	620335786263466169994006528125/8978	19/134	15/134
9756	401046229701768394223813125/144	1/2	5/12
9757	493551829946845346929538040625/8978	17/134	3/134
9758	37711873308367026970481912125/1444	7/19	1/38
9759	540932805621742500234773692525/8978	49/134	1/134
9760	13096428087158326590689425/36	1/2	1/3
9761	674671767542017951307350165625/8978	63/134	57/134
9762	493551829946845346929538040625/8978	37/134	1/134
9763	809425001112826368964442386625/8978	51/134	17/134
9764	217632711099539678459927515625/3698	15/86	7/86
9765	669471294086314975538086253125/8978	27/134	11/134
9766	172628392890734255211987453125/3698	29/86	29/86
9767	96447453472434951367394941625/3362	25/82	23/82
9768	18568790410718789929628149625/1444	17/38	3/19
9769	32731003510413412196013321625/1444	7/19	3/38
9770	127266187459592407127085640625/3698	37/86	21/86
9771	172628392890734255211987453125/3698	41/86	1/86
9772	127266187459592407127085640625/3698	9/86	3/86
9773	142386922603306356488719578125/3698	29/86	3/86
9774	2171181312523366823901333125/144	5/12	1/6
9775	127266187459592407127085640625/3698	39/86	17/86
9776	21144807577523708763796216625/1444	11/38	0
9777	217101143313422341569734328125/3698	23/86	3/86
9778	134002214116568914731690317125/3362	1/2	23/82
9779	127266187459592407127085640625/3698	27/86	7/86
9780	13364798193702058993936184125/1444	1/2	6/19
9781	197829618130257504148044015625/3698	9/86	1/86
9782	144421316339552854638223513625/3362	1/2	9/82
9783	172628392890734255211987453125/3698	15/86	9/86
9784	745239086438176363947862325/722	1/2	3/38
9785	21144807577523708763796216625/1444	9/19	5/38
9786	230764222556566671225931335125/3362	23/82	19/82
9787	317788931114516863699700560025/6962	51/118	9/118
9788	332484373015766198437258967425/6962	57/118	21/118
9789	273709471659671341355512953125/3698	29/86	19/86
9790	40453492496368798690785955325/1444	3/19	3/38
9791	408388766281379024156989572625/6962	49/118	43/118
9792	17376570432891845703125/2	1/2	1/2
9793	12128747493706492844207982125/1444	9/19	13/38
9794	21920763818900725599164885125/1444	1/2	8/19
9795	78457254897265737640834227125/3362	9/82	5/82
9796	19334513726624719411262300125/1444	1/2	7/19
9797	845705572622287647932752281425/6962	51/118	9/118
9798	47918827117772043450761953625/1444	6/19	3/38
9799	860991575387278883112017415625/7442	53/122	37/122
9800	164842632325135830203125/2	1/2	1/2
9801	293464868790189324504132025/98	1/14	1/14
9802	109393420381486622691877484125/3362	31/82	29/82
9803	19334513726624719411262300125/1444	2/19	3/38
9804	3990777356370116031791807125/722	7/38	7/38
9805	11945527589061132375111102625/1444	9/19	3/38
9806	9059359849422201063003722125/1444	15/38	0
9807	463659260150688538840546718725/6962	53/118	29/118
9808	84453987755655475549687798625/3362	3/82	3/82
9809	235086845670259658716798865825/6962	57/118	17/118
9810	10840738910304033427123948625/1444	5/38	0
9811	224521144741259224617167456125/6962	55/118	23/118
9812	125670470233673438168061903625/3362	1/2	19/82
9813	3494514887184194867216660125/722	7/38	5/38
9814	16871518347436857065878567625/1444	1/38	0
9815	21837726037862802833079144025/1444	9/19	3/38
9816	235541887423465068398029025/722	5/38	5/38
9817	163486791151398848955337282325/6962	39/118	31/118
9818	6927745767205212577591081625/1444	17/38	7/19
9819	10983471675848155271075309125/1444	9/38	4/19
9820	5486133931254994931387157125/1444	17/38	2/19
9821	225131196266626833330712825/722	3/38	1/38
9822	1261333775847549626628498625/722	1/2	17/38
9823	7499394089513708667676022125/1444	6/19	1/38
9824	127623762697161028076416625/722	1/38	1/38
9825	7233928812008798626342357625/1444	5/38	2/19
9826	86588921641010320511812625/722	1/2	13/38
9827	129579570464775057273206392625/6962	53/118	5/118
9828	64142512858158651416644625/722	11/38	11/38
9829	48549857798716769304311125/722	7/38	5/38
9830	40044773220839379061220125/722	9/38	9/38
9831	40044773220839379061220125/722	3/38	1/38
9832	48549857798716769304311125/722	1/2	13/38
9833	5486133931254994931387157125/1444	8/19	7/38
9834	86588921641010320511812625/722	7/38	5/38
9835	7233928812008798626342357625/1444	15/38	7/19
9836	90593033624409641691549625/722	1/2	3/38
9837	1261333775847549626628498625/722	15/38	11/38
9838	7499394089513708667676022125/1444	9/19	7/38
9839	8399125399178001089645824625/1444	7/19	7/38
9840	18803095220900509483891225/36	1/2	1/3
9841	140929605833952434552611332125/6962	57/118	27/118
9842	225131196266626833330712825/722	9/38	9/38
9843	6927745767205212577591081625/1444	5/38	1/19
9844	10983471675848155271075309125/1444	11/38	5/19
9845	36480363149955780455259379325/1444	15/38	1/19
9846	371173632340770211454280025/98	1/2	5/14
9847	261868222994718510273593346025/6962	25/118	3/118
9848	268991622915554782253370425/722	1/2	1/38
9849	36720363462068453613971000125/1444	8/19	1/38
9850	10840738910304033427123948625/1444	1/2	7/19
9851	249535907577548806134440248625/6962	39/118	27/118
9852	3494514887184194867216660125/722	1/2	13/38
9853	332484373015766198437258967425/6962	39/118	35/118
9854	14601556463186371125076587425/1444	9/38	0
9855	131628169832751360178648225/98	1/14	1/14
9856	1868394270621455078125/2	1/2	1/2
9857	109393420381486622691877484125/3362	23/82	17/82
9858	19334513726624719411262300125/1444	8/19	15/38
9859	21920763818900725599164885125/1444	9/38	1/19
9860	206446823862715334812214232425/6962	37/118	37/118
9861	441546142495125746778228888125/4802	3/14	15/98
9862	125670470233673438168061903625/3362	23/82	23/82
9863	21307152445446124771515405625/1682	15/58	5/58
9864	20976644343341742276004395625/1682	21/58	15/58
9865	40453492496368798690785955325/1444	8/19	13/38
9866	20221437671155876375514620625/1682	1/2	21/58
9867	292062669952733190639184298125/4802	25/98	3/98
9868	668012238102614046440311825/722	1/2	5/38
9869	11674555200899268854935825625/1682	17/58	15/58
9870	8150161177986282030804255625/1682	1/2	23/58
9871	313429127056125530096462993125/4802	41/98	5/14
9872	6220748391720048367958505625/1682	15/58	15/58
9873	4342786613087580936121975625/1682	21/58	17/58
9874	4342786613087580936121975625/1682	5/58	3/58
9875	4342786613087580936121975625/1682	27/58	1/58
9876	4342786613087580936121975625/1682	1/2	11/58
9877	11739222981136204392993285625/1682	15/58	13/58
9878	8150161177986282030804255625/1682	25/58	7/58
9879	303739604880066690179354648125/4802	31/98	1/14
9880	11674555200899268854935825625/1682	5/58	5/58
9881	20976644343341742276004395625/1682	11/58	9/58
9882	293464868790189324504132025/98	1/2	3/14
9883	500759889126596435160557663125/4802	47/98	41/98
9884	40453492496368798690785955325/1444	11/38	0
9885	292062669952733190639184298125/4802	37/98	3/14
9886	20976644343341742276004395625/1682	1/2	17/58
9887	584019754966454605299519078125/3698	5/86	3/86
9888	7039420992329251026845703125/98	1/2	1/14
9889	30047625681003036233195485625/1682	5/58	1/58
9890	126843883823084141064161598125/1682	21/58	5/58
9891	52830062912681487447182033125/1682	27/58	25/58
9892	96447453472434951367394941625/3362	39/82	17/82
9893	18568790410718789929628149625/1444	13/38	1/19
9894	32731003510413412196013321625/1444	8/19	5/38
9895	303936886429067301815421453125/3698	37/86	23/86
9896	8286518668920323654189453125/98	5/14	5/14
9897	303936886429067301815421453125/3698	29/86	5/86
9898	370209358749552407067152470625/4802	31/98	9/98
9899	435369053533528837735603703125/3698	39/86	19/86
9900	26820605735062978515625/2	1/2	1/2
9901	463273402576835972033243703125/3698	35/86	29/86
9902	435369053533528837735603703125/3698	25/86	15/86
9903	37711873308367026970481912125/1444	9/19	5/38
9904	8286518668920323654189453125/98	1/2	1/14
9905	187069221835796650638772739125/3362	19/82	9/82
9906	558099953474034710825371975625/4802	27/98	3/98
9907	1124237003406711102653890374125/6962	45/118	33/118
9908	194044220466781690947168287125/3698	15/86	15/86
9909	714051785050224736210361703125/5618	45/106	3/106
9910	6657087476263981359353452325/722	3/38	1/38
9911	917445444828357336450520203125/5618	15/106	13/106
9912	7039420992329251026845703125/98	5/14	5/14
9913	540470135645750214700660515625/5618	37/106	25/106
9914	418582080891511052261246515625/5618	11/106	11/106
9915	591193248269453754224647140625/5618	39/106	1/106
9916	400081215437742607962406890625/5618	45/106	39/106
9917	316827320895784608617628578125/5618	23/106	17/106
9918	187069221835796650638772739125/3362	1/2	27/82
9919	300683253588993036203991453125/5618	23/106	13/106
9920	29664673835568636640140625/36	1/2	1/3
9921	252074291807595053571689890625/5618	49/106	21/106
9922	219962917055035174135805828125/5618	7/106	7/106
9923	219962917055035174135805828125/5618	29/106	23/106
9924	239229741906571101797336265625/5618	13/106	7/106
9925	219962917055035174135805828125/5618	47/106	3/106
9926	219962917055035174135805828125/5618	49/106	33/106
9927	219962917055035174135805828125/5618	37/106	1/106
9928	219962917055035174135805828125/5618	41/106	31/106
9929	300683253588993036203991453125/5618	49/106	29/106
9930	28743470087824976192438094625/1444	7/19	1/38
9931	194044220466781690947168287125/3698	9/86	5/86
9932	344578619076437275065888015625/5618	1/2	7/106
9933	512930256122399885289161890625/5618	25/106	21/106
9934	316827320895784608617628578125/5618	15/106	13/106
9935	768675381016667767454673265625/5618	45/106	33/106
9936	24821471527577254113325625/98	3/14	3/14
9937	778796016136281911530937078125/5618	47/106	39/106
9938	615855354100794801020783640625/5618	25/106	21/106
9939	682491485158502095935870578125/5618	31/106	5/106
9940	813648314541925977990962328125/5618	47/106	45/106
9941	878095705792771600010048453125/5618	51/106	25/106
9942	714051785050224736210361703125/5618	13/106	13/106
9943	933760026604140039659703765625/5618	43/106	17/106
9944	1050576780524885248800160328125/5618	1/2	51/106
9945	92250531041584738319145579125/3698	17/86	7/86
9946	1099158365751469537762017453125/5618	41/106	37/106
9947	1373831174532542248430978890625/5618	51/106	25/106
9948	82078783082916470465166514625/1444	4/19	5/38
9949	71238066463840955956028994125/1444	2/19	1/38
9950	1387988301277403138925759265625/5618	1/2	7/106
9951	1580541591628025539701587140625/5618	47/106	37/106
9952	4445736619096707274585523525/722	1/2	13/38
9953	413257619953058490558738765625/1458	25/54	11/54
9954	143054498300328107924554722625/3698	1/2	39/86
9955	364157704711110947126017328125/1458	7/54	1/54
9956	28743470087824976192438094625/1444	1/2	4/19
9957	337430533723139501465392203125/1458	17/54	1/18
9958	337430533723139501465392203125/1458	17/54	5/18
9959	413257619953058490558738765625/1458	19/54	13/54
9960	27841393938221142580750515625/144	5/12	0
9961	994052112860059612425074328125/2738	35/74	27/74
9962	1959931560081240483486984015625/5618	21/106	3/106
9963	1007055337162571213274190225/98	3/14	3/14
9964	686235130380766851294786390625/1458	11/54	11/54
9965	386087985052462539719623499125/3698	13/86	7/86
9966	51476815664088721382506649125/3698	9/86	9/86
9967	4225525573516866993767455538125/5618	21/106	11/106
9968	59819575435686560891845703125/256	7/16	3/8
9969	4380590732178036424731398860625/5618	33/106	9/106
9970	143054498300328107924554722625/3698	31/86	1/86
9971	2410272439940438179288610145125/3698	35/86	21/86
9972	10509109963651653367431640625/162	1/2	5/18
9973	3671889462575578527266954873825/7396	13/86	3/43
9974	71238066463840955956028994125/1444	13/38	0
9975	1336443287702534945304699128125/3698	35/86	31/86
9976	2258600740831239348004828158025/6962	3/118	3/118
9977	3040365308176028745926382435625/4802	47/98	13/98
9978	626002102279053911041294490125/3362	5/82	5/82
9979	51476815664088721382506649125/3698	29/86	3/86
9980	96550593558413699577610570625/144	1/3	1/12
9981	11809206041629177495361328125/162	1/6	1/18
9982	70078279659820801725247033025/3698	39/86	39/86
9983	1027820463836978887600186553125/1682	21/58	17/58
9984	99761957308837890625/2	1/2	1/2
9985	1040517277880498175713134765625/1058	9/46	1/46
9986	647026308826254653273444754625/3698	11/86	11/86
9987	307240334505672290280517578125/1058	5/46	1/46
9988	124149967189861033922516036125/3698	33/86	31/86
9989	1543953144258318215402771253125/3698	37/86	13/86
9990	10509109963651653367431640625/162	5/18	1/6
9991	751732806859612321075948728125/1682	25/58	13/58
9992	164022949353028081313689069625/3698	1/2	9/86
9993	70078279659820801725247033025/3698	17/86	1/86
9994	252190219015420185676761690625/1682	1/2	25/58
9995	422206097003343906357724628125/1682	27/58	17/58
9996	23029530503164468250455320625/242	1/22	1/22
9997	203769696964459510026823446025/1682	19/58	17/58
9998	79526319863435119240642740625/3698	1/2	25/86
9999	28077098832625173620418130625/242	9/22	1/22
10000	1599656313687708648125/2	1/2	1/2
